date,student_id,student_name,year,status,remarks
2026-10-06,24UAD117,BAVANI M,3rd Year,A,
2026-10-06,24UAD124,DHARSHIKA PUGALENTHI,3rd Year,P,
2026-10-06,24UAD203,NARESH KALYAN S M,3rd Year,P,
2026-10-06,24UAD209,Omar Farooq.S.H,3rd Year,P,
2026-10-06,24UAD213,PRANAV A,3rd Year,P,
2026-10-06,24UAD216,PRAVEEN  R S,3rd Year,P,
2026-10-06,24UAD225,SADHANAMATHI V,3rd Year,P,
2026-10-06,24UAD240,SHARUKH SAMEER M A,3rd Year,P,
2026-10-06,24UAD241,SHARUKHSAMEER S,3rd Year,P,
2026-10-06,24UAD611,VIGHAS E,3rd Year,P,
2026-10-06,24UAM106,AKSHAYAA A S,3rd Year,P,
2026-10-06,24UAM115,DINESH KUMAR  S,3rd Year,P,
2026-10-06,24UCB103,ABIRAMI R,3rd Year,P,
2026-10-06,24UCB113,EBEN F JOEL,3rd Year,P,
2026-10-06,24UCB151,SHREE NITHI B,3rd Year,P,
2026-10-06,24UCS223,RAMYA S,3rd Year,P,
2026-10-06,24UCS235,SARAVANAMARIAPPAN M,3rd Year,P,
2026-10-06,24UCY104,AKSHATHA A,3rd Year,P,
2026-10-06,24UCY109,BHAVATHARINI S,3rd Year,P,
2026-10-06,24UCY119,KAVYA T,3rd Year,P,
2026-10-06,24UCY121,KOSALAIRAMAN M,3rd Year,P,
2026-10-06,24UCY155,SUHANA V,3rd Year,P,
2026-10-06,24UCY161,VISHRUTHAKAVI D M,3rd Year,P,
2026-10-06,24UEC212,NIVETHA S,3rd Year,P,
2026-10-07,24UAD117,BAVANI M,3rd Year,H,Onam Celebration
2026-10-07,24UAD124,DHARSHIKA PUGALENTHI,3rd Year,H,Onam Celebration
2026-10-07,24UAD203,NARESH KALYAN S M,3rd Year,H,Onam Celebration
2026-10-07,24UAD209,Omar Farooq.S.H,3rd Year,H,Onam Celebration
2026-10-07,24UAD213,PRANAV A,3rd Year,H,Onam Celebration
2026-10-07,24UAD216,PRAVEEN  R S,3rd Year,H,Onam Celebration
2026-10-07,24UAD225,SADHANAMATHI V,3rd Year,H,Onam Celebration
2026-10-07,24UAD240,SHARUKH SAMEER M A,3rd Year,H,Onam Celebration
2026-10-07,24UAD241,SHARUKHSAMEER S,3rd Year,H,Onam Celebration
2026-10-07,24UAD611,VIGHAS E,3rd Year,H,Onam Celebration
2026-10-07,24UAM106,AKSHAYAA A S,3rd Year,H,Onam Celebration
2026-10-07,24UAM115,DINESH KUMAR  S,3rd Year,H,Onam Celebration
2026-10-07,24UCB103,ABIRAMI R,3rd Year,H,Onam Celebration
2026-10-07,24UCB113,EBEN F JOEL,3rd Year,H,Onam Celebration
2026-10-07,24UCB151,SHREE NITHI B,3rd Year,H,Onam Celebration
2026-10-07,24UCS223,RAMYA S,3rd Year,H,Onam Celebration
2026-10-07,24UCS235,SARAVANAMARIAPPAN M,3rd Year,H,Onam Celebration
2026-10-07,24UCY104,AKSHATHA A,3rd Year,H,Onam Celebration
2026-10-07,24UCY109,BHAVATHARINI S,3rd Year,H,Onam Celebration
2026-10-07,24UCY119,KAVYA T,3rd Year,H,Onam Celebration
2026-10-07,24UCY121,KOSALAIRAMAN M,3rd Year,H,Onam Celebration
2026-10-07,24UCY155,SUHANA V,3rd Year,H,Onam Celebration
2026-10-07,24UCY161,VISHRUTHAKAVI D M,3rd Year,H,Onam Celebration
2026-10-07,24UEC212,NIVETHA S,3rd Year,H,Onam Celebration
2026-10-05,24UAD117,BAVANI M,3rd Year,H,Institutional Event
2026-10-05,24UAD124,DHARSHIKA PUGALENTHI,3rd Year,H,Institutional Event
2026-10-05,24UAD203,NARESH KALYAN S M,3rd Year,H,Institutional Event
2026-10-05,24UAD209,Omar Farooq.S.H,3rd Year,H,Institutional Event
2026-10-05,24UAD213,PRANAV A,3rd Year,H,Institutional Event
2026-10-05,24UAD216,PRAVEEN  R S,3rd Year,H,Institutional Event
2026-10-05,24UAD225,SADHANAMATHI V,3rd Year,H,Institutional Event
2026-10-05,24UAD240,SHARUKH SAMEER M A,3rd Year,H,Institutional Event
2026-10-05,24UAD241,SHARUKHSAMEER S,3rd Year,H,Institutional Event
2026-10-05,24UAD611,VIGHAS E,3rd Year,H,Institutional Event
2026-10-05,24UAM106,AKSHAYAA A S,3rd Year,H,Institutional Event
2026-10-05,24UAM115,DINESH KUMAR  S,3rd Year,H,Institutional Event
2026-10-05,24UCB103,ABIRAMI R,3rd Year,H,Institutional Event
2026-10-05,24UCB113,EBEN F JOEL,3rd Year,H,Institutional Event
2026-10-05,24UCB151,SHREE NITHI B,3rd Year,H,Institutional Event
2026-10-05,24UCS223,RAMYA S,3rd Year,H,Institutional Event
2026-10-05,24UCS235,SARAVANAMARIAPPAN M,3rd Year,H,Institutional Event
2026-10-05,24UCY104,AKSHATHA A,3rd Year,H,Institutional Event
2026-10-05,24UCY109,BHAVATHARINI S,3rd Year,H,Institutional Event
2026-10-05,24UCY119,KAVYA T,3rd Year,H,Institutional Event
2026-10-05,24UCY121,KOSALAIRAMAN M,3rd Year,H,Institutional Event
2026-10-05,24UCY155,SUHANA V,3rd Year,H,Institutional Event
2026-10-05,24UCY161,VISHRUTHAKAVI D M,3rd Year,H,Institutional Event
2026-10-05,24UEC212,NIVETHA S,3rd Year,H,Institutional Event
2026-08-08,24UAD117,BAVANI M,3rd Year,H,Add ON
2026-08-09,24UAD117,BAVANI M,3rd Year,H,Sunday
2026-08-14,24UAD117,BAVANI M,3rd Year,P,
2026-08-15,24UAD117,BAVANI M,3rd Year,H,Add ON
2026-08-16,24UAD117,BAVANI M,3rd Year,H,Sunday
2026-08-17,24UAD117,BAVANI M,3rd Year,P,
2026-08-18,24UAD117,BAVANI M,3rd Year,P,
2026-08-19,24UAD117,BAVANI M,3rd Year,P,
2026-08-20,24UAD117,BAVANI M,3rd Year,H,Elite
2026-08-21,24UAD117,BAVANI M,3rd Year,A,
2026-08-22,24UAD117,BAVANI M,3rd Year,H,Add ON
2026-08-23,24UAD117,BAVANI M,3rd Year,H,Saturday
2026-08-24,24UAD117,BAVANI M,3rd Year,P,
2026-08-25,24UAD117,BAVANI M,3rd Year,H,Onam celebrations
2026-08-26,24UAD117,BAVANI M,3rd Year,H,Onam
2026-08-27,24UAD117,BAVANI M,3rd Year,A,
2026-08-28,24UAD117,BAVANI M,3rd Year,H,IA1
2026-08-29,24UAD117,BAVANI M,3rd Year,H,Add ON
2026-08-30,24UAD117,BAVANI M,3rd Year,H,Holiday
2026-08-31,24UAD117,BAVANI M,3rd Year,H,IA1
2026-09-01,24UAD117,BAVANI M,3rd Year,H,IA1
2026-09-02,24UAD117,BAVANI M,3rd Year,H,IA1
2026-09-03,24UAD117,BAVANI M,3rd Year,H,IA1
2026-09-04,24UAD117,BAVANI M,3rd Year,H,Krishnastami
2026-09-05,24UAD117,BAVANI M,3rd Year,H,Add ON
2026-09-06,24UAD117,BAVANI M,3rd Year,H,Sunday
2026-09-07,24UAD117,BAVANI M,3rd Year,P,
2026-09-08,24UAD117,BAVANI M,3rd Year,P,
2026-09-09,24UAD117,BAVANI M,3rd Year,P,
2026-09-10,24UAD117,BAVANI M,3rd Year,P,
2026-09-11,24UAD117,BAVANI M,3rd Year,P,
2026-09-12,24UAD117,BAVANI M,3rd Year,H,Add ON
2026-09-13,24UAD117,BAVANI M,3rd Year,H,Sunday
2026-09-14,24UAD117,BAVANI M,3rd Year,H,Vinayaka Chavithi
2026-09-15,24UAD117,BAVANI M,3rd Year,P,
2026-09-16,24UAD117,BAVANI M,3rd Year,P,
2026-09-17,24UAD117,BAVANI M,3rd Year,P,
2026-09-18,24UAD117,BAVANI M,3rd Year,P,
2026-09-19,24UAD117,BAVANI M,3rd Year,H,Add ON
2026-09-20,24UAD117,BAVANI M,3rd Year,H,Sunday
2026-09-21,24UAD117,BAVANI M,3rd Year,P,
2026-09-22,24UAD117,BAVANI M,3rd Year,P,
2026-09-23,24UAD117,BAVANI M,3rd Year,P,
2026-09-24,24UAD117,BAVANI M,3rd Year,P,
2026-09-25,24UAD117,BAVANI M,3rd Year,P,
2026-09-26,24UAD117,BAVANI M,3rd Year,H,Add ON
2026-09-27,24UAD117,BAVANI M,3rd Year,H,Sunday
2026-09-28,24UAD117,BAVANI M,3rd Year,P,
2026-09-29,24UAD117,BAVANI M,3rd Year,P,
2026-09-30,24UAD117,BAVANI M,3rd Year,P,
2026-10-01,24UAD117,BAVANI M,3rd Year,P,
2026-10-03,24UAD117,BAVANI M,3rd Year,H,Add ON
2026-10-04,24UAD117,BAVANI M,3rd Year,H,Sunday
2026-10-10,24UAD117,BAVANI M,3rd Year,H,Add ON
2026-10-11,24UAD117,BAVANI M,3rd Year,H,Sunday
2026-10-17,24UAD117,BAVANI M,3rd Year,H,Add ON
2026-10-18,24UAD117,BAVANI M,3rd Year,H,Sunday
2026-10-24,24UAD117,BAVANI M,3rd Year,H,Add ON
2026-10-25,24UAD117,BAVANI M,3rd Year,H,Sunday
2026-10-31,24UAD117,BAVANI M,3rd Year,H,Add ON
2026-11-01,24UAD117,BAVANI M,3rd Year,H,Sunday
2026-11-07,24UAD117,BAVANI M,3rd Year,H,Add ON
2026-11-08,24UAD117,BAVANI M,3rd Year,H,Sunday
2026-11-14,24UAD117,BAVANI M,3rd Year,H,Add ON
2026-11-15,24UAD117,BAVANI M,3rd Year,H,Sunday
2026-11-21,24UAD117,BAVANI M,3rd Year,H,Add ON
2026-11-22,24UAD117,BAVANI M,3rd Year,H,Sunday
2026-11-28,24UAD117,BAVANI M,3rd Year,H,Add ON
2026-11-29,24UAD117,BAVANI M,3rd Year,H,Sunday
2026-08-14,24UAD124,DHARSHIKA PUGALENTHI,3rd Year,P,
2026-08-17,24UAD124,DHARSHIKA PUGALENTHI,3rd Year,P,
2026-08-18,24UAD124,DHARSHIKA PUGALENTHI,3rd Year,P,
2026-08-19,24UAD124,DHARSHIKA PUGALENTHI,3rd Year,P,
2026-08-21,24UAD124,DHARSHIKA PUGALENTHI,3rd Year,P,
2026-08-24,24UAD124,DHARSHIKA PUGALENTHI,3rd Year,P,
2026-08-27,24UAD124,DHARSHIKA PUGALENTHI,3rd Year,P,
2026-09-07,24UAD124,DHARSHIKA PUGALENTHI,3rd Year,A,
2026-09-08,24UAD124,DHARSHIKA PUGALENTHI,3rd Year,A,
2026-09-09,24UAD124,DHARSHIKA PUGALENTHI,3rd Year,A,
2026-09-10,24UAD124,DHARSHIKA PUGALENTHI,3rd Year,A,
2026-09-11,24UAD124,DHARSHIKA PUGALENTHI,3rd Year,A,
2026-09-15,24UAD124,DHARSHIKA PUGALENTHI,3rd Year,A,
2026-09-16,24UAD124,DHARSHIKA PUGALENTHI,3rd Year,A,
2026-09-17,24UAD124,DHARSHIKA PUGALENTHI,3rd Year,A,
2026-09-18,24UAD124,DHARSHIKA PUGALENTHI,3rd Year,A,
2026-09-21,24UAD124,DHARSHIKA PUGALENTHI,3rd Year,A,
2026-09-22,24UAD124,DHARSHIKA PUGALENTHI,3rd Year,A,
2026-09-23,24UAD124,DHARSHIKA PUGALENTHI,3rd Year,A,
2026-09-24,24UAD124,DHARSHIKA PUGALENTHI,3rd Year,A,
2026-09-25,24UAD124,DHARSHIKA PUGALENTHI,3rd Year,A,
2026-09-28,24UAD124,DHARSHIKA PUGALENTHI,3rd Year,A,
2026-09-29,24UAD124,DHARSHIKA PUGALENTHI,3rd Year,A,
2026-09-30,24UAD124,DHARSHIKA PUGALENTHI,3rd Year,A,
2026-10-01,24UAD124,DHARSHIKA PUGALENTHI,3rd Year,A,
2026-08-14,24UAD203,NARESH KALYAN S M,3rd Year,P,
2026-08-17,24UAD203,NARESH KALYAN S M,3rd Year,A,
2026-08-18,24UAD203,NARESH KALYAN S M,3rd Year,P,
2026-08-19,24UAD203,NARESH KALYAN S M,3rd Year,P,
2026-08-21,24UAD203,NARESH KALYAN S M,3rd Year,P,
2026-08-24,24UAD203,NARESH KALYAN S M,3rd Year,A,
2026-08-27,24UAD203,NARESH KALYAN S M,3rd Year,P,
2026-09-07,24UAD203,NARESH KALYAN S M,3rd Year,P,
2026-09-08,24UAD203,NARESH KALYAN S M,3rd Year,P,
2026-09-09,24UAD203,NARESH KALYAN S M,3rd Year,P,
2026-09-10,24UAD203,NARESH KALYAN S M,3rd Year,A,
2026-09-11,24UAD203,NARESH KALYAN S M,3rd Year,P,
2026-09-15,24UAD203,NARESH KALYAN S M,3rd Year,P,
2026-09-16,24UAD203,NARESH KALYAN S M,3rd Year,A,
2026-09-17,24UAD203,NARESH KALYAN S M,3rd Year,P,
2026-09-18,24UAD203,NARESH KALYAN S M,3rd Year,P,
2026-09-21,24UAD203,NARESH KALYAN S M,3rd Year,A,
2026-09-22,24UAD203,NARESH KALYAN S M,3rd Year,A,
2026-09-23,24UAD203,NARESH KALYAN S M,3rd Year,A,
2026-09-24,24UAD203,NARESH KALYAN S M,3rd Year,A,
2026-09-25,24UAD203,NARESH KALYAN S M,3rd Year,A,
2026-09-28,24UAD203,NARESH KALYAN S M,3rd Year,A,
2026-09-29,24UAD203,NARESH KALYAN S M,3rd Year,A,
2026-09-30,24UAD203,NARESH KALYAN S M,3rd Year,A,
2026-10-01,24UAD203,NARESH KALYAN S M,3rd Year,A,
2026-08-14,24UAD209,Omar Farooq.S.H,3rd Year,P,
2026-08-17,24UAD209,Omar Farooq.S.H,3rd Year,P,
2026-08-18,24UAD209,Omar Farooq.S.H,3rd Year,P,
2026-08-19,24UAD209,Omar Farooq.S.H,3rd Year,P,
2026-08-21,24UAD209,Omar Farooq.S.H,3rd Year,P,
2026-08-24,24UAD209,Omar Farooq.S.H,3rd Year,A,
2026-08-27,24UAD209,Omar Farooq.S.H,3rd Year,P,
2026-09-07,24UAD209,Omar Farooq.S.H,3rd Year,P,
2026-09-08,24UAD209,Omar Farooq.S.H,3rd Year,P,
2026-09-09,24UAD209,Omar Farooq.S.H,3rd Year,P,
2026-09-10,24UAD209,Omar Farooq.S.H,3rd Year,A,
2026-09-11,24UAD209,Omar Farooq.S.H,3rd Year,A,
2026-09-15,24UAD209,Omar Farooq.S.H,3rd Year,P,
2026-09-16,24UAD209,Omar Farooq.S.H,3rd Year,A,
2026-09-17,24UAD209,Omar Farooq.S.H,3rd Year,P,
2026-09-18,24UAD209,Omar Farooq.S.H,3rd Year,P,
2026-09-21,24UAD209,Omar Farooq.S.H,3rd Year,A,
2026-09-22,24UAD209,Omar Farooq.S.H,3rd Year,A,
2026-09-23,24UAD209,Omar Farooq.S.H,3rd Year,A,
2026-09-24,24UAD209,Omar Farooq.S.H,3rd Year,OD,
2026-09-25,24UAD209,Omar Farooq.S.H,3rd Year,A,
2026-09-28,24UAD209,Omar Farooq.S.H,3rd Year,P,
2026-09-29,24UAD209,Omar Farooq.S.H,3rd Year,P,
2026-09-30,24UAD209,Omar Farooq.S.H,3rd Year,P,
2026-10-01,24UAD209,Omar Farooq.S.H,3rd Year,A,
2026-08-14,24UAD213,PRANAV A,3rd Year,A,
2026-08-17,24UAD213,PRANAV A,3rd Year,A,
2026-08-18,24UAD213,PRANAV A,3rd Year,A,
2026-08-19,24UAD213,PRANAV A,3rd Year,A,
2026-08-21,24UAD213,PRANAV A,3rd Year,A,
2026-08-24,24UAD213,PRANAV A,3rd Year,P,
2026-08-27,24UAD213,PRANAV A,3rd Year,P,
2026-09-07,24UAD213,PRANAV A,3rd Year,P,
2026-09-08,24UAD213,PRANAV A,3rd Year,A,
2026-09-09,24UAD213,PRANAV A,3rd Year,A,
2026-09-10,24UAD213,PRANAV A,3rd Year,A,
2026-09-11,24UAD213,PRANAV A,3rd Year,A,
2026-09-15,24UAD213,PRANAV A,3rd Year,P,
2026-09-16,24UAD213,PRANAV A,3rd Year,A,
2026-09-17,24UAD213,PRANAV A,3rd Year,P,
2026-09-18,24UAD213,PRANAV A,3rd Year,P,
2026-09-21,24UAD213,PRANAV A,3rd Year,A,
2026-09-22,24UAD213,PRANAV A,3rd Year,A,
2026-09-23,24UAD213,PRANAV A,3rd Year,A,
2026-09-24,24UAD213,PRANAV A,3rd Year,A,
2026-09-25,24UAD213,PRANAV A,3rd Year,A,
2026-09-28,24UAD213,PRANAV A,3rd Year,A,
2026-09-29,24UAD213,PRANAV A,3rd Year,P,
2026-09-30,24UAD213,PRANAV A,3rd Year,P,
2026-10-01,24UAD213,PRANAV A,3rd Year,P,
2026-08-14,24UAD216,PRAVEEN  R S,3rd Year,A,
2026-08-17,24UAD216,PRAVEEN  R S,3rd Year,A,
2026-08-18,24UAD216,PRAVEEN  R S,3rd Year,A,
2026-08-19,24UAD216,PRAVEEN  R S,3rd Year,A,
2026-08-21,24UAD216,PRAVEEN  R S,3rd Year,A,
2026-08-24,24UAD216,PRAVEEN  R S,3rd Year,P,
2026-08-27,24UAD216,PRAVEEN  R S,3rd Year,P,
2026-09-07,24UAD216,PRAVEEN  R S,3rd Year,P,
2026-09-08,24UAD216,PRAVEEN  R S,3rd Year,A,
2026-09-09,24UAD216,PRAVEEN  R S,3rd Year,A,
2026-09-10,24UAD216,PRAVEEN  R S,3rd Year,A,
2026-09-11,24UAD216,PRAVEEN  R S,3rd Year,A,
2026-09-15,24UAD216,PRAVEEN  R S,3rd Year,A,
2026-09-16,24UAD216,PRAVEEN  R S,3rd Year,A,
2026-09-17,24UAD216,PRAVEEN  R S,3rd Year,P,
2026-09-18,24UAD216,PRAVEEN  R S,3rd Year,P,
2026-09-21,24UAD216,PRAVEEN  R S,3rd Year,A,
2026-09-22,24UAD216,PRAVEEN  R S,3rd Year,A,
2026-09-23,24UAD216,PRAVEEN  R S,3rd Year,A,
2026-09-24,24UAD216,PRAVEEN  R S,3rd Year,A,
2026-09-25,24UAD216,PRAVEEN  R S,3rd Year,A,
2026-09-28,24UAD216,PRAVEEN  R S,3rd Year,A,
2026-09-29,24UAD216,PRAVEEN  R S,3rd Year,P,
2026-09-30,24UAD216,PRAVEEN  R S,3rd Year,A,
2026-10-01,24UAD216,PRAVEEN  R S,3rd Year,P,
2026-08-14,24UAD225,SADHANAMATHI V,3rd Year,P,
2026-08-17,24UAD225,SADHANAMATHI V,3rd Year,P,
2026-08-18,24UAD225,SADHANAMATHI V,3rd Year,P,
2026-08-19,24UAD225,SADHANAMATHI V,3rd Year,P,
2026-08-21,24UAD225,SADHANAMATHI V,3rd Year,P,
2026-08-24,24UAD225,SADHANAMATHI V,3rd Year,P,
2026-08-27,24UAD225,SADHANAMATHI V,3rd Year,P,
2026-09-07,24UAD225,SADHANAMATHI V,3rd Year,P,
2026-09-08,24UAD225,SADHANAMATHI V,3rd Year,A,
2026-09-09,24UAD225,SADHANAMATHI V,3rd Year,P,
2026-09-10,24UAD225,SADHANAMATHI V,3rd Year,P,
2026-09-11,24UAD225,SADHANAMATHI V,3rd Year,P,
2026-09-15,24UAD225,SADHANAMATHI V,3rd Year,A,
2026-09-16,24UAD225,SADHANAMATHI V,3rd Year,P,
2026-09-17,24UAD225,SADHANAMATHI V,3rd Year,P,
2026-09-18,24UAD225,SADHANAMATHI V,3rd Year,P,
2026-09-21,24UAD225,SADHANAMATHI V,3rd Year,A,
2026-09-22,24UAD225,SADHANAMATHI V,3rd Year,P,
2026-09-23,24UAD225,SADHANAMATHI V,3rd Year,P,
2026-09-24,24UAD225,SADHANAMATHI V,3rd Year,P,
2026-09-25,24UAD225,SADHANAMATHI V,3rd Year,P,
2026-09-28,24UAD225,SADHANAMATHI V,3rd Year,P,
2026-09-29,24UAD225,SADHANAMATHI V,3rd Year,A,
2026-09-30,24UAD225,SADHANAMATHI V,3rd Year,P,
2026-10-01,24UAD225,SADHANAMATHI V,3rd Year,P,
2026-08-14,24UAD240,SHARUKH SAMEER M A,3rd Year,P,
2026-08-17,24UAD240,SHARUKH SAMEER M A,3rd Year,P,
2026-08-18,24UAD240,SHARUKH SAMEER M A,3rd Year,P,
2026-08-19,24UAD240,SHARUKH SAMEER M A,3rd Year,P,
2026-08-21,24UAD240,SHARUKH SAMEER M A,3rd Year,P,
2026-08-24,24UAD240,SHARUKH SAMEER M A,3rd Year,A,
2026-08-27,24UAD240,SHARUKH SAMEER M A,3rd Year,P,
2026-09-07,24UAD240,SHARUKH SAMEER M A,3rd Year,P,
2026-09-08,24UAD240,SHARUKH SAMEER M A,3rd Year,A,
2026-09-09,24UAD240,SHARUKH SAMEER M A,3rd Year,P,
2026-09-10,24UAD240,SHARUKH SAMEER M A,3rd Year,A,
2026-09-11,24UAD240,SHARUKH SAMEER M A,3rd Year,P,
2026-09-15,24UAD240,SHARUKH SAMEER M A,3rd Year,A,
2026-09-16,24UAD240,SHARUKH SAMEER M A,3rd Year,P,
2026-09-17,24UAD240,SHARUKH SAMEER M A,3rd Year,P,
2026-09-18,24UAD240,SHARUKH SAMEER M A,3rd Year,P,
2026-09-21,24UAD240,SHARUKH SAMEER M A,3rd Year,A,
2026-09-22,24UAD240,SHARUKH SAMEER M A,3rd Year,A,
2026-09-23,24UAD240,SHARUKH SAMEER M A,3rd Year,A,
2026-09-24,24UAD240,SHARUKH SAMEER M A,3rd Year,OD,
2026-09-25,24UAD240,SHARUKH SAMEER M A,3rd Year,A,
2026-09-28,24UAD240,SHARUKH SAMEER M A,3rd Year,P,
2026-09-29,24UAD240,SHARUKH SAMEER M A,3rd Year,P,
2026-09-30,24UAD240,SHARUKH SAMEER M A,3rd Year,P,
2026-10-01,24UAD240,SHARUKH SAMEER M A,3rd Year,P,
2026-08-14,24UAD241,SHARUKHSAMEER S,3rd Year,P,
2026-08-17,24UAD241,SHARUKHSAMEER S,3rd Year,P,
2026-08-18,24UAD241,SHARUKHSAMEER S,3rd Year,P,
2026-08-19,24UAD241,SHARUKHSAMEER S,3rd Year,P,
2026-08-21,24UAD241,SHARUKHSAMEER S,3rd Year,P,
2026-08-24,24UAD241,SHARUKHSAMEER S,3rd Year,A,
2026-08-27,24UAD241,SHARUKHSAMEER S,3rd Year,P,
2026-09-07,24UAD241,SHARUKHSAMEER S,3rd Year,P,
2026-09-08,24UAD241,SHARUKHSAMEER S,3rd Year,A,
2026-09-09,24UAD241,SHARUKHSAMEER S,3rd Year,P,
2026-09-10,24UAD241,SHARUKHSAMEER S,3rd Year,A,
2026-09-11,24UAD241,SHARUKHSAMEER S,3rd Year,P,
2026-09-15,24UAD241,SHARUKHSAMEER S,3rd Year,A,
2026-09-16,24UAD241,SHARUKHSAMEER S,3rd Year,P,
2026-09-17,24UAD241,SHARUKHSAMEER S,3rd Year,P,
2026-09-18,24UAD241,SHARUKHSAMEER S,3rd Year,P,
2026-09-21,24UAD241,SHARUKHSAMEER S,3rd Year,A,
2026-09-22,24UAD241,SHARUKHSAMEER S,3rd Year,A,
2026-09-23,24UAD241,SHARUKHSAMEER S,3rd Year,A,
2026-09-24,24UAD241,SHARUKHSAMEER S,3rd Year,OD,
2026-09-25,24UAD241,SHARUKHSAMEER S,3rd Year,A,
2026-09-28,24UAD241,SHARUKHSAMEER S,3rd Year,P,
2026-09-29,24UAD241,SHARUKHSAMEER S,3rd Year,P,
2026-09-30,24UAD241,SHARUKHSAMEER S,3rd Year,P,
2026-10-01,24UAD241,SHARUKHSAMEER S,3rd Year,P,
2026-08-14,24UAD611,VIGHAS E,3rd Year,P,
2026-08-17,24UAD611,VIGHAS E,3rd Year,P,
2026-08-18,24UAD611,VIGHAS E,3rd Year,P,
2026-08-19,24UAD611,VIGHAS E,3rd Year,P,
2026-08-21,24UAD611,VIGHAS E,3rd Year,P,
2026-08-24,24UAD611,VIGHAS E,3rd Year,P,
2026-08-27,24UAD611,VIGHAS E,3rd Year,A,
2026-09-07,24UAD611,VIGHAS E,3rd Year,A,
2026-09-08,24UAD611,VIGHAS E,3rd Year,P,
2026-09-09,24UAD611,VIGHAS E,3rd Year,P,
2026-09-10,24UAD611,VIGHAS E,3rd Year,P,
2026-09-11,24UAD611,VIGHAS E,3rd Year,P,
2026-09-15,24UAD611,VIGHAS E,3rd Year,P,
2026-09-16,24UAD611,VIGHAS E,3rd Year,P,
2026-09-17,24UAD611,VIGHAS E,3rd Year,P,
2026-09-18,24UAD611,VIGHAS E,3rd Year,P,
2026-09-21,24UAD611,VIGHAS E,3rd Year,P,
2026-09-22,24UAD611,VIGHAS E,3rd Year,P,
2026-09-23,24UAD611,VIGHAS E,3rd Year,P,
2026-09-24,24UAD611,VIGHAS E,3rd Year,P,
2026-09-25,24UAD611,VIGHAS E,3rd Year,P,
2026-09-28,24UAD611,VIGHAS E,3rd Year,P,
2026-09-29,24UAD611,VIGHAS E,3rd Year,P,
2026-09-30,24UAD611,VIGHAS E,3rd Year,A,
2026-10-01,24UAD611,VIGHAS E,3rd Year,P,
2026-08-14,24UAM106,AKSHAYAA A S,3rd Year,P,
2026-08-17,24UAM106,AKSHAYAA A S,3rd Year,P,
2026-08-18,24UAM106,AKSHAYAA A S,3rd Year,P,
2026-08-19,24UAM106,AKSHAYAA A S,3rd Year,P,
2026-08-21,24UAM106,AKSHAYAA A S,3rd Year,P,
2026-08-24,24UAM106,AKSHAYAA A S,3rd Year,P,
2026-08-27,24UAM106,AKSHAYAA A S,3rd Year,P,
2026-09-07,24UAM106,AKSHAYAA A S,3rd Year,A,
2026-09-08,24UAM106,AKSHAYAA A S,3rd Year,P,
2026-09-09,24UAM106,AKSHAYAA A S,3rd Year,P,
2026-09-10,24UAM106,AKSHAYAA A S,3rd Year,P,
2026-09-11,24UAM106,AKSHAYAA A S,3rd Year,P,
2026-09-15,24UAM106,AKSHAYAA A S,3rd Year,A,
2026-09-16,24UAM106,AKSHAYAA A S,3rd Year,P,
2026-09-17,24UAM106,AKSHAYAA A S,3rd Year,P,
2026-09-18,24UAM106,AKSHAYAA A S,3rd Year,P,
2026-09-21,24UAM106,AKSHAYAA A S,3rd Year,P,
2026-09-22,24UAM106,AKSHAYAA A S,3rd Year,A,
2026-09-23,24UAM106,AKSHAYAA A S,3rd Year,P,
2026-09-24,24UAM106,AKSHAYAA A S,3rd Year,P,
2026-09-25,24UAM106,AKSHAYAA A S,3rd Year,P,
2026-09-28,24UAM106,AKSHAYAA A S,3rd Year,P,
2026-09-29,24UAM106,AKSHAYAA A S,3rd Year,P,
2026-09-30,24UAM106,AKSHAYAA A S,3rd Year,P,
2026-10-01,24UAM106,AKSHAYAA A S,3rd Year,A,
2026-08-14,24UAM115,DINESH KUMAR  S,3rd Year,P,
2026-08-17,24UAM115,DINESH KUMAR  S,3rd Year,P,
2026-08-18,24UAM115,DINESH KUMAR  S,3rd Year,P,
2026-08-19,24UAM115,DINESH KUMAR  S,3rd Year,P,
2026-08-21,24UAM115,DINESH KUMAR  S,3rd Year,P,
2026-08-24,24UAM115,DINESH KUMAR  S,3rd Year,P,
2026-08-27,24UAM115,DINESH KUMAR  S,3rd Year,P,
2026-09-07,24UAM115,DINESH KUMAR  S,3rd Year,A,
2026-09-08,24UAM115,DINESH KUMAR  S,3rd Year,A,
2026-09-09,24UAM115,DINESH KUMAR  S,3rd Year,A,
2026-09-10,24UAM115,DINESH KUMAR  S,3rd Year,A,
2026-09-11,24UAM115,DINESH KUMAR  S,3rd Year,A,
2026-09-15,24UAM115,DINESH KUMAR  S,3rd Year,A,
2026-09-16,24UAM115,DINESH KUMAR  S,3rd Year,A,
2026-09-17,24UAM115,DINESH KUMAR  S,3rd Year,A,
2026-09-18,24UAM115,DINESH KUMAR  S,3rd Year,A,
2026-09-21,24UAM115,DINESH KUMAR  S,3rd Year,A,
2026-09-22,24UAM115,DINESH KUMAR  S,3rd Year,A,
2026-09-23,24UAM115,DINESH KUMAR  S,3rd Year,A,
2026-09-24,24UAM115,DINESH KUMAR  S,3rd Year,A,
2026-09-25,24UAM115,DINESH KUMAR  S,3rd Year,A,
2026-09-28,24UAM115,DINESH KUMAR  S,3rd Year,A,
2026-09-29,24UAM115,DINESH KUMAR  S,3rd Year,A,
2026-09-30,24UAM115,DINESH KUMAR  S,3rd Year,A,
2026-10-01,24UAM115,DINESH KUMAR  S,3rd Year,A,
2026-08-14,24UCB103,ABIRAMI R,3rd Year,P,
2026-08-17,24UCB103,ABIRAMI R,3rd Year,P,
2026-08-18,24UCB103,ABIRAMI R,3rd Year,P,
2026-08-19,24UCB103,ABIRAMI R,3rd Year,P,
2026-08-21,24UCB103,ABIRAMI R,3rd Year,P,
2026-08-24,24UCB103,ABIRAMI R,3rd Year,P,
2026-08-27,24UCB103,ABIRAMI R,3rd Year,P,
2026-09-07,24UCB103,ABIRAMI R,3rd Year,A,
2026-09-08,24UCB103,ABIRAMI R,3rd Year,A,
2026-09-09,24UCB103,ABIRAMI R,3rd Year,A,
2026-09-10,24UCB103,ABIRAMI R,3rd Year,A,
2026-09-11,24UCB103,ABIRAMI R,3rd Year,A,
2026-09-15,24UCB103,ABIRAMI R,3rd Year,A,
2026-09-16,24UCB103,ABIRAMI R,3rd Year,A,
2026-09-17,24UCB103,ABIRAMI R,3rd Year,A,
2026-09-18,24UCB103,ABIRAMI R,3rd Year,A,
2026-09-21,24UCB103,ABIRAMI R,3rd Year,A,
2026-09-22,24UCB103,ABIRAMI R,3rd Year,A,
2026-09-23,24UCB103,ABIRAMI R,3rd Year,A,
2026-09-24,24UCB103,ABIRAMI R,3rd Year,A,
2026-09-25,24UCB103,ABIRAMI R,3rd Year,A,
2026-09-28,24UCB103,ABIRAMI R,3rd Year,A,
2026-09-29,24UCB103,ABIRAMI R,3rd Year,A,
2026-09-30,24UCB103,ABIRAMI R,3rd Year,A,
2026-10-01,24UCB103,ABIRAMI R,3rd Year,A,
2026-08-14,24UCB113,EBEN F JOEL,3rd Year,A,
2026-08-17,24UCB113,EBEN F JOEL,3rd Year,P,
2026-08-18,24UCB113,EBEN F JOEL,3rd Year,P,
2026-08-19,24UCB113,EBEN F JOEL,3rd Year,P,
2026-08-21,24UCB113,EBEN F JOEL,3rd Year,P,
2026-08-24,24UCB113,EBEN F JOEL,3rd Year,P,
2026-08-27,24UCB113,EBEN F JOEL,3rd Year,P,
2026-09-07,24UCB113,EBEN F JOEL,3rd Year,A,
2026-09-08,24UCB113,EBEN F JOEL,3rd Year,P,
2026-09-09,24UCB113,EBEN F JOEL,3rd Year,P,
2026-09-10,24UCB113,EBEN F JOEL,3rd Year,P,
2026-09-11,24UCB113,EBEN F JOEL,3rd Year,P,
2026-09-15,24UCB113,EBEN F JOEL,3rd Year,P,
2026-09-16,24UCB113,EBEN F JOEL,3rd Year,P,
2026-09-17,24UCB113,EBEN F JOEL,3rd Year,P,
2026-09-18,24UCB113,EBEN F JOEL,3rd Year,P,
2026-09-21,24UCB113,EBEN F JOEL,3rd Year,A,
2026-09-22,24UCB113,EBEN F JOEL,3rd Year,P,
2026-09-23,24UCB113,EBEN F JOEL,3rd Year,P,
2026-09-24,24UCB113,EBEN F JOEL,3rd Year,A,
2026-09-25,24UCB113,EBEN F JOEL,3rd Year,P,
2026-09-28,24UCB113,EBEN F JOEL,3rd Year,P,
2026-09-29,24UCB113,EBEN F JOEL,3rd Year,A,
2026-09-30,24UCB113,EBEN F JOEL,3rd Year,P,
2026-10-01,24UCB113,EBEN F JOEL,3rd Year,P,
2026-08-14,24UCB151,SHREE NITHI B,3rd Year,P,
2026-08-17,24UCB151,SHREE NITHI B,3rd Year,P,
2026-08-18,24UCB151,SHREE NITHI B,3rd Year,P,
2026-08-19,24UCB151,SHREE NITHI B,3rd Year,P,
2026-08-21,24UCB151,SHREE NITHI B,3rd Year,P,
2026-08-24,24UCB151,SHREE NITHI B,3rd Year,P,
2026-08-27,24UCB151,SHREE NITHI B,3rd Year,P,
2026-09-07,24UCB151,SHREE NITHI B,3rd Year,P,
2026-09-08,24UCB151,SHREE NITHI B,3rd Year,P,
2026-09-09,24UCB151,SHREE NITHI B,3rd Year,P,
2026-09-10,24UCB151,SHREE NITHI B,3rd Year,P,
2026-09-11,24UCB151,SHREE NITHI B,3rd Year,P,
2026-09-15,24UCB151,SHREE NITHI B,3rd Year,OD,
2026-09-16,24UCB151,SHREE NITHI B,3rd Year,P,
2026-09-17,24UCB151,SHREE NITHI B,3rd Year,P,
2026-09-18,24UCB151,SHREE NITHI B,3rd Year,P,
2026-09-21,24UCB151,SHREE NITHI B,3rd Year,P,
2026-09-22,24UCB151,SHREE NITHI B,3rd Year,P,
2026-09-23,24UCB151,SHREE NITHI B,3rd Year,P,
2026-09-24,24UCB151,SHREE NITHI B,3rd Year,P,
2026-09-25,24UCB151,SHREE NITHI B,3rd Year,P,
2026-09-28,24UCB151,SHREE NITHI B,3rd Year,P,
2026-09-29,24UCB151,SHREE NITHI B,3rd Year,P,
2026-09-30,24UCB151,SHREE NITHI B,3rd Year,P,
2026-10-01,24UCB151,SHREE NITHI B,3rd Year,P,
2026-08-14,24UCS223,RAMYA S,3rd Year,P,
2026-08-17,24UCS223,RAMYA S,3rd Year,P,
2026-08-18,24UCS223,RAMYA S,3rd Year,P,
2026-08-19,24UCS223,RAMYA S,3rd Year,P,
2026-08-21,24UCS223,RAMYA S,3rd Year,P,
2026-08-24,24UCS223,RAMYA S,3rd Year,A,
2026-08-27,24UCS223,RAMYA S,3rd Year,A,
2026-09-07,24UCS223,RAMYA S,3rd Year,P,
2026-09-08,24UCS223,RAMYA S,3rd Year,P,
2026-09-09,24UCS223,RAMYA S,3rd Year,P,
2026-09-10,24UCS223,RAMYA S,3rd Year,P,
2026-09-11,24UCS223,RAMYA S,3rd Year,P,
2026-09-15,24UCS223,RAMYA S,3rd Year,A,
2026-09-16,24UCS223,RAMYA S,3rd Year,P,
2026-09-17,24UCS223,RAMYA S,3rd Year,P,
2026-09-18,24UCS223,RAMYA S,3rd Year,P,
2026-09-21,24UCS223,RAMYA S,3rd Year,P,
2026-09-22,24UCS223,RAMYA S,3rd Year,P,
2026-09-23,24UCS223,RAMYA S,3rd Year,P,
2026-09-24,24UCS223,RAMYA S,3rd Year,P,
2026-09-25,24UCS223,RAMYA S,3rd Year,P,
2026-09-28,24UCS223,RAMYA S,3rd Year,P,
2026-09-29,24UCS223,RAMYA S,3rd Year,P,
2026-09-30,24UCS223,RAMYA S,3rd Year,P,
2026-10-01,24UCS223,RAMYA S,3rd Year,P,
2026-08-14,24UCS235,SARAVANAMARIAPPAN M,3rd Year,P,
2026-08-17,24UCS235,SARAVANAMARIAPPAN M,3rd Year,P,
2026-08-18,24UCS235,SARAVANAMARIAPPAN M,3rd Year,P,
2026-08-19,24UCS235,SARAVANAMARIAPPAN M,3rd Year,P,
2026-08-21,24UCS235,SARAVANAMARIAPPAN M,3rd Year,P,
2026-08-24,24UCS235,SARAVANAMARIAPPAN M,3rd Year,A,
2026-08-27,24UCS235,SARAVANAMARIAPPAN M,3rd Year,P,
2026-09-07,24UCS235,SARAVANAMARIAPPAN M,3rd Year,P,
2026-09-08,24UCS235,SARAVANAMARIAPPAN M,3rd Year,P,
2026-09-09,24UCS235,SARAVANAMARIAPPAN M,3rd Year,P,
2026-09-10,24UCS235,SARAVANAMARIAPPAN M,3rd Year,P,
2026-09-11,24UCS235,SARAVANAMARIAPPAN M,3rd Year,P,
2026-09-15,24UCS235,SARAVANAMARIAPPAN M,3rd Year,A,
2026-09-16,24UCS235,SARAVANAMARIAPPAN M,3rd Year,P,
2026-09-17,24UCS235,SARAVANAMARIAPPAN M,3rd Year,P,
2026-09-18,24UCS235,SARAVANAMARIAPPAN M,3rd Year,P,
2026-09-21,24UCS235,SARAVANAMARIAPPAN M,3rd Year,P,
2026-09-22,24UCS235,SARAVANAMARIAPPAN M,3rd Year,P,
2026-09-23,24UCS235,SARAVANAMARIAPPAN M,3rd Year,P,
2026-09-24,24UCS235,SARAVANAMARIAPPAN M,3rd Year,P,
2026-09-25,24UCS235,SARAVANAMARIAPPAN M,3rd Year,P,
2026-09-28,24UCS235,SARAVANAMARIAPPAN M,3rd Year,P,
2026-09-29,24UCS235,SARAVANAMARIAPPAN M,3rd Year,P,
2026-09-30,24UCS235,SARAVANAMARIAPPAN M,3rd Year,P,
2026-10-01,24UCS235,SARAVANAMARIAPPAN M,3rd Year,P,
2026-08-14,24UCY104,AKSHATHA A,3rd Year,P,
2026-08-17,24UCY104,AKSHATHA A,3rd Year,P,
2026-08-18,24UCY104,AKSHATHA A,3rd Year,P,
2026-08-19,24UCY104,AKSHATHA A,3rd Year,P,
2026-08-21,24UCY104,AKSHATHA A,3rd Year,A,
2026-08-24,24UCY104,AKSHATHA A,3rd Year,P,
2026-08-27,24UCY104,AKSHATHA A,3rd Year,A,
2026-09-07,24UCY104,AKSHATHA A,3rd Year,P,
2026-09-08,24UCY104,AKSHATHA A,3rd Year,P,
2026-09-09,24UCY104,AKSHATHA A,3rd Year,P,
2026-09-10,24UCY104,AKSHATHA A,3rd Year,P,
2026-09-11,24UCY104,AKSHATHA A,3rd Year,P,
2026-09-15,24UCY104,AKSHATHA A,3rd Year,P,
2026-09-16,24UCY104,AKSHATHA A,3rd Year,P,
2026-09-17,24UCY104,AKSHATHA A,3rd Year,P,
2026-09-18,24UCY104,AKSHATHA A,3rd Year,P,
2026-09-21,24UCY104,AKSHATHA A,3rd Year,A,
2026-09-22,24UCY104,AKSHATHA A,3rd Year,P,
2026-09-23,24UCY104,AKSHATHA A,3rd Year,P,
2026-09-24,24UCY104,AKSHATHA A,3rd Year,P,
2026-09-25,24UCY104,AKSHATHA A,3rd Year,P,
2026-09-28,24UCY104,AKSHATHA A,3rd Year,P,
2026-09-29,24UCY104,AKSHATHA A,3rd Year,P,
2026-09-30,24UCY104,AKSHATHA A,3rd Year,P,
2026-10-01,24UCY104,AKSHATHA A,3rd Year,P,
2026-08-14,24UCY109,BHAVATHARINI S,3rd Year,OD,
2026-08-17,24UCY109,BHAVATHARINI S,3rd Year,P,
2026-08-18,24UCY109,BHAVATHARINI S,3rd Year,P,
2026-08-19,24UCY109,BHAVATHARINI S,3rd Year,P,
2026-08-21,24UCY109,BHAVATHARINI S,3rd Year,A,
2026-08-24,24UCY109,BHAVATHARINI S,3rd Year,P,
2026-08-27,24UCY109,BHAVATHARINI S,3rd Year,P,
2026-09-07,24UCY109,BHAVATHARINI S,3rd Year,P,
2026-09-08,24UCY109,BHAVATHARINI S,3rd Year,P,
2026-09-09,24UCY109,BHAVATHARINI S,3rd Year,P,
2026-09-10,24UCY109,BHAVATHARINI S,3rd Year,P,
2026-09-11,24UCY109,BHAVATHARINI S,3rd Year,OD,
2026-09-15,24UCY109,BHAVATHARINI S,3rd Year,P,
2026-09-16,24UCY109,BHAVATHARINI S,3rd Year,P,
2026-09-17,24UCY109,BHAVATHARINI S,3rd Year,P,
2026-09-18,24UCY109,BHAVATHARINI S,3rd Year,P,
2026-09-21,24UCY109,BHAVATHARINI S,3rd Year,P,
2026-09-22,24UCY109,BHAVATHARINI S,3rd Year,P,
2026-09-23,24UCY109,BHAVATHARINI S,3rd Year,P,
2026-09-24,24UCY109,BHAVATHARINI S,3rd Year,P,
2026-09-25,24UCY109,BHAVATHARINI S,3rd Year,P,
2026-09-28,24UCY109,BHAVATHARINI S,3rd Year,P,
2026-09-29,24UCY109,BHAVATHARINI S,3rd Year,A,
2026-09-30,24UCY109,BHAVATHARINI S,3rd Year,P,
2026-10-01,24UCY109,BHAVATHARINI S,3rd Year,P,
2026-08-14,24UCY119,KAVYA T,3rd Year,P,
2026-08-17,24UCY119,KAVYA T,3rd Year,P,
2026-08-18,24UCY119,KAVYA T,3rd Year,P,
2026-08-19,24UCY119,KAVYA T,3rd Year,P,
2026-08-21,24UCY119,KAVYA T,3rd Year,P,
2026-08-24,24UCY119,KAVYA T,3rd Year,P,
2026-08-27,24UCY119,KAVYA T,3rd Year,P,
2026-09-07,24UCY119,KAVYA T,3rd Year,P,
2026-09-08,24UCY119,KAVYA T,3rd Year,P,
2026-09-09,24UCY119,KAVYA T,3rd Year,P,
2026-09-10,24UCY119,KAVYA T,3rd Year,P,
2026-09-11,24UCY119,KAVYA T,3rd Year,P,
2026-09-15,24UCY119,KAVYA T,3rd Year,P,
2026-09-16,24UCY119,KAVYA T,3rd Year,P,
2026-09-17,24UCY119,KAVYA T,3rd Year,P,
2026-09-18,24UCY119,KAVYA T,3rd Year,P,
2026-09-21,24UCY119,KAVYA T,3rd Year,P,
2026-09-22,24UCY119,KAVYA T,3rd Year,P,
2026-09-23,24UCY119,KAVYA T,3rd Year,P,
2026-09-24,24UCY119,KAVYA T,3rd Year,P,
2026-09-25,24UCY119,KAVYA T,3rd Year,P,
2026-09-28,24UCY119,KAVYA T,3rd Year,P,
2026-09-29,24UCY119,KAVYA T,3rd Year,P,
2026-09-30,24UCY119,KAVYA T,3rd Year,P,
2026-10-01,24UCY119,KAVYA T,3rd Year,P,
2026-08-14,24UCY121,KOSALAIRAMAN M,3rd Year,A,
2026-08-17,24UCY121,KOSALAIRAMAN M,3rd Year,A,
2026-08-18,24UCY121,KOSALAIRAMAN M,3rd Year,A,
2026-08-19,24UCY121,KOSALAIRAMAN M,3rd Year,A,
2026-08-21,24UCY121,KOSALAIRAMAN M,3rd Year,A,
2026-08-24,24UCY121,KOSALAIRAMAN M,3rd Year,A,
2026-08-27,24UCY121,KOSALAIRAMAN M,3rd Year,A,
2026-09-07,24UCY121,KOSALAIRAMAN M,3rd Year,A,
2026-09-08,24UCY121,KOSALAIRAMAN M,3rd Year,A,
2026-09-09,24UCY121,KOSALAIRAMAN M,3rd Year,P,
2026-09-10,24UCY121,KOSALAIRAMAN M,3rd Year,P,
2026-09-11,24UCY121,KOSALAIRAMAN M,3rd Year,P,
2026-09-15,24UCY121,KOSALAIRAMAN M,3rd Year,P,
2026-09-16,24UCY121,KOSALAIRAMAN M,3rd Year,A,
2026-09-17,24UCY121,KOSALAIRAMAN M,3rd Year,P,
2026-09-18,24UCY121,KOSALAIRAMAN M,3rd Year,P,
2026-09-21,24UCY121,KOSALAIRAMAN M,3rd Year,A,
2026-09-22,24UCY121,KOSALAIRAMAN M,3rd Year,A,
2026-09-23,24UCY121,KOSALAIRAMAN M,3rd Year,A,
2026-09-24,24UCY121,KOSALAIRAMAN M,3rd Year,A,
2026-09-25,24UCY121,KOSALAIRAMAN M,3rd Year,A,
2026-09-28,24UCY121,KOSALAIRAMAN M,3rd Year,A,
2026-09-29,24UCY121,KOSALAIRAMAN M,3rd Year,A,
2026-09-30,24UCY121,KOSALAIRAMAN M,3rd Year,A,
2026-10-01,24UCY121,KOSALAIRAMAN M,3rd Year,A,
2026-08-14,24UCY155,SUHANA V,3rd Year,A,
2026-08-17,24UCY155,SUHANA V,3rd Year,P,
2026-08-18,24UCY155,SUHANA V,3rd Year,P,
2026-08-19,24UCY155,SUHANA V,3rd Year,P,
2026-08-21,24UCY155,SUHANA V,3rd Year,P,
2026-08-24,24UCY155,SUHANA V,3rd Year,P,
2026-08-27,24UCY155,SUHANA V,3rd Year,P,
2026-09-07,24UCY155,SUHANA V,3rd Year,P,
2026-09-08,24UCY155,SUHANA V,3rd Year,P,
2026-09-09,24UCY155,SUHANA V,3rd Year,P,
2026-09-10,24UCY155,SUHANA V,3rd Year,P,
2026-09-11,24UCY155,SUHANA V,3rd Year,P,
2026-09-15,24UCY155,SUHANA V,3rd Year,P,
2026-09-16,24UCY155,SUHANA V,3rd Year,P,
2026-09-17,24UCY155,SUHANA V,3rd Year,P,
2026-09-18,24UCY155,SUHANA V,3rd Year,P,
2026-09-21,24UCY155,SUHANA V,3rd Year,P,
2026-09-22,24UCY155,SUHANA V,3rd Year,P,
2026-09-23,24UCY155,SUHANA V,3rd Year,P,
2026-09-24,24UCY155,SUHANA V,3rd Year,P,
2026-09-25,24UCY155,SUHANA V,3rd Year,P,
2026-09-28,24UCY155,SUHANA V,3rd Year,P,
2026-09-29,24UCY155,SUHANA V,3rd Year,P,
2026-09-30,24UCY155,SUHANA V,3rd Year,P,
2026-10-01,24UCY155,SUHANA V,3rd Year,P,
2026-08-14,24UCY161,VISHRUTHAKAVI D M,3rd Year,A,
2026-08-17,24UCY161,VISHRUTHAKAVI D M,3rd Year,P,
2026-08-18,24UCY161,VISHRUTHAKAVI D M,3rd Year,P,
2026-08-19,24UCY161,VISHRUTHAKAVI D M,3rd Year,P,
2026-08-21,24UCY161,VISHRUTHAKAVI D M,3rd Year,P,
2026-08-24,24UCY161,VISHRUTHAKAVI D M,3rd Year,A,
2026-08-27,24UCY161,VISHRUTHAKAVI D M,3rd Year,P,
2026-09-07,24UCY161,VISHRUTHAKAVI D M,3rd Year,A,
2026-09-08,24UCY161,VISHRUTHAKAVI D M,3rd Year,A,
2026-09-09,24UCY161,VISHRUTHAKAVI D M,3rd Year,A,
2026-09-10,24UCY161,VISHRUTHAKAVI D M,3rd Year,P,
2026-09-11,24UCY161,VISHRUTHAKAVI D M,3rd Year,P,
2026-09-15,24UCY161,VISHRUTHAKAVI D M,3rd Year,P,
2026-09-16,24UCY161,VISHRUTHAKAVI D M,3rd Year,P,
2026-09-17,24UCY161,VISHRUTHAKAVI D M,3rd Year,A,
2026-09-18,24UCY161,VISHRUTHAKAVI D M,3rd Year,P,
2026-09-21,24UCY161,VISHRUTHAKAVI D M,3rd Year,A,
2026-09-22,24UCY161,VISHRUTHAKAVI D M,3rd Year,A,
2026-09-23,24UCY161,VISHRUTHAKAVI D M,3rd Year,P,
2026-09-24,24UCY161,VISHRUTHAKAVI D M,3rd Year,P,
2026-09-25,24UCY161,VISHRUTHAKAVI D M,3rd Year,P,
2026-09-28,24UCY161,VISHRUTHAKAVI D M,3rd Year,P,
2026-09-29,24UCY161,VISHRUTHAKAVI D M,3rd Year,P,
2026-09-30,24UCY161,VISHRUTHAKAVI D M,3rd Year,P,
2026-10-01,24UCY161,VISHRUTHAKAVI D M,3rd Year,P,
2026-08-14,24UEC212,NIVETHA S,3rd Year,P,
2026-08-17,24UEC212,NIVETHA S,3rd Year,P,
2026-08-18,24UEC212,NIVETHA S,3rd Year,OD,
2026-08-19,24UEC212,NIVETHA S,3rd Year,P,
2026-08-21,24UEC212,NIVETHA S,3rd Year,A,
2026-08-24,24UEC212,NIVETHA S,3rd Year,P,
2026-08-27,24UEC212,NIVETHA S,3rd Year,P,
2026-09-07,24UEC212,NIVETHA S,3rd Year,A,
2026-09-08,24UEC212,NIVETHA S,3rd Year,P,
2026-09-09,24UEC212,NIVETHA S,3rd Year,P,
2026-09-10,24UEC212,NIVETHA S,3rd Year,A,
2026-09-11,24UEC212,NIVETHA S,3rd Year,P,
2026-09-15,24UEC212,NIVETHA S,3rd Year,P,
2026-09-16,24UEC212,NIVETHA S,3rd Year,P,
2026-09-17,24UEC212,NIVETHA S,3rd Year,P,
2026-09-18,24UEC212,NIVETHA S,3rd Year,A,
2026-09-21,24UEC212,NIVETHA S,3rd Year,P,
2026-09-22,24UEC212,NIVETHA S,3rd Year,P,
2026-09-23,24UEC212,NIVETHA S,3rd Year,A,
2026-09-24,24UEC212,NIVETHA S,3rd Year,A,
2026-09-25,24UEC212,NIVETHA S,3rd Year,P,
2026-09-28,24UEC212,NIVETHA S,3rd Year,P,
2026-09-29,24UEC212,NIVETHA S,3rd Year,P,
2026-09-30,24UEC212,NIVETHA S,3rd Year,P,
2026-10-01,24UEC212,NIVETHA S,3rd Year,A,
2026-08-08,24UAD105,Akilan CK,3rd Year,H,Add ON
2026-08-09,24UAD105,Akilan CK,3rd Year,H,Sunday
2026-08-15,24UAD105,Akilan CK,3rd Year,H,Add ON
2026-08-16,24UAD105,Akilan CK,3rd Year,H,Sunday
2026-08-22,24UAD105,Akilan CK,3rd Year,H,Add ON
2026-08-23,24UAD105,Akilan CK,3rd Year,H,Sunday
2026-08-26,24UAD105,Akilan CK,3rd Year,H,Onam
2026-08-28,24UAD105,Akilan CK,3rd Year,H,Internal Hackathon
2026-08-29,24UAD105,Akilan CK,3rd Year,H,Add ON
2026-08-30,24UAD105,Akilan CK,3rd Year,H,Sunday
2026-08-31,24UAD105,Akilan CK,3rd Year,H,IA1
2026-09-01,24UAD105,Akilan CK,3rd Year,H,IA1
2026-09-02,24UAD105,Akilan CK,3rd Year,H,IA1
2026-09-03,24UAD105,Akilan CK,3rd Year,H,IA1
2026-09-04,24UAD105,Akilan CK,3rd Year,H,Holiday - Krishnashtami
2026-09-05,24UAD105,Akilan CK,3rd Year,H,Add ON
2026-09-06,24UAD105,Akilan CK,3rd Year,H,Sunday
2026-09-12,24UAD105,Akilan CK,3rd Year,H,Add ON
2026-09-13,24UAD105,Akilan CK,3rd Year,H,Sunday
2026-09-14,24UAD105,Akilan CK,3rd Year,H,Vinayaka Chaturthi
2026-09-19,24UAD105,Akilan CK,3rd Year,H,Add ON
2026-09-20,24UAD105,Akilan CK,3rd Year,H,Sunday
2026-09-26,24UAD105,Akilan CK,3rd Year,H,Add ON
2026-09-27,24UAD105,Akilan CK,3rd Year,H,Sunday
2026-10-03,24UAD105,Akilan CK,3rd Year,H,Add ON
2026-10-04,24UAD105,Akilan CK,3rd Year,H,Sunday
2026-10-10,24UAD105,Akilan CK,3rd Year,H,Add ON
2026-10-11,24UAD105,Akilan CK,3rd Year,H,Sunday
2026-10-17,24UAD105,Akilan CK,3rd Year,H,Add ON
2026-10-18,24UAD105,Akilan CK,3rd Year,H,Sunday
2026-10-24,24UAD105,Akilan CK,3rd Year,H,Add ON
2026-10-25,24UAD105,Akilan CK,3rd Year,H,Sunday
2026-10-31,24UAD105,Akilan CK,3rd Year,H,Add ON
2026-11-01,24UAD105,Akilan CK,3rd Year,H,Sunday
2026-11-07,24UAD105,Akilan CK,3rd Year,H,Add ON
2026-11-08,24UAD105,Akilan CK,3rd Year,H,Sunday
2026-11-14,24UAD105,Akilan CK,3rd Year,H,Add ON
2026-11-15,24UAD105,Akilan CK,3rd Year,H,Sunday
2026-11-21,24UAD105,Akilan CK,3rd Year,H,Add ON
2026-11-22,24UAD105,Akilan CK,3rd Year,H,Sunday
2026-11-28,24UAD105,Akilan CK,3rd Year,H,Add ON
2026-11-29,24UAD105,Akilan CK,3rd Year,H,SUNDAY
2026-08-14,24UAD110,ANISH KARTHIC V S,3rd Year,A,
2026-08-17,24UAD110,ANISH KARTHIC V S,3rd Year,A,
2026-08-18,24UAD110,ANISH KARTHIC V S,3rd Year,A,
2026-08-19,24UAD110,ANISH KARTHIC V S,3rd Year,A,
2026-08-20,24UAD110,ANISH KARTHIC V S,3rd Year,P,
2026-08-21,24UAD110,ANISH KARTHIC V S,3rd Year,P,
2026-08-24,24UAD110,ANISH KARTHIC V S,3rd Year,A,
2026-08-25,24UAD110,ANISH KARTHIC V S,3rd Year,P,
2026-09-11,24UAD110,ANISH KARTHIC V S,3rd Year,P,
2026-09-16,24UAD110,ANISH KARTHIC V S,3rd Year,A,
2026-09-17,24UAD110,ANISH KARTHIC V S,3rd Year,A,
2026-09-24,24UAD110,ANISH KARTHIC V S,3rd Year,A,
2026-08-14,24UAD111,ANITHA K,3rd Year,P,
2026-08-17,24UAD111,ANITHA K,3rd Year,A,
2026-08-18,24UAD111,ANITHA K,3rd Year,P,
2026-08-19,24UAD111,ANITHA K,3rd Year,P,
2026-08-21,24UAD111,ANITHA K,3rd Year,P,
2026-08-24,24UAD111,ANITHA K,3rd Year,P,
2026-08-25,24UAD111,ANITHA K,3rd Year,A,
2026-09-07,24UAD111,ANITHA K,3rd Year,A,
2026-09-08,24UAD111,ANITHA K,3rd Year,A,
2026-09-09,24UAD111,ANITHA K,3rd Year,P,
2026-09-10,24UAD111,ANITHA K,3rd Year,P,
2026-09-15,24UAD111,ANITHA K,3rd Year,P,
2026-09-16,24UAD111,ANITHA K,3rd Year,P,
2026-09-17,24UAD111,ANITHA K,3rd Year,P,
2026-09-18,24UAD111,ANITHA K,3rd Year,P,
2026-09-21,24UAD111,ANITHA K,3rd Year,P,
2026-09-22,24UAD111,ANITHA K,3rd Year,P,
2026-09-23,24UAD111,ANITHA K,3rd Year,P,
2026-09-24,24UAD111,ANITHA K,3rd Year,P,
2026-09-25,24UAD111,ANITHA K,3rd Year,P,
2026-09-28,24UAD111,ANITHA K,3rd Year,P,
2026-09-29,24UAD111,ANITHA K,3rd Year,P,
2026-09-30,24UAD111,ANITHA K,3rd Year,P,
2026-10-01,24UAD111,ANITHA K,3rd Year,P,
2026-10-05,24UAD111,ANITHA K,3rd Year,P,
2026-08-14,24UAD114,Arunaw Rishe m,3rd Year,A,
2026-08-17,24UAD114,Arunaw Rishe m,3rd Year,A,
2026-08-18,24UAD114,Arunaw Rishe m,3rd Year,A,
2026-08-19,24UAD114,Arunaw Rishe m,3rd Year,A,
2026-08-20,24UAD114,Arunaw Rishe m,3rd Year,A,
2026-08-21,24UAD114,Arunaw Rishe m,3rd Year,A,
2026-08-24,24UAD114,Arunaw Rishe m,3rd Year,A,
2026-08-25,24UAD114,Arunaw Rishe m,3rd Year,A,
2026-09-16,24UAD114,Arunaw Rishe m,3rd Year,A,
2026-09-17,24UAD114,Arunaw Rishe m,3rd Year,A,
2026-09-24,24UAD114,Arunaw Rishe m,3rd Year,A,
2026-08-14,24UAD127,Dhivyalaxmi S S,3rd Year,P,
2026-08-17,24UAD127,Dhivyalaxmi S S,3rd Year,P,
2026-08-18,24UAD127,Dhivyalaxmi S S,3rd Year,P,
2026-08-19,24UAD127,Dhivyalaxmi S S,3rd Year,P,
2026-08-21,24UAD127,Dhivyalaxmi S S,3rd Year,P,
2026-08-24,24UAD127,Dhivyalaxmi S S,3rd Year,P,
2026-08-25,24UAD127,Dhivyalaxmi S S,3rd Year,A,
2026-09-07,24UAD127,Dhivyalaxmi S S,3rd Year,P,
2026-09-08,24UAD127,Dhivyalaxmi S S,3rd Year,P,
2026-09-09,24UAD127,Dhivyalaxmi S S,3rd Year,P,
2026-09-10,24UAD127,Dhivyalaxmi S S,3rd Year,P,
2026-09-11,24UAD127,Dhivyalaxmi S S,3rd Year,P,
2026-09-15,24UAD127,Dhivyalaxmi S S,3rd Year,P,
2026-09-16,24UAD127,Dhivyalaxmi S S,3rd Year,A,
2026-09-17,24UAD127,Dhivyalaxmi S S,3rd Year,A,
2026-09-18,24UAD127,Dhivyalaxmi S S,3rd Year,P,
2026-09-21,24UAD127,Dhivyalaxmi S S,3rd Year,P,
2026-09-22,24UAD127,Dhivyalaxmi S S,3rd Year,P,
2026-09-23,24UAD127,Dhivyalaxmi S S,3rd Year,P,
2026-09-24,24UAD127,Dhivyalaxmi S S,3rd Year,P,
2026-09-25,24UAD127,Dhivyalaxmi S S,3rd Year,P,
2026-09-28,24UAD127,Dhivyalaxmi S S,3rd Year,P,
2026-09-29,24UAD127,Dhivyalaxmi S S,3rd Year,P,
2026-09-30,24UAD127,Dhivyalaxmi S S,3rd Year,P,
2026-10-01,24UAD127,Dhivyalaxmi S S,3rd Year,P,
2026-10-05,24UAD127,Dhivyalaxmi S S,3rd Year,P,
2026-08-14,24UAD131,GOKUL P,3rd Year,P,
2026-08-17,24UAD131,GOKUL P,3rd Year,P,
2026-08-18,24UAD131,GOKUL P,3rd Year,P,
2026-08-19,24UAD131,GOKUL P,3rd Year,A,
2026-08-21,24UAD131,GOKUL P,3rd Year,P,
2026-08-24,24UAD131,GOKUL P,3rd Year,P,
2026-08-25,24UAD131,GOKUL P,3rd Year,A,
2026-09-07,24UAD131,GOKUL P,3rd Year,P,
2026-09-09,24UAD131,GOKUL P,3rd Year,P,
2026-09-10,24UAD131,GOKUL P,3rd Year,P,
2026-09-11,24UAD131,GOKUL P,3rd Year,P,
2026-09-15,24UAD131,GOKUL P,3rd Year,P,
2026-09-16,24UAD131,GOKUL P,3rd Year,P,
2026-09-17,24UAD131,GOKUL P,3rd Year,A,
2026-09-18,24UAD131,GOKUL P,3rd Year,P,
2026-09-21,24UAD131,GOKUL P,3rd Year,A,
2026-09-22,24UAD131,GOKUL P,3rd Year,A,
2026-09-23,24UAD131,GOKUL P,3rd Year,P,
2026-09-24,24UAD131,GOKUL P,3rd Year,P,
2026-09-25,24UAD131,GOKUL P,3rd Year,P,
2026-09-28,24UAD131,GOKUL P,3rd Year,P,
2026-09-29,24UAD131,GOKUL P,3rd Year,P,
2026-09-30,24UAD131,GOKUL P,3rd Year,P,
2026-10-01,24UAD131,GOKUL P,3rd Year,P,
2026-10-05,24UAD131,GOKUL P,3rd Year,A,
2026-08-14,24UAD135,GURUPRASATH S,3rd Year,P,
2026-08-17,24UAD135,GURUPRASATH S,3rd Year,A,
2026-08-18,24UAD135,GURUPRASATH S,3rd Year,P,
2026-08-19,24UAD135,GURUPRASATH S,3rd Year,A,
2026-08-21,24UAD135,GURUPRASATH S,3rd Year,A,
2026-08-24,24UAD135,GURUPRASATH S,3rd Year,P,
2026-08-25,24UAD135,GURUPRASATH S,3rd Year,P,
2026-09-07,24UAD135,GURUPRASATH S,3rd Year,A,
2026-09-09,24UAD135,GURUPRASATH S,3rd Year,P,
2026-09-10,24UAD135,GURUPRASATH S,3rd Year,P,
2026-09-11,24UAD135,GURUPRASATH S,3rd Year,P,
2026-09-16,24UAD135,GURUPRASATH S,3rd Year,P,
2026-09-17,24UAD135,GURUPRASATH S,3rd Year,A,
2026-09-18,24UAD135,GURUPRASATH S,3rd Year,A,
2026-09-21,24UAD135,GURUPRASATH S,3rd Year,A,
2026-09-22,24UAD135,GURUPRASATH S,3rd Year,P,
2026-09-23,24UAD135,GURUPRASATH S,3rd Year,P,
2026-09-24,24UAD135,GURUPRASATH S,3rd Year,A,
2026-09-25,24UAD135,GURUPRASATH S,3rd Year,P,
2026-09-28,24UAD135,GURUPRASATH S,3rd Year,P,
2026-09-29,24UAD135,GURUPRASATH S,3rd Year,A,
2026-09-30,24UAD135,GURUPRASATH S,3rd Year,P,
2026-10-01,24UAD135,GURUPRASATH S,3rd Year,A,
2026-08-14,24UAD139,INDHUJA I,3rd Year,A,
2026-08-17,24UAD139,INDHUJA I,3rd Year,P,
2026-08-18,24UAD139,INDHUJA I,3rd Year,P,
2026-08-19,24UAD139,INDHUJA I,3rd Year,P,
2026-08-21,24UAD139,INDHUJA I,3rd Year,P,
2026-08-24,24UAD139,INDHUJA I,3rd Year,P,
2026-08-25,24UAD139,INDHUJA I,3rd Year,P,
2026-09-07,24UAD139,INDHUJA I,3rd Year,P,
2026-09-09,24UAD139,INDHUJA I,3rd Year,P,
2026-09-10,24UAD139,INDHUJA I,3rd Year,P,
2026-09-11,24UAD139,INDHUJA I,3rd Year,P,
2026-09-15,24UAD139,INDHUJA I,3rd Year,P,
2026-09-16,24UAD139,INDHUJA I,3rd Year,P,
2026-09-17,24UAD139,INDHUJA I,3rd Year,P,
2026-09-18,24UAD139,INDHUJA I,3rd Year,P,
2026-09-21,24UAD139,INDHUJA I,3rd Year,P,
2026-09-22,24UAD139,INDHUJA I,3rd Year,P,
2026-09-23,24UAD139,INDHUJA I,3rd Year,P,
2026-09-24,24UAD139,INDHUJA I,3rd Year,P,
2026-09-25,24UAD139,INDHUJA I,3rd Year,P,
2026-09-29,24UAD139,INDHUJA I,3rd Year,A,
2026-09-30,24UAD139,INDHUJA I,3rd Year,A,
2026-10-01,24UAD139,INDHUJA I,3rd Year,A,
2026-08-14,24UAD140,IRSATH M,3rd Year,P,
2026-08-17,24UAD140,IRSATH M,3rd Year,P,
2026-08-18,24UAD140,IRSATH M,3rd Year,P,
2026-08-19,24UAD140,IRSATH M,3rd Year,P,
2026-08-21,24UAD140,IRSATH M,3rd Year,P,
2026-08-24,24UAD140,IRSATH M,3rd Year,P,
2026-08-25,24UAD140,IRSATH M,3rd Year,P,
2026-09-07,24UAD140,IRSATH M,3rd Year,P,
2026-09-09,24UAD140,IRSATH M,3rd Year,A,
2026-09-10,24UAD140,IRSATH M,3rd Year,A,
2026-09-15,24UAD140,IRSATH M,3rd Year,P,
2026-09-16,24UAD140,IRSATH M,3rd Year,P,
2026-09-17,24UAD140,IRSATH M,3rd Year,P,
2026-09-18,24UAD140,IRSATH M,3rd Year,P,
2026-09-21,24UAD140,IRSATH M,3rd Year,P,
2026-09-22,24UAD140,IRSATH M,3rd Year,P,
2026-09-23,24UAD140,IRSATH M,3rd Year,P,
2026-09-24,24UAD140,IRSATH M,3rd Year,P,
2026-09-25,24UAD140,IRSATH M,3rd Year,P,
2026-09-28,24UAD140,IRSATH M,3rd Year,P,
2026-09-29,24UAD140,IRSATH M,3rd Year,P,
2026-09-30,24UAD140,IRSATH M,3rd Year,P,
2026-10-01,24UAD140,IRSATH M,3rd Year,A,
2026-08-14,24UAD143,JEEVANANDHA G,3rd Year,A,
2026-08-17,24UAD143,JEEVANANDHA G,3rd Year,A,
2026-08-18,24UAD143,JEEVANANDHA G,3rd Year,A,
2026-08-19,24UAD143,JEEVANANDHA G,3rd Year,P,
2026-08-21,24UAD143,JEEVANANDHA G,3rd Year,A,
2026-08-24,24UAD143,JEEVANANDHA G,3rd Year,A,
2026-08-25,24UAD143,JEEVANANDHA G,3rd Year,P,
2026-09-07,24UAD143,JEEVANANDHA G,3rd Year,A,
2026-09-09,24UAD143,JEEVANANDHA G,3rd Year,P,
2026-09-10,24UAD143,JEEVANANDHA G,3rd Year,P,
2026-09-11,24UAD143,JEEVANANDHA G,3rd Year,P,
2026-09-16,24UAD143,JEEVANANDHA G,3rd Year,P,
2026-09-17,24UAD143,JEEVANANDHA G,3rd Year,A,
2026-09-18,24UAD143,JEEVANANDHA G,3rd Year,A,
2026-09-21,24UAD143,JEEVANANDHA G,3rd Year,A,
2026-09-22,24UAD143,JEEVANANDHA G,3rd Year,P,
2026-09-23,24UAD143,JEEVANANDHA G,3rd Year,P,
2026-09-24,24UAD143,JEEVANANDHA G,3rd Year,P,
2026-09-25,24UAD143,JEEVANANDHA G,3rd Year,P,
2026-09-28,24UAD143,JEEVANANDHA G,3rd Year,P,
2026-09-29,24UAD143,JEEVANANDHA G,3rd Year,A,
2026-09-30,24UAD143,JEEVANANDHA G,3rd Year,A,
2026-10-01,24UAD143,JEEVANANDHA G,3rd Year,A,
2026-08-14,24UAD144,JOE DANIEL A,3rd Year,A,
2026-08-17,24UAD144,JOE DANIEL A,3rd Year,A,
2026-08-18,24UAD144,JOE DANIEL A,3rd Year,A,
2026-08-19,24UAD144,JOE DANIEL A,3rd Year,A,
2026-08-20,24UAD144,JOE DANIEL A,3rd Year,A,
2026-08-21,24UAD144,JOE DANIEL A,3rd Year,A,
2026-08-24,24UAD144,JOE DANIEL A,3rd Year,A,
2026-08-25,24UAD144,JOE DANIEL A,3rd Year,A,
2026-09-17,24UAD144,JOE DANIEL A,3rd Year,A,
2026-09-18,24UAD144,JOE DANIEL A,3rd Year,A,
2026-09-23,24UAD144,JOE DANIEL A,3rd Year,A,
2026-08-14,24UAD145,JOSHPIN KAYALVIZHI A,3rd Year,A,
2026-08-17,24UAD145,JOSHPIN KAYALVIZHI A,3rd Year,A,
2026-08-18,24UAD145,JOSHPIN KAYALVIZHI A,3rd Year,A,
2026-08-19,24UAD145,JOSHPIN KAYALVIZHI A,3rd Year,A,
2026-08-20,24UAD145,JOSHPIN KAYALVIZHI A,3rd Year,P,
2026-08-21,24UAD145,JOSHPIN KAYALVIZHI A,3rd Year,P,
2026-08-24,24UAD145,JOSHPIN KAYALVIZHI A,3rd Year,A,
2026-08-25,24UAD145,JOSHPIN KAYALVIZHI A,3rd Year,P,
2026-09-17,24UAD145,JOSHPIN KAYALVIZHI A,3rd Year,A,
2026-09-18,24UAD145,JOSHPIN KAYALVIZHI A,3rd Year,A,
2026-09-23,24UAD145,JOSHPIN KAYALVIZHI A,3rd Year,A,
2026-09-24,24UAD145,JOSHPIN KAYALVIZHI A,3rd Year,P,
2026-08-14,24UAD146,JOSHUA MELVIN K,3rd Year,A,
2026-08-17,24UAD146,JOSHUA MELVIN K,3rd Year,A,
2026-08-18,24UAD146,JOSHUA MELVIN K,3rd Year,A,
2026-08-19,24UAD146,JOSHUA MELVIN K,3rd Year,A,
2026-08-20,24UAD146,JOSHUA MELVIN K,3rd Year,P,
2026-08-21,24UAD146,JOSHUA MELVIN K,3rd Year,A,
2026-08-24,24UAD146,JOSHUA MELVIN K,3rd Year,A,
2026-08-25,24UAD146,JOSHUA MELVIN K,3rd Year,A,
2026-09-17,24UAD146,JOSHUA MELVIN K,3rd Year,A,
2026-09-18,24UAD146,JOSHUA MELVIN K,3rd Year,A,
2026-09-23,24UAD146,JOSHUA MELVIN K,3rd Year,A,
2026-09-24,24UAD146,JOSHUA MELVIN K,3rd Year,P,
2026-08-14,24UAD149,KAVINILA L,3rd Year,P,
2026-08-17,24UAD149,KAVINILA L,3rd Year,P,
2026-08-18,24UAD149,KAVINILA L,3rd Year,P,
2026-08-19,24UAD149,KAVINILA L,3rd Year,P,
2026-08-20,24UAD149,KAVINILA L,3rd Year,P,
2026-08-21,24UAD149,KAVINILA L,3rd Year,P,
2026-08-24,24UAD149,KAVINILA L,3rd Year,P,
2026-08-25,24UAD149,KAVINILA L,3rd Year,P,
2026-09-17,24UAD149,KAVINILA L,3rd Year,P,
2026-09-18,24UAD149,KAVINILA L,3rd Year,A,
2026-09-23,24UAD149,KAVINILA L,3rd Year,P,
2026-09-24,24UAD149,KAVINILA L,3rd Year,P,
2026-08-14,24UAD157,MALATHI P,3rd Year,P,
2026-08-17,24UAD157,MALATHI P,3rd Year,P,
2026-08-18,24UAD157,MALATHI P,3rd Year,P,
2026-08-19,24UAD157,MALATHI P,3rd Year,P,
2026-08-21,24UAD157,MALATHI P,3rd Year,P,
2026-08-24,24UAD157,MALATHI P,3rd Year,P,
2026-08-25,24UAD157,MALATHI P,3rd Year,P,
2026-09-07,24UAD157,MALATHI P,3rd Year,P,
2026-09-08,24UAD157,MALATHI P,3rd Year,P,
2026-09-09,24UAD157,MALATHI P,3rd Year,P,
2026-09-10,24UAD157,MALATHI P,3rd Year,P,
2026-09-11,24UAD157,MALATHI P,3rd Year,P,
2026-09-15,24UAD157,MALATHI P,3rd Year,P,
2026-09-16,24UAD157,MALATHI P,3rd Year,P,
2026-09-17,24UAD157,MALATHI P,3rd Year,P,
2026-09-18,24UAD157,MALATHI P,3rd Year,P,
2026-09-21,24UAD157,MALATHI P,3rd Year,P,
2026-09-22,24UAD157,MALATHI P,3rd Year,P,
2026-09-23,24UAD157,MALATHI P,3rd Year,P,
2026-09-24,24UAD157,MALATHI P,3rd Year,P,
2026-09-25,24UAD157,MALATHI P,3rd Year,P,
2026-09-28,24UAD157,MALATHI P,3rd Year,P,
2026-09-29,24UAD157,MALATHI P,3rd Year,A,
2026-09-30,24UAD157,MALATHI P,3rd Year,A,
2026-10-01,24UAD157,MALATHI P,3rd Year,P,
2026-10-05,24UAD157,MALATHI P,3rd Year,P,
2026-08-14,24UAD158,MANIKANDAN K,3rd Year,P,
2026-08-17,24UAD158,MANIKANDAN K,3rd Year,P,
2026-08-18,24UAD158,MANIKANDAN K,3rd Year,P,
2026-08-19,24UAD158,MANIKANDAN K,3rd Year,P,
2026-08-21,24UAD158,MANIKANDAN K,3rd Year,P,
2026-08-24,24UAD158,MANIKANDAN K,3rd Year,P,
2026-08-25,24UAD158,MANIKANDAN K,3rd Year,A,
2026-09-07,24UAD158,MANIKANDAN K,3rd Year,A,
2026-09-09,24UAD158,MANIKANDAN K,3rd Year,P,
2026-09-10,24UAD158,MANIKANDAN K,3rd Year,P,
2026-09-11,24UAD158,MANIKANDAN K,3rd Year,A,
2026-09-15,24UAD158,MANIKANDAN K,3rd Year,P,
2026-09-16,24UAD158,MANIKANDAN K,3rd Year,P,
2026-09-17,24UAD158,MANIKANDAN K,3rd Year,P,
2026-09-18,24UAD158,MANIKANDAN K,3rd Year,A,
2026-09-21,24UAD158,MANIKANDAN K,3rd Year,P,
2026-09-22,24UAD158,MANIKANDAN K,3rd Year,P,
2026-09-23,24UAD158,MANIKANDAN K,3rd Year,A,
2026-09-24,24UAD158,MANIKANDAN K,3rd Year,P,
2026-09-25,24UAD158,MANIKANDAN K,3rd Year,P,
2026-09-28,24UAD158,MANIKANDAN K,3rd Year,P,
2026-09-29,24UAD158,MANIKANDAN K,3rd Year,P,
2026-09-30,24UAD158,MANIKANDAN K,3rd Year,P,
2026-10-01,24UAD158,MANIKANDAN K,3rd Year,P,
2026-10-05,24UAD158,MANIKANDAN K,3rd Year,P,
2026-08-14,24UAD201,MOURISH ANTONY C,3rd Year,A,
2026-08-17,24UAD201,MOURISH ANTONY C,3rd Year,A,
2026-08-18,24UAD201,MOURISH ANTONY C,3rd Year,A,
2026-08-19,24UAD201,MOURISH ANTONY C,3rd Year,A,
2026-08-20,24UAD201,MOURISH ANTONY C,3rd Year,A,
2026-08-21,24UAD201,MOURISH ANTONY C,3rd Year,A,
2026-08-24,24UAD201,MOURISH ANTONY C,3rd Year,A,
2026-08-25,24UAD201,MOURISH ANTONY C,3rd Year,A,
2026-09-17,24UAD201,MOURISH ANTONY C,3rd Year,A,
2026-09-18,24UAD201,MOURISH ANTONY C,3rd Year,A,
2026-09-23,24UAD201,MOURISH ANTONY C,3rd Year,A,
2026-08-14,24UAD205,NATARAJAN V,3rd Year,P,
2026-08-17,24UAD205,NATARAJAN V,3rd Year,P,
2026-08-18,24UAD205,NATARAJAN V,3rd Year,A,
2026-08-19,24UAD205,NATARAJAN V,3rd Year,P,
2026-08-21,24UAD205,NATARAJAN V,3rd Year,P,
2026-08-24,24UAD205,NATARAJAN V,3rd Year,A,
2026-08-25,24UAD205,NATARAJAN V,3rd Year,A,
2026-09-07,24UAD205,NATARAJAN V,3rd Year,A,
2026-09-09,24UAD205,NATARAJAN V,3rd Year,A,
2026-09-10,24UAD205,NATARAJAN V,3rd Year,A,
2026-09-15,24UAD205,NATARAJAN V,3rd Year,A,
2026-09-16,24UAD205,NATARAJAN V,3rd Year,A,
2026-09-17,24UAD205,NATARAJAN V,3rd Year,A,
2026-09-18,24UAD205,NATARAJAN V,3rd Year,A,
2026-09-21,24UAD205,NATARAJAN V,3rd Year,A,
2026-09-22,24UAD205,NATARAJAN V,3rd Year,A,
2026-09-23,24UAD205,NATARAJAN V,3rd Year,A,
2026-09-24,24UAD205,NATARAJAN V,3rd Year,A,
2026-09-25,24UAD205,NATARAJAN V,3rd Year,A,
2026-09-28,24UAD205,NATARAJAN V,3rd Year,A,
2026-09-29,24UAD205,NATARAJAN V,3rd Year,A,
2026-09-30,24UAD205,NATARAJAN V,3rd Year,A,
2026-10-01,24UAD205,NATARAJAN V,3rd Year,A,
2026-10-05,24UAD205,NATARAJAN V,3rd Year,A,
2026-08-14,24UAD207,NAVINKUMAR M,3rd Year,P,
2026-08-17,24UAD207,NAVINKUMAR M,3rd Year,P,
2026-08-18,24UAD207,NAVINKUMAR M,3rd Year,A,
2026-08-19,24UAD207,NAVINKUMAR M,3rd Year,A,
2026-08-21,24UAD207,NAVINKUMAR M,3rd Year,P,
2026-08-24,24UAD207,NAVINKUMAR M,3rd Year,P,
2026-08-25,24UAD207,NAVINKUMAR M,3rd Year,P,
2026-09-07,24UAD207,NAVINKUMAR M,3rd Year,P,
2026-09-09,24UAD207,NAVINKUMAR M,3rd Year,P,
2026-09-10,24UAD207,NAVINKUMAR M,3rd Year,P,
2026-09-11,24UAD207,NAVINKUMAR M,3rd Year,P,
2026-09-15,24UAD207,NAVINKUMAR M,3rd Year,P,
2026-09-16,24UAD207,NAVINKUMAR M,3rd Year,P,
2026-09-17,24UAD207,NAVINKUMAR M,3rd Year,P,
2026-09-18,24UAD207,NAVINKUMAR M,3rd Year,A,
2026-09-21,24UAD207,NAVINKUMAR M,3rd Year,A,
2026-09-22,24UAD207,NAVINKUMAR M,3rd Year,P,
2026-09-23,24UAD207,NAVINKUMAR M,3rd Year,P,
2026-09-24,24UAD207,NAVINKUMAR M,3rd Year,P,
2026-09-25,24UAD207,NAVINKUMAR M,3rd Year,P,
2026-09-28,24UAD207,NAVINKUMAR M,3rd Year,A,
2026-09-29,24UAD207,NAVINKUMAR M,3rd Year,A,
2026-09-30,24UAD207,NAVINKUMAR M,3rd Year,P,
2026-10-01,24UAD207,NAVINKUMAR M,3rd Year,P,
2026-10-05,24UAD207,NAVINKUMAR M,3rd Year,P,
2026-08-14,24UAD214,PRANIGA B,3rd Year,A,
2026-08-17,24UAD214,PRANIGA B,3rd Year,P,
2026-08-18,24UAD214,PRANIGA B,3rd Year,P,
2026-08-19,24UAD214,PRANIGA B,3rd Year,A,
2026-08-21,24UAD214,PRANIGA B,3rd Year,A,
2026-08-24,24UAD214,PRANIGA B,3rd Year,P,
2026-08-25,24UAD214,PRANIGA B,3rd Year,P,
2026-09-07,24UAD214,PRANIGA B,3rd Year,P,
2026-09-09,24UAD214,PRANIGA B,3rd Year,P,
2026-09-10,24UAD214,PRANIGA B,3rd Year,A,
2026-09-15,24UAD214,PRANIGA B,3rd Year,P,
2026-09-17,24UAD214,PRANIGA B,3rd Year,A,
2026-09-18,24UAD214,PRANIGA B,3rd Year,P,
2026-09-21,24UAD214,PRANIGA B,3rd Year,P,
2026-09-22,24UAD214,PRANIGA B,3rd Year,P,
2026-09-23,24UAD214,PRANIGA B,3rd Year,A,
2026-09-24,24UAD214,PRANIGA B,3rd Year,A,
2026-09-25,24UAD214,PRANIGA B,3rd Year,A,
2026-09-28,24UAD214,PRANIGA B,3rd Year,P,
2026-09-29,24UAD214,PRANIGA B,3rd Year,P,
2026-09-30,24UAD214,PRANIGA B,3rd Year,P,
2026-10-01,24UAD214,PRANIGA B,3rd Year,P,
2026-10-05,24UAD214,PRANIGA B,3rd Year,P,
2026-08-14,24UAD223,SABARINATHAN V,3rd Year,P,
2026-08-17,24UAD223,SABARINATHAN V,3rd Year,A,
2026-08-18,24UAD223,SABARINATHAN V,3rd Year,A,
2026-08-19,24UAD223,SABARINATHAN V,3rd Year,P,
2026-08-21,24UAD223,SABARINATHAN V,3rd Year,P,
2026-08-24,24UAD223,SABARINATHAN V,3rd Year,A,
2026-08-25,24UAD223,SABARINATHAN V,3rd Year,P,
2026-09-07,24UAD223,SABARINATHAN V,3rd Year,A,
2026-09-09,24UAD223,SABARINATHAN V,3rd Year,P,
2026-09-10,24UAD223,SABARINATHAN V,3rd Year,P,
2026-09-11,24UAD223,SABARINATHAN V,3rd Year,P,
2026-09-15,24UAD223,SABARINATHAN V,3rd Year,P,
2026-09-16,24UAD223,SABARINATHAN V,3rd Year,P,
2026-09-17,24UAD223,SABARINATHAN V,3rd Year,P,
2026-09-18,24UAD223,SABARINATHAN V,3rd Year,P,
2026-09-21,24UAD223,SABARINATHAN V,3rd Year,A,
2026-09-22,24UAD223,SABARINATHAN V,3rd Year,P,
2026-09-23,24UAD223,SABARINATHAN V,3rd Year,P,
2026-09-24,24UAD223,SABARINATHAN V,3rd Year,P,
2026-09-25,24UAD223,SABARINATHAN V,3rd Year,A,
2026-09-28,24UAD223,SABARINATHAN V,3rd Year,P,
2026-09-29,24UAD223,SABARINATHAN V,3rd Year,P,
2026-09-30,24UAD223,SABARINATHAN V,3rd Year,P,
2026-10-01,24UAD223,SABARINATHAN V,3rd Year,P,
2026-10-05,24UAD223,SABARINATHAN V,3rd Year,P,
2026-08-14,24UAD234,SANUSHIA L,3rd Year,A,
2026-08-17,24UAD234,SANUSHIA L,3rd Year,P,
2026-08-18,24UAD234,SANUSHIA L,3rd Year,P,
2026-08-19,24UAD234,SANUSHIA L,3rd Year,P,
2026-08-21,24UAD234,SANUSHIA L,3rd Year,P,
2026-08-24,24UAD234,SANUSHIA L,3rd Year,P,
2026-08-25,24UAD234,SANUSHIA L,3rd Year,P,
2026-09-07,24UAD234,SANUSHIA L,3rd Year,P,
2026-09-09,24UAD234,SANUSHIA L,3rd Year,P,
2026-09-10,24UAD234,SANUSHIA L,3rd Year,P,
2026-09-11,24UAD234,SANUSHIA L,3rd Year,P,
2026-09-15,24UAD234,SANUSHIA L,3rd Year,P,
2026-09-16,24UAD234,SANUSHIA L,3rd Year,P,
2026-09-17,24UAD234,SANUSHIA L,3rd Year,P,
2026-09-18,24UAD234,SANUSHIA L,3rd Year,A,
2026-09-21,24UAD234,SANUSHIA L,3rd Year,P,
2026-09-22,24UAD234,SANUSHIA L,3rd Year,P,
2026-09-23,24UAD234,SANUSHIA L,3rd Year,P,
2026-09-24,24UAD234,SANUSHIA L,3rd Year,P,
2026-09-25,24UAD234,SANUSHIA L,3rd Year,P,
2026-09-28,24UAD234,SANUSHIA L,3rd Year,P,
2026-09-29,24UAD234,SANUSHIA L,3rd Year,P,
2026-09-30,24UAD234,SANUSHIA L,3rd Year,P,
2026-10-01,24UAD234,SANUSHIA L,3rd Year,P,
2026-10-05,24UAD234,SANUSHIA L,3rd Year,P,
2026-08-14,24UAD237,SHAKTHI G,3rd Year,P,
2026-08-17,24UAD237,SHAKTHI G,3rd Year,P,
2026-08-18,24UAD237,SHAKTHI G,3rd Year,P,
2026-08-19,24UAD237,SHAKTHI G,3rd Year,P,
2026-08-21,24UAD237,SHAKTHI G,3rd Year,P,
2026-08-24,24UAD237,SHAKTHI G,3rd Year,P,
2026-08-25,24UAD237,SHAKTHI G,3rd Year,P,
2026-09-07,24UAD237,SHAKTHI G,3rd Year,P,
2026-09-09,24UAD237,SHAKTHI G,3rd Year,P,
2026-09-10,24UAD237,SHAKTHI G,3rd Year,P,
2026-09-11,24UAD237,SHAKTHI G,3rd Year,P,
2026-09-15,24UAD237,SHAKTHI G,3rd Year,P,
2026-09-16,24UAD237,SHAKTHI G,3rd Year,P,
2026-09-17,24UAD237,SHAKTHI G,3rd Year,P,
2026-09-18,24UAD237,SHAKTHI G,3rd Year,P,
2026-09-21,24UAD237,SHAKTHI G,3rd Year,P,
2026-09-22,24UAD237,SHAKTHI G,3rd Year,P,
2026-09-23,24UAD237,SHAKTHI G,3rd Year,P,
2026-09-24,24UAD237,SHAKTHI G,3rd Year,P,
2026-09-25,24UAD237,SHAKTHI G,3rd Year,P,
2026-09-28,24UAD237,SHAKTHI G,3rd Year,P,
2026-09-29,24UAD237,SHAKTHI G,3rd Year,P,
2026-09-30,24UAD237,SHAKTHI G,3rd Year,P,
2026-10-01,24UAD237,SHAKTHI G,3rd Year,P,
2026-10-05,24UAD237,SHAKTHI G,3rd Year,P,
2026-08-14,24UAD245,Srishanth P M,3rd Year,A,
2026-08-17,24UAD245,Srishanth P M,3rd Year,A,
2026-08-18,24UAD245,Srishanth P M,3rd Year,A,
2026-08-19,24UAD245,Srishanth P M,3rd Year,A,
2026-08-20,24UAD245,Srishanth P M,3rd Year,A,
2026-08-21,24UAD245,Srishanth P M,3rd Year,A,
2026-08-24,24UAD245,Srishanth P M,3rd Year,A,
2026-08-25,24UAD245,Srishanth P M,3rd Year,P,
2026-09-18,24UAD245,Srishanth P M,3rd Year,P,
2026-08-14,24UAD250,Suruthi V,3rd Year,P,
2026-08-17,24UAD250,Suruthi V,3rd Year,A,
2026-08-18,24UAD250,Suruthi V,3rd Year,P,
2026-08-19,24UAD250,Suruthi V,3rd Year,P,
2026-08-21,24UAD250,Suruthi V,3rd Year,P,
2026-08-24,24UAD250,Suruthi V,3rd Year,P,
2026-08-25,24UAD250,Suruthi V,3rd Year,A,
2026-09-07,24UAD250,Suruthi V,3rd Year,P,
2026-09-09,24UAD250,Suruthi V,3rd Year,P,
2026-09-10,24UAD250,Suruthi V,3rd Year,P,
2026-09-15,24UAD250,Suruthi V,3rd Year,P,
2026-09-16,24UAD250,Suruthi V,3rd Year,P,
2026-09-17,24UAD250,Suruthi V,3rd Year,P,
2026-09-18,24UAD250,Suruthi V,3rd Year,A,
2026-09-21,24UAD250,Suruthi V,3rd Year,P,
2026-09-22,24UAD250,Suruthi V,3rd Year,A,
2026-09-23,24UAD250,Suruthi V,3rd Year,P,
2026-09-24,24UAD250,Suruthi V,3rd Year,P,
2026-09-25,24UAD250,Suruthi V,3rd Year,P,
2026-09-28,24UAD250,Suruthi V,3rd Year,P,
2026-09-29,24UAD250,Suruthi V,3rd Year,P,
2026-09-30,24UAD250,Suruthi V,3rd Year,P,
2026-10-01,24UAD250,Suruthi V,3rd Year,P,
2026-10-05,24UAD250,Suruthi V,3rd Year,P,
2026-08-14,24UAD253,TAMIZHMATHI M,3rd Year,P,
2026-08-17,24UAD253,TAMIZHMATHI M,3rd Year,A,
2026-08-18,24UAD253,TAMIZHMATHI M,3rd Year,P,
2026-08-19,24UAD253,TAMIZHMATHI M,3rd Year,P,
2026-08-21,24UAD253,TAMIZHMATHI M,3rd Year,P,
2026-08-24,24UAD253,TAMIZHMATHI M,3rd Year,P,
2026-08-25,24UAD253,TAMIZHMATHI M,3rd Year,A,
2026-09-07,24UAD253,TAMIZHMATHI M,3rd Year,A,
2026-09-09,24UAD253,TAMIZHMATHI M,3rd Year,A,
2026-09-10,24UAD253,TAMIZHMATHI M,3rd Year,P,
2026-09-11,24UAD253,TAMIZHMATHI M,3rd Year,P,
2026-09-15,24UAD253,TAMIZHMATHI M,3rd Year,P,
2026-09-16,24UAD253,TAMIZHMATHI M,3rd Year,P,
2026-09-17,24UAD253,TAMIZHMATHI M,3rd Year,P,
2026-09-18,24UAD253,TAMIZHMATHI M,3rd Year,A,
2026-09-21,24UAD253,TAMIZHMATHI M,3rd Year,P,
2026-09-22,24UAD253,TAMIZHMATHI M,3rd Year,P,
2026-09-23,24UAD253,TAMIZHMATHI M,3rd Year,P,
2026-09-24,24UAD253,TAMIZHMATHI M,3rd Year,P,
2026-09-25,24UAD253,TAMIZHMATHI M,3rd Year,P,
2026-09-28,24UAD253,TAMIZHMATHI M,3rd Year,P,
2026-09-29,24UAD253,TAMIZHMATHI M,3rd Year,A,
2026-09-30,24UAD253,TAMIZHMATHI M,3rd Year,P,
2026-10-01,24UAD253,TAMIZHMATHI M,3rd Year,P,
2026-10-05,24UAD253,TAMIZHMATHI M,3rd Year,P,
2026-08-14,24UAD262,VINU KARTHICK D,3rd Year,A,
2026-08-17,24UAD262,VINU KARTHICK D,3rd Year,A,
2026-08-18,24UAD262,VINU KARTHICK D,3rd Year,A,
2026-08-19,24UAD262,VINU KARTHICK D,3rd Year,A,
2026-08-20,24UAD262,VINU KARTHICK D,3rd Year,P,
2026-08-21,24UAD262,VINU KARTHICK D,3rd Year,P,
2026-08-24,24UAD262,VINU KARTHICK D,3rd Year,A,
2026-08-25,24UAD262,VINU KARTHICK D,3rd Year,A,
2026-09-18,24UAD262,VINU KARTHICK D,3rd Year,P,
2026-09-23,24UAD262,VINU KARTHICK D,3rd Year,A,
2026-08-14,24UAD263,YASHWINI CHOUDHARY B,3rd Year,A,
2026-08-17,24UAD263,YASHWINI CHOUDHARY B,3rd Year,A,
2026-08-18,24UAD263,YASHWINI CHOUDHARY B,3rd Year,A,
2026-08-19,24UAD263,YASHWINI CHOUDHARY B,3rd Year,A,
2026-08-21,24UAD263,YASHWINI CHOUDHARY B,3rd Year,A,
2026-08-24,24UAD263,YASHWINI CHOUDHARY B,3rd Year,A,
2026-08-25,24UAD263,YASHWINI CHOUDHARY B,3rd Year,A,
2026-09-09,24UAD263,YASHWINI CHOUDHARY B,3rd Year,A,
2026-09-10,24UAD263,YASHWINI CHOUDHARY B,3rd Year,P,
2026-09-18,24UAD263,YASHWINI CHOUDHARY B,3rd Year,A,
2026-09-23,24UAD263,YASHWINI CHOUDHARY B,3rd Year,A,
2026-09-29,24UAD263,YASHWINI CHOUDHARY B,3rd Year,P,
2026-09-30,24UAD263,YASHWINI CHOUDHARY B,3rd Year,P,
2026-10-01,24UAD263,YASHWINI CHOUDHARY B,3rd Year,P,
2026-10-05,24UAD263,YASHWINI CHOUDHARY B,3rd Year,P,
2026-08-14,24UAD602,DHATCHANA SREE M,3rd Year,P,
2026-08-17,24UAD602,DHATCHANA SREE M,3rd Year,P,
2026-08-18,24UAD602,DHATCHANA SREE M,3rd Year,A,
2026-08-19,24UAD602,DHATCHANA SREE M,3rd Year,P,
2026-08-21,24UAD602,DHATCHANA SREE M,3rd Year,P,
2026-08-24,24UAD602,DHATCHANA SREE M,3rd Year,P,
2026-08-25,24UAD602,DHATCHANA SREE M,3rd Year,A,
2026-09-07,24UAD602,DHATCHANA SREE M,3rd Year,P,
2026-09-09,24UAD602,DHATCHANA SREE M,3rd Year,P,
2026-09-10,24UAD602,DHATCHANA SREE M,3rd Year,P,
2026-09-11,24UAD602,DHATCHANA SREE M,3rd Year,P,
2026-09-15,24UAD602,DHATCHANA SREE M,3rd Year,P,
2026-09-16,24UAD602,DHATCHANA SREE M,3rd Year,P,
2026-09-17,24UAD602,DHATCHANA SREE M,3rd Year,P,
2026-09-18,24UAD602,DHATCHANA SREE M,3rd Year,P,
2026-09-21,24UAD602,DHATCHANA SREE M,3rd Year,P,
2026-09-22,24UAD602,DHATCHANA SREE M,3rd Year,P,
2026-09-23,24UAD602,DHATCHANA SREE M,3rd Year,P,
2026-09-24,24UAD602,DHATCHANA SREE M,3rd Year,P,
2026-09-25,24UAD602,DHATCHANA SREE M,3rd Year,P,
2026-09-28,24UAD602,DHATCHANA SREE M,3rd Year,P,
2026-09-29,24UAD602,DHATCHANA SREE M,3rd Year,A,
2026-09-30,24UAD602,DHATCHANA SREE M,3rd Year,A,
2026-10-01,24UAD602,DHATCHANA SREE M,3rd Year,P,
2026-10-05,24UAD602,DHATCHANA SREE M,3rd Year,P,
2026-08-14,24UAD701,BALACHANDAR S,3rd Year,A,
2026-08-17,24UAD701,BALACHANDAR S,3rd Year,P,
2026-08-18,24UAD701,BALACHANDAR S,3rd Year,P,
2026-08-19,24UAD701,BALACHANDAR S,3rd Year,P,
2026-08-21,24UAD701,BALACHANDAR S,3rd Year,P,
2026-08-24,24UAD701,BALACHANDAR S,3rd Year,P,
2026-08-25,24UAD701,BALACHANDAR S,3rd Year,A,
2026-09-07,24UAD701,BALACHANDAR S,3rd Year,P,
2026-09-09,24UAD701,BALACHANDAR S,3rd Year,P,
2026-09-10,24UAD701,BALACHANDAR S,3rd Year,P,
2026-09-11,24UAD701,BALACHANDAR S,3rd Year,P,
2026-09-15,24UAD701,BALACHANDAR S,3rd Year,P,
2026-09-16,24UAD701,BALACHANDAR S,3rd Year,P,
2026-09-17,24UAD701,BALACHANDAR S,3rd Year,A,
2026-09-18,24UAD701,BALACHANDAR S,3rd Year,P,
2026-09-21,24UAD701,BALACHANDAR S,3rd Year,P,
2026-09-22,24UAD701,BALACHANDAR S,3rd Year,P,
2026-09-23,24UAD701,BALACHANDAR S,3rd Year,P,
2026-09-24,24UAD701,BALACHANDAR S,3rd Year,P,
2026-09-25,24UAD701,BALACHANDAR S,3rd Year,P,
2026-09-28,24UAD701,BALACHANDAR S,3rd Year,P,
2026-09-29,24UAD701,BALACHANDAR S,3rd Year,A,
2026-09-30,24UAD701,BALACHANDAR S,3rd Year,P,
2026-10-01,24UAD701,BALACHANDAR S,3rd Year,P,
2026-10-05,24UAD701,BALACHANDAR S,3rd Year,P,
2026-08-14,24uam119,Harikrishnan S,3rd Year,P,
2026-08-17,24uam119,Harikrishnan S,3rd Year,P,
2026-08-18,24uam119,Harikrishnan S,3rd Year,P,
2026-08-19,24uam119,Harikrishnan S,3rd Year,P,
2026-08-21,24uam119,Harikrishnan S,3rd Year,P,
2026-08-24,24uam119,Harikrishnan S,3rd Year,P,
2026-08-25,24uam119,Harikrishnan S,3rd Year,P,
2026-09-07,24uam119,Harikrishnan S,3rd Year,P,
2026-09-08,24uam119,Harikrishnan S,3rd Year,P,
2026-09-09,24uam119,Harikrishnan S,3rd Year,P,
2026-09-10,24uam119,Harikrishnan S,3rd Year,P,
2026-09-11,24uam119,Harikrishnan S,3rd Year,P,
2026-09-15,24uam119,Harikrishnan S,3rd Year,P,
2026-09-16,24uam119,Harikrishnan S,3rd Year,P,
2026-09-17,24uam119,Harikrishnan S,3rd Year,P,
2026-09-18,24uam119,Harikrishnan S,3rd Year,P,
2026-09-21,24uam119,Harikrishnan S,3rd Year,P,
2026-09-22,24uam119,Harikrishnan S,3rd Year,P,
2026-09-23,24uam119,Harikrishnan S,3rd Year,A,
2026-09-24,24uam119,Harikrishnan S,3rd Year,P,
2026-09-25,24uam119,Harikrishnan S,3rd Year,P,
2026-09-28,24uam119,Harikrishnan S,3rd Year,P,
2026-09-29,24uam119,Harikrishnan S,3rd Year,P,
2026-09-30,24uam119,Harikrishnan S,3rd Year,P,
2026-10-01,24uam119,Harikrishnan S,3rd Year,P,
2026-10-05,24uam119,Harikrishnan S,3rd Year,P,
2026-08-14,24UAM132,MOHAMED MYDEEN J,3rd Year,P,
2026-08-17,24UAM132,MOHAMED MYDEEN J,3rd Year,A,
2026-08-18,24UAM132,MOHAMED MYDEEN J,3rd Year,P,
2026-08-19,24UAM132,MOHAMED MYDEEN J,3rd Year,P,
2026-08-21,24UAM132,MOHAMED MYDEEN J,3rd Year,P,
2026-08-24,24UAM132,MOHAMED MYDEEN J,3rd Year,A,
2026-08-25,24UAM132,MOHAMED MYDEEN J,3rd Year,A,
2026-09-08,24UAM132,MOHAMED MYDEEN J,3rd Year,P,
2026-09-09,24UAM132,MOHAMED MYDEEN J,3rd Year,A,
2026-09-10,24UAM132,MOHAMED MYDEEN J,3rd Year,P,
2026-09-11,24UAM132,MOHAMED MYDEEN J,3rd Year,P,
2026-09-15,24UAM132,MOHAMED MYDEEN J,3rd Year,P,
2026-09-16,24UAM132,MOHAMED MYDEEN J,3rd Year,P,
2026-09-17,24UAM132,MOHAMED MYDEEN J,3rd Year,A,
2026-09-18,24UAM132,MOHAMED MYDEEN J,3rd Year,P,
2026-09-21,24UAM132,MOHAMED MYDEEN J,3rd Year,A,
2026-09-22,24UAM132,MOHAMED MYDEEN J,3rd Year,A,
2026-09-23,24UAM132,MOHAMED MYDEEN J,3rd Year,P,
2026-09-24,24UAM132,MOHAMED MYDEEN J,3rd Year,A,
2026-09-25,24UAM132,MOHAMED MYDEEN J,3rd Year,P,
2026-09-28,24UAM132,MOHAMED MYDEEN J,3rd Year,A,
2026-09-29,24UAM132,MOHAMED MYDEEN J,3rd Year,P,
2026-09-30,24UAM132,MOHAMED MYDEEN J,3rd Year,P,
2026-10-01,24UAM132,MOHAMED MYDEEN J,3rd Year,P,
2026-08-14,24UAM139,RANJITH KUMAR K,3rd Year,P,
2026-08-17,24UAM139,RANJITH KUMAR K,3rd Year,A,
2026-08-18,24UAM139,RANJITH KUMAR K,3rd Year,A,
2026-08-19,24UAM139,RANJITH KUMAR K,3rd Year,P,
2026-08-21,24UAM139,RANJITH KUMAR K,3rd Year,P,
2026-08-24,24UAM139,RANJITH KUMAR K,3rd Year,P,
2026-08-25,24UAM139,RANJITH KUMAR K,3rd Year,P,
2026-09-07,24UAM139,RANJITH KUMAR K,3rd Year,P,
2026-09-08,24UAM139,RANJITH KUMAR K,3rd Year,P,
2026-09-09,24UAM139,RANJITH KUMAR K,3rd Year,P,
2026-09-10,24UAM139,RANJITH KUMAR K,3rd Year,P,
2026-09-11,24UAM139,RANJITH KUMAR K,3rd Year,P,
2026-09-15,24UAM139,RANJITH KUMAR K,3rd Year,P,
2026-09-16,24UAM139,RANJITH KUMAR K,3rd Year,P,
2026-09-17,24UAM139,RANJITH KUMAR K,3rd Year,P,
2026-09-18,24UAM139,RANJITH KUMAR K,3rd Year,P,
2026-09-21,24UAM139,RANJITH KUMAR K,3rd Year,A,
2026-09-22,24UAM139,RANJITH KUMAR K,3rd Year,P,
2026-09-23,24UAM139,RANJITH KUMAR K,3rd Year,P,
2026-09-24,24UAM139,RANJITH KUMAR K,3rd Year,P,
2026-09-25,24UAM139,RANJITH KUMAR K,3rd Year,P,
2026-09-28,24UAM139,RANJITH KUMAR K,3rd Year,P,
2026-09-29,24UAM139,RANJITH KUMAR K,3rd Year,P,
2026-09-30,24UAM139,RANJITH KUMAR K,3rd Year,P,
2026-10-01,24UAM139,RANJITH KUMAR K,3rd Year,P,
2026-10-05,24UAM139,RANJITH KUMAR K,3rd Year,P,
2026-08-14,24UAM154,SOWMYA S,3rd Year,P,
2026-08-17,24UAM154,SOWMYA S,3rd Year,A,
2026-08-18,24UAM154,SOWMYA S,3rd Year,A,
2026-08-19,24UAM154,SOWMYA S,3rd Year,P,
2026-08-21,24UAM154,SOWMYA S,3rd Year,A,
2026-08-24,24UAM154,SOWMYA S,3rd Year,P,
2026-08-25,24UAM154,SOWMYA S,3rd Year,P,
2026-09-07,24UAM154,SOWMYA S,3rd Year,P,
2026-09-08,24UAM154,SOWMYA S,3rd Year,P,
2026-09-09,24UAM154,SOWMYA S,3rd Year,P,
2026-09-10,24UAM154,SOWMYA S,3rd Year,P,
2026-09-11,24UAM154,SOWMYA S,3rd Year,P,
2026-09-15,24UAM154,SOWMYA S,3rd Year,P,
2026-09-16,24UAM154,SOWMYA S,3rd Year,P,
2026-09-17,24UAM154,SOWMYA S,3rd Year,P,
2026-09-18,24UAM154,SOWMYA S,3rd Year,P,
2026-09-21,24UAM154,SOWMYA S,3rd Year,P,
2026-09-22,24UAM154,SOWMYA S,3rd Year,P,
2026-09-23,24UAM154,SOWMYA S,3rd Year,P,
2026-09-24,24UAM154,SOWMYA S,3rd Year,P,
2026-09-25,24UAM154,SOWMYA S,3rd Year,A,
2026-09-28,24UAM154,SOWMYA S,3rd Year,P,
2026-09-29,24UAM154,SOWMYA S,3rd Year,P,
2026-09-30,24UAM154,SOWMYA S,3rd Year,P,
2026-10-01,24UAM154,SOWMYA S,3rd Year,P,
2026-10-05,24UAM154,SOWMYA S,3rd Year,P,
2026-08-14,24UAM157,SRIHARIPRIYA P,3rd Year,P,
2026-08-17,24UAM157,SRIHARIPRIYA P,3rd Year,P,
2026-08-18,24UAM157,SRIHARIPRIYA P,3rd Year,P,
2026-08-19,24UAM157,SRIHARIPRIYA P,3rd Year,P,
2026-08-21,24UAM157,SRIHARIPRIYA P,3rd Year,P,
2026-08-24,24UAM157,SRIHARIPRIYA P,3rd Year,P,
2026-08-25,24UAM157,SRIHARIPRIYA P,3rd Year,A,
2026-09-07,24UAM157,SRIHARIPRIYA P,3rd Year,P,
2026-09-08,24UAM157,SRIHARIPRIYA P,3rd Year,P,
2026-09-09,24UAM157,SRIHARIPRIYA P,3rd Year,P,
2026-09-10,24UAM157,SRIHARIPRIYA P,3rd Year,P,
2026-09-11,24UAM157,SRIHARIPRIYA P,3rd Year,P,
2026-09-15,24UAM157,SRIHARIPRIYA P,3rd Year,P,
2026-09-16,24UAM157,SRIHARIPRIYA P,3rd Year,P,
2026-09-17,24UAM157,SRIHARIPRIYA P,3rd Year,A,
2026-09-18,24UAM157,SRIHARIPRIYA P,3rd Year,P,
2026-09-21,24UAM157,SRIHARIPRIYA P,3rd Year,P,
2026-09-22,24UAM157,SRIHARIPRIYA P,3rd Year,P,
2026-09-23,24UAM157,SRIHARIPRIYA P,3rd Year,P,
2026-09-24,24UAM157,SRIHARIPRIYA P,3rd Year,A,
2026-09-25,24UAM157,SRIHARIPRIYA P,3rd Year,P,
2026-09-28,24UAM157,SRIHARIPRIYA P,3rd Year,P,
2026-09-29,24UAM157,SRIHARIPRIYA P,3rd Year,P,
2026-09-30,24UAM157,SRIHARIPRIYA P,3rd Year,P,
2026-10-01,24UAM157,SRIHARIPRIYA P,3rd Year,P,
2026-08-14,24UAM161,VARUN K J,3rd Year,A,
2026-08-17,24UAM161,VARUN K J,3rd Year,A,
2026-08-18,24UAM161,VARUN K J,3rd Year,A,
2026-08-19,24UAM161,VARUN K J,3rd Year,P,
2026-08-21,24UAM161,VARUN K J,3rd Year,P,
2026-08-24,24UAM161,VARUN K J,3rd Year,P,
2026-08-25,24UAM161,VARUN K J,3rd Year,A,
2026-09-07,24UAM161,VARUN K J,3rd Year,A,
2026-09-08,24UAM161,VARUN K J,3rd Year,A,
2026-09-09,24UAM161,VARUN K J,3rd Year,A,
2026-09-10,24UAM161,VARUN K J,3rd Year,P,
2026-09-11,24UAM161,VARUN K J,3rd Year,P,
2026-09-15,24UAM161,VARUN K J,3rd Year,A,
2026-09-16,24UAM161,VARUN K J,3rd Year,P,
2026-09-17,24UAM161,VARUN K J,3rd Year,A,
2026-09-18,24UAM161,VARUN K J,3rd Year,A,
2026-09-21,24UAM161,VARUN K J,3rd Year,P,
2026-09-22,24UAM161,VARUN K J,3rd Year,A,
2026-09-23,24UAM161,VARUN K J,3rd Year,P,
2026-09-24,24UAM161,VARUN K J,3rd Year,P,
2026-09-25,24UAM161,VARUN K J,3rd Year,P,
2026-09-28,24UAM161,VARUN K J,3rd Year,P,
2026-09-29,24UAM161,VARUN K J,3rd Year,P,
2026-09-30,24UAM161,VARUN K J,3rd Year,P,
2026-10-01,24UAM161,VARUN K J,3rd Year,P,
2026-08-14,24UCB104,ADHITHYA R,3rd Year,P,
2026-08-17,24UCB104,ADHITHYA R,3rd Year,A,
2026-08-18,24UCB104,ADHITHYA R,3rd Year,P,
2026-08-19,24UCB104,ADHITHYA R,3rd Year,P,
2026-08-21,24UCB104,ADHITHYA R,3rd Year,P,
2026-08-24,24UCB104,ADHITHYA R,3rd Year,P,
2026-08-25,24UCB104,ADHITHYA R,3rd Year,P,
2026-09-07,24UCB104,ADHITHYA R,3rd Year,P,
2026-09-09,24UCB104,ADHITHYA R,3rd Year,P,
2026-09-15,24UCB104,ADHITHYA R,3rd Year,P,
2026-09-17,24UCB104,ADHITHYA R,3rd Year,A,
2026-09-18,24UCB104,ADHITHYA R,3rd Year,P,
2026-09-21,24UCB104,ADHITHYA R,3rd Year,P,
2026-09-22,24UCB104,ADHITHYA R,3rd Year,P,
2026-09-23,24UCB104,ADHITHYA R,3rd Year,P,
2026-09-24,24UCB104,ADHITHYA R,3rd Year,P,
2026-09-25,24UCB104,ADHITHYA R,3rd Year,A,
2026-09-28,24UCB104,ADHITHYA R,3rd Year,A,
2026-09-29,24UCB104,ADHITHYA R,3rd Year,P,
2026-09-30,24UCB104,ADHITHYA R,3rd Year,P,
2026-10-01,24UCB104,ADHITHYA R,3rd Year,P,
2026-10-05,24UCB104,ADHITHYA R,3rd Year,P,
2026-08-14,24UCB123,KIRUBAVATHY V,3rd Year,A,
2026-08-17,24UCB123,KIRUBAVATHY V,3rd Year,P,
2026-08-18,24UCB123,KIRUBAVATHY V,3rd Year,P,
2026-08-19,24UCB123,KIRUBAVATHY V,3rd Year,P,
2026-08-21,24UCB123,KIRUBAVATHY V,3rd Year,P,
2026-08-24,24UCB123,KIRUBAVATHY V,3rd Year,P,
2026-08-25,24UCB123,KIRUBAVATHY V,3rd Year,P,
2026-09-07,24UCB123,KIRUBAVATHY V,3rd Year,P,
2026-09-09,24UCB123,KIRUBAVATHY V,3rd Year,P,
2026-09-10,24UCB123,KIRUBAVATHY V,3rd Year,P,
2026-09-11,24UCB123,KIRUBAVATHY V,3rd Year,P,
2026-09-15,24UCB123,KIRUBAVATHY V,3rd Year,P,
2026-09-16,24UCB123,KIRUBAVATHY V,3rd Year,P,
2026-09-17,24UCB123,KIRUBAVATHY V,3rd Year,P,
2026-09-18,24UCB123,KIRUBAVATHY V,3rd Year,P,
2026-09-21,24UCB123,KIRUBAVATHY V,3rd Year,A,
2026-09-22,24UCB123,KIRUBAVATHY V,3rd Year,A,
2026-09-23,24UCB123,KIRUBAVATHY V,3rd Year,P,
2026-09-24,24UCB123,KIRUBAVATHY V,3rd Year,P,
2026-09-25,24UCB123,KIRUBAVATHY V,3rd Year,P,
2026-09-28,24UCB123,KIRUBAVATHY V,3rd Year,P,
2026-09-29,24UCB123,KIRUBAVATHY V,3rd Year,P,
2026-09-30,24UCB123,KIRUBAVATHY V,3rd Year,P,
2026-10-01,24UCB123,KIRUBAVATHY V,3rd Year,P,
2026-08-14,24UCB125,MADHUMITHA R,3rd Year,A,
2026-08-17,24UCB125,MADHUMITHA R,3rd Year,P,
2026-08-18,24UCB125,MADHUMITHA R,3rd Year,P,
2026-08-19,24UCB125,MADHUMITHA R,3rd Year,P,
2026-08-21,24UCB125,MADHUMITHA R,3rd Year,P,
2026-08-24,24UCB125,MADHUMITHA R,3rd Year,P,
2026-08-25,24UCB125,MADHUMITHA R,3rd Year,P,
2026-09-07,24UCB125,MADHUMITHA R,3rd Year,P,
2026-09-09,24UCB125,MADHUMITHA R,3rd Year,P,
2026-09-10,24UCB125,MADHUMITHA R,3rd Year,P,
2026-09-11,24UCB125,MADHUMITHA R,3rd Year,P,
2026-09-15,24UCB125,MADHUMITHA R,3rd Year,P,
2026-09-16,24UCB125,MADHUMITHA R,3rd Year,P,
2026-09-17,24UCB125,MADHUMITHA R,3rd Year,P,
2026-09-18,24UCB125,MADHUMITHA R,3rd Year,P,
2026-09-21,24UCB125,MADHUMITHA R,3rd Year,P,
2026-09-22,24UCB125,MADHUMITHA R,3rd Year,P,
2026-09-23,24UCB125,MADHUMITHA R,3rd Year,P,
2026-09-24,24UCB125,MADHUMITHA R,3rd Year,P,
2026-09-25,24UCB125,MADHUMITHA R,3rd Year,P,
2026-09-28,24UCB125,MADHUMITHA R,3rd Year,P,
2026-09-29,24UCB125,MADHUMITHA R,3rd Year,P,
2026-09-30,24UCB125,MADHUMITHA R,3rd Year,P,
2026-10-01,24UCB125,MADHUMITHA R,3rd Year,P,
2026-10-05,24UCB125,MADHUMITHA R,3rd Year,P,
2026-08-14,24UCB126,MARIA BLESSY R J,3rd Year,P,
2026-08-17,24UCB126,MARIA BLESSY R J,3rd Year,P,
2026-08-18,24UCB126,MARIA BLESSY R J,3rd Year,P,
2026-08-19,24UCB126,MARIA BLESSY R J,3rd Year,P,
2026-08-21,24UCB126,MARIA BLESSY R J,3rd Year,P,
2026-08-24,24UCB126,MARIA BLESSY R J,3rd Year,P,
2026-08-25,24UCB126,MARIA BLESSY R J,3rd Year,P,
2026-09-07,24UCB126,MARIA BLESSY R J,3rd Year,A,
2026-09-09,24UCB126,MARIA BLESSY R J,3rd Year,P,
2026-09-10,24UCB126,MARIA BLESSY R J,3rd Year,P,
2026-09-11,24UCB126,MARIA BLESSY R J,3rd Year,P,
2026-09-15,24UCB126,MARIA BLESSY R J,3rd Year,P,
2026-09-16,24UCB126,MARIA BLESSY R J,3rd Year,P,
2026-09-17,24UCB126,MARIA BLESSY R J,3rd Year,P,
2026-09-18,24UCB126,MARIA BLESSY R J,3rd Year,P,
2026-09-21,24UCB126,MARIA BLESSY R J,3rd Year,P,
2026-09-22,24UCB126,MARIA BLESSY R J,3rd Year,P,
2026-09-23,24UCB126,MARIA BLESSY R J,3rd Year,P,
2026-09-24,24UCB126,MARIA BLESSY R J,3rd Year,A,
2026-09-25,24UCB126,MARIA BLESSY R J,3rd Year,A,
2026-09-28,24UCB126,MARIA BLESSY R J,3rd Year,P,
2026-09-29,24UCB126,MARIA BLESSY R J,3rd Year,P,
2026-09-30,24UCB126,MARIA BLESSY R J,3rd Year,P,
2026-10-01,24UCB126,MARIA BLESSY R J,3rd Year,P,
2026-10-05,24UCB126,MARIA BLESSY R J,3rd Year,P,
2026-08-14,24UCB134,NICEIKA M,3rd Year,P,
2026-08-17,24UCB134,NICEIKA M,3rd Year,A,
2026-08-18,24UCB134,NICEIKA M,3rd Year,P,
2026-08-19,24UCB134,NICEIKA M,3rd Year,P,
2026-08-21,24UCB134,NICEIKA M,3rd Year,P,
2026-08-24,24UCB134,NICEIKA M,3rd Year,P,
2026-08-25,24UCB134,NICEIKA M,3rd Year,P,
2026-09-07,24UCB134,NICEIKA M,3rd Year,P,
2026-09-09,24UCB134,NICEIKA M,3rd Year,P,
2026-09-10,24UCB134,NICEIKA M,3rd Year,P,
2026-09-11,24UCB134,NICEIKA M,3rd Year,P,
2026-09-16,24UCB134,NICEIKA M,3rd Year,P,
2026-09-17,24UCB134,NICEIKA M,3rd Year,P,
2026-09-18,24UCB134,NICEIKA M,3rd Year,P,
2026-09-21,24UCB134,NICEIKA M,3rd Year,P,
2026-09-22,24UCB134,NICEIKA M,3rd Year,P,
2026-09-23,24UCB134,NICEIKA M,3rd Year,P,
2026-09-24,24UCB134,NICEIKA M,3rd Year,P,
2026-09-25,24UCB134,NICEIKA M,3rd Year,A,
2026-09-28,24UCB134,NICEIKA M,3rd Year,P,
2026-09-29,24UCB134,NICEIKA M,3rd Year,P,
2026-09-30,24UCB134,NICEIKA M,3rd Year,P,
2026-10-01,24UCB134,NICEIKA M,3rd Year,P,
2026-08-14,24UCB136,PAVITHRA MIRUNALINI G,3rd Year,P,
2026-08-17,24UCB136,PAVITHRA MIRUNALINI G,3rd Year,A,
2026-08-18,24UCB136,PAVITHRA MIRUNALINI G,3rd Year,P,
2026-08-19,24UCB136,PAVITHRA MIRUNALINI G,3rd Year,P,
2026-08-21,24UCB136,PAVITHRA MIRUNALINI G,3rd Year,P,
2026-08-24,24UCB136,PAVITHRA MIRUNALINI G,3rd Year,P,
2026-08-25,24UCB136,PAVITHRA MIRUNALINI G,3rd Year,P,
2026-09-07,24UCB136,PAVITHRA MIRUNALINI G,3rd Year,P,
2026-09-08,24UCB136,PAVITHRA MIRUNALINI G,3rd Year,P,
2026-09-09,24UCB136,PAVITHRA MIRUNALINI G,3rd Year,P,
2026-09-10,24UCB136,PAVITHRA MIRUNALINI G,3rd Year,P,
2026-09-11,24UCB136,PAVITHRA MIRUNALINI G,3rd Year,P,
2026-09-16,24UCB136,PAVITHRA MIRUNALINI G,3rd Year,P,
2026-09-17,24UCB136,PAVITHRA MIRUNALINI G,3rd Year,P,
2026-09-18,24UCB136,PAVITHRA MIRUNALINI G,3rd Year,P,
2026-09-21,24UCB136,PAVITHRA MIRUNALINI G,3rd Year,P,
2026-09-22,24UCB136,PAVITHRA MIRUNALINI G,3rd Year,A,
2026-09-23,24UCB136,PAVITHRA MIRUNALINI G,3rd Year,P,
2026-09-24,24UCB136,PAVITHRA MIRUNALINI G,3rd Year,A,
2026-09-25,24UCB136,PAVITHRA MIRUNALINI G,3rd Year,A,
2026-09-28,24UCB136,PAVITHRA MIRUNALINI G,3rd Year,P,
2026-09-29,24UCB136,PAVITHRA MIRUNALINI G,3rd Year,P,
2026-09-30,24UCB136,PAVITHRA MIRUNALINI G,3rd Year,P,
2026-10-01,24UCB136,PAVITHRA MIRUNALINI G,3rd Year,P,
2026-10-05,24UCB136,PAVITHRA MIRUNALINI G,3rd Year,P,
2026-08-14,24UCB139,REANOOKA K,3rd Year,P,
2026-08-17,24UCB139,REANOOKA K,3rd Year,A,
2026-08-18,24UCB139,REANOOKA K,3rd Year,A,
2026-08-19,24UCB139,REANOOKA K,3rd Year,P,
2026-08-21,24UCB139,REANOOKA K,3rd Year,P,
2026-08-24,24UCB139,REANOOKA K,3rd Year,P,
2026-08-25,24UCB139,REANOOKA K,3rd Year,P,
2026-09-07,24UCB139,REANOOKA K,3rd Year,P,
2026-09-08,24UCB139,REANOOKA K,3rd Year,P,
2026-09-09,24UCB139,REANOOKA K,3rd Year,P,
2026-09-10,24UCB139,REANOOKA K,3rd Year,P,
2026-09-11,24UCB139,REANOOKA K,3rd Year,P,
2026-09-15,24UCB139,REANOOKA K,3rd Year,P,
2026-09-16,24UCB139,REANOOKA K,3rd Year,P,
2026-09-17,24UCB139,REANOOKA K,3rd Year,P,
2026-09-18,24UCB139,REANOOKA K,3rd Year,A,
2026-09-21,24UCB139,REANOOKA K,3rd Year,P,
2026-09-22,24UCB139,REANOOKA K,3rd Year,A,
2026-09-23,24UCB139,REANOOKA K,3rd Year,P,
2026-09-24,24UCB139,REANOOKA K,3rd Year,P,
2026-09-25,24UCB139,REANOOKA K,3rd Year,P,
2026-09-28,24UCB139,REANOOKA K,3rd Year,A,
2026-09-29,24UCB139,REANOOKA K,3rd Year,P,
2026-09-30,24UCB139,REANOOKA K,3rd Year,P,
2026-10-01,24UCB139,REANOOKA K,3rd Year,P,
2026-10-05,24UCB139,REANOOKA K,3rd Year,P,
2026-08-14,24UCB141,RITHIKA R,3rd Year,P,
2026-08-17,24UCB141,RITHIKA R,3rd Year,P,
2026-08-18,24UCB141,RITHIKA R,3rd Year,P,
2026-08-19,24UCB141,RITHIKA R,3rd Year,P,
2026-08-21,24UCB141,RITHIKA R,3rd Year,A,
2026-08-24,24UCB141,RITHIKA R,3rd Year,A,
2026-08-25,24UCB141,RITHIKA R,3rd Year,A,
2026-09-07,24UCB141,RITHIKA R,3rd Year,P,
2026-09-09,24UCB141,RITHIKA R,3rd Year,P,
2026-09-10,24UCB141,RITHIKA R,3rd Year,P,
2026-09-11,24UCB141,RITHIKA R,3rd Year,P,
2026-09-15,24UCB141,RITHIKA R,3rd Year,P,
2026-09-16,24UCB141,RITHIKA R,3rd Year,P,
2026-09-17,24UCB141,RITHIKA R,3rd Year,P,
2026-09-18,24UCB141,RITHIKA R,3rd Year,P,
2026-09-21,24UCB141,RITHIKA R,3rd Year,P,
2026-09-22,24UCB141,RITHIKA R,3rd Year,P,
2026-09-23,24UCB141,RITHIKA R,3rd Year,P,
2026-09-24,24UCB141,RITHIKA R,3rd Year,P,
2026-09-25,24UCB141,RITHIKA R,3rd Year,P,
2026-09-28,24UCB141,RITHIKA R,3rd Year,P,
2026-09-29,24UCB141,RITHIKA R,3rd Year,P,
2026-09-30,24UCB141,RITHIKA R,3rd Year,P,
2026-10-01,24UCB141,RITHIKA R,3rd Year,P,
2026-10-05,24UCB141,RITHIKA R,3rd Year,P,
2026-08-14,24UCB147,SANTHIRISHA S,3rd Year,A,
2026-08-17,24UCB147,SANTHIRISHA S,3rd Year,P,
2026-08-18,24UCB147,SANTHIRISHA S,3rd Year,P,
2026-08-19,24UCB147,SANTHIRISHA S,3rd Year,P,
2026-08-21,24UCB147,SANTHIRISHA S,3rd Year,P,
2026-08-24,24UCB147,SANTHIRISHA S,3rd Year,P,
2026-08-25,24UCB147,SANTHIRISHA S,3rd Year,P,
2026-09-07,24UCB147,SANTHIRISHA S,3rd Year,P,
2026-09-09,24UCB147,SANTHIRISHA S,3rd Year,P,
2026-09-10,24UCB147,SANTHIRISHA S,3rd Year,P,
2026-09-11,24UCB147,SANTHIRISHA S,3rd Year,P,
2026-09-15,24UCB147,SANTHIRISHA S,3rd Year,P,
2026-09-16,24UCB147,SANTHIRISHA S,3rd Year,P,
2026-09-17,24UCB147,SANTHIRISHA S,3rd Year,P,
2026-09-18,24UCB147,SANTHIRISHA S,3rd Year,P,
2026-09-21,24UCB147,SANTHIRISHA S,3rd Year,P,
2026-09-22,24UCB147,SANTHIRISHA S,3rd Year,P,
2026-09-23,24UCB147,SANTHIRISHA S,3rd Year,P,
2026-09-24,24UCB147,SANTHIRISHA S,3rd Year,P,
2026-09-25,24UCB147,SANTHIRISHA S,3rd Year,A,
2026-09-28,24UCB147,SANTHIRISHA S,3rd Year,A,
2026-09-29,24UCB147,SANTHIRISHA S,3rd Year,P,
2026-09-30,24UCB147,SANTHIRISHA S,3rd Year,P,
2026-10-01,24UCB147,SANTHIRISHA S,3rd Year,P,
2026-08-14,24UCB150,SHASTIC K,3rd Year,P,
2026-08-17,24UCB150,SHASTIC K,3rd Year,A,
2026-08-18,24UCB150,SHASTIC K,3rd Year,P,
2026-08-19,24UCB150,SHASTIC K,3rd Year,P,
2026-08-21,24UCB150,SHASTIC K,3rd Year,P,
2026-08-24,24UCB150,SHASTIC K,3rd Year,P,
2026-08-25,24UCB150,SHASTIC K,3rd Year,P,
2026-09-07,24UCB150,SHASTIC K,3rd Year,P,
2026-09-09,24UCB150,SHASTIC K,3rd Year,P,
2026-09-10,24UCB150,SHASTIC K,3rd Year,P,
2026-09-15,24UCB150,SHASTIC K,3rd Year,P,
2026-09-16,24UCB150,SHASTIC K,3rd Year,A,
2026-09-17,24UCB150,SHASTIC K,3rd Year,A,
2026-09-18,24UCB150,SHASTIC K,3rd Year,P,
2026-09-21,24UCB150,SHASTIC K,3rd Year,P,
2026-09-22,24UCB150,SHASTIC K,3rd Year,P,
2026-09-23,24UCB150,SHASTIC K,3rd Year,P,
2026-09-24,24UCB150,SHASTIC K,3rd Year,P,
2026-09-25,24UCB150,SHASTIC K,3rd Year,A,
2026-09-28,24UCB150,SHASTIC K,3rd Year,A,
2026-09-29,24UCB150,SHASTIC K,3rd Year,A,
2026-09-30,24UCB150,SHASTIC K,3rd Year,P,
2026-10-01,24UCB150,SHASTIC K,3rd Year,P,
2026-10-05,24UCB150,SHASTIC K,3rd Year,P,
2026-08-14,24UCB159,SUSHMA V,3rd Year,P,
2026-08-17,24UCB159,SUSHMA V,3rd Year,P,
2026-08-18,24UCB159,SUSHMA V,3rd Year,P,
2026-08-19,24UCB159,SUSHMA V,3rd Year,P,
2026-08-21,24UCB159,SUSHMA V,3rd Year,A,
2026-08-24,24UCB159,SUSHMA V,3rd Year,A,
2026-08-25,24UCB159,SUSHMA V,3rd Year,P,
2026-09-07,24UCB159,SUSHMA V,3rd Year,P,
2026-09-09,24UCB159,SUSHMA V,3rd Year,A,
2026-09-10,24UCB159,SUSHMA V,3rd Year,A,
2026-09-11,24UCB159,SUSHMA V,3rd Year,A,
2026-09-15,24UCB159,SUSHMA V,3rd Year,P,
2026-09-16,24UCB159,SUSHMA V,3rd Year,A,
2026-09-17,24UCB159,SUSHMA V,3rd Year,A,
2026-09-18,24UCB159,SUSHMA V,3rd Year,P,
2026-09-21,24UCB159,SUSHMA V,3rd Year,A,
2026-09-22,24UCB159,SUSHMA V,3rd Year,A,
2026-09-23,24UCB159,SUSHMA V,3rd Year,P,
2026-09-24,24UCB159,SUSHMA V,3rd Year,A,
2026-09-25,24UCB159,SUSHMA V,3rd Year,A,
2026-09-28,24UCB159,SUSHMA V,3rd Year,A,
2026-09-29,24UCB159,SUSHMA V,3rd Year,A,
2026-09-30,24UCB159,SUSHMA V,3rd Year,P,
2026-10-01,24UCB159,SUSHMA V,3rd Year,A,
2026-08-14,24UCB160,THAREJA SRI G D,3rd Year,P,
2026-08-17,24UCB160,THAREJA SRI G D,3rd Year,P,
2026-08-18,24UCB160,THAREJA SRI G D,3rd Year,P,
2026-08-19,24UCB160,THAREJA SRI G D,3rd Year,P,
2026-08-21,24UCB160,THAREJA SRI G D,3rd Year,P,
2026-08-24,24UCB160,THAREJA SRI G D,3rd Year,P,
2026-08-25,24UCB160,THAREJA SRI G D,3rd Year,P,
2026-09-07,24UCB160,THAREJA SRI G D,3rd Year,A,
2026-09-09,24UCB160,THAREJA SRI G D,3rd Year,P,
2026-09-10,24UCB160,THAREJA SRI G D,3rd Year,P,
2026-09-11,24UCB160,THAREJA SRI G D,3rd Year,P,
2026-09-15,24UCB160,THAREJA SRI G D,3rd Year,P,
2026-09-16,24UCB160,THAREJA SRI G D,3rd Year,A,
2026-09-17,24UCB160,THAREJA SRI G D,3rd Year,A,
2026-09-18,24UCB160,THAREJA SRI G D,3rd Year,P,
2026-09-21,24UCB160,THAREJA SRI G D,3rd Year,P,
2026-09-22,24UCB160,THAREJA SRI G D,3rd Year,P,
2026-09-23,24UCB160,THAREJA SRI G D,3rd Year,P,
2026-09-24,24UCB160,THAREJA SRI G D,3rd Year,P,
2026-09-25,24UCB160,THAREJA SRI G D,3rd Year,A,
2026-09-28,24UCB160,THAREJA SRI G D,3rd Year,P,
2026-09-29,24UCB160,THAREJA SRI G D,3rd Year,P,
2026-09-30,24UCB160,THAREJA SRI G D,3rd Year,A,
2026-10-01,24UCB160,THAREJA SRI G D,3rd Year,P,
2026-10-05,24UCB160,THAREJA SRI G D,3rd Year,P,
2026-08-14,24UCB164,RAAGAV S R,3rd Year,A,
2026-08-17,24UCB164,RAAGAV S R,3rd Year,P,
2026-08-18,24UCB164,RAAGAV S R,3rd Year,A,
2026-08-19,24UCB164,RAAGAV S R,3rd Year,P,
2026-08-21,24UCB164,RAAGAV S R,3rd Year,A,
2026-08-24,24UCB164,RAAGAV S R,3rd Year,A,
2026-08-25,24UCB164,RAAGAV S R,3rd Year,A,
2026-09-07,24UCB164,RAAGAV S R,3rd Year,A,
2026-09-09,24UCB164,RAAGAV S R,3rd Year,A,
2026-09-10,24UCB164,RAAGAV S R,3rd Year,A,
2026-09-16,24UCB164,RAAGAV S R,3rd Year,A,
2026-09-17,24UCB164,RAAGAV S R,3rd Year,A,
2026-09-18,24UCB164,RAAGAV S R,3rd Year,A,
2026-09-21,24UCB164,RAAGAV S R,3rd Year,A,
2026-09-22,24UCB164,RAAGAV S R,3rd Year,A,
2026-09-23,24UCB164,RAAGAV S R,3rd Year,A,
2026-09-24,24UCB164,RAAGAV S R,3rd Year,A,
2026-09-25,24UCB164,RAAGAV S R,3rd Year,A,
2026-09-28,24UCB164,RAAGAV S R,3rd Year,A,
2026-09-29,24UCB164,RAAGAV S R,3rd Year,A,
2026-09-30,24UCB164,RAAGAV S R,3rd Year,A,
2026-10-01,24UCB164,RAAGAV S R,3rd Year,A,
2026-08-14,24ucs103,Abisheak S,3rd Year,P,
2026-08-17,24ucs103,Abisheak S,3rd Year,A,
2026-08-18,24ucs103,Abisheak S,3rd Year,A,
2026-08-19,24ucs103,Abisheak S,3rd Year,P,
2026-08-21,24ucs103,Abisheak S,3rd Year,P,
2026-08-24,24ucs103,Abisheak S,3rd Year,A,
2026-08-25,24ucs103,Abisheak S,3rd Year,A,
2026-09-07,24ucs103,Abisheak S,3rd Year,P,
2026-09-08,24ucs103,Abisheak S,3rd Year,P,
2026-09-09,24ucs103,Abisheak S,3rd Year,P,
2026-09-10,24ucs103,Abisheak S,3rd Year,P,
2026-09-11,24ucs103,Abisheak S,3rd Year,P,
2026-09-16,24ucs103,Abisheak S,3rd Year,A,
2026-09-17,24ucs103,Abisheak S,3rd Year,P,
2026-09-18,24ucs103,Abisheak S,3rd Year,P,
2026-09-21,24ucs103,Abisheak S,3rd Year,P,
2026-09-22,24ucs103,Abisheak S,3rd Year,P,
2026-09-23,24ucs103,Abisheak S,3rd Year,A,
2026-09-24,24ucs103,Abisheak S,3rd Year,P,
2026-09-25,24ucs103,Abisheak S,3rd Year,P,
2026-09-28,24ucs103,Abisheak S,3rd Year,P,
2026-09-29,24ucs103,Abisheak S,3rd Year,P,
2026-09-30,24ucs103,Abisheak S,3rd Year,P,
2026-10-01,24ucs103,Abisheak S,3rd Year,P,
2026-10-05,24ucs103,Abisheak S,3rd Year,P,
2026-08-14,24UCS104,AJAY R,3rd Year,P,
2026-08-17,24UCS104,AJAY R,3rd Year,P,
2026-08-18,24UCS104,AJAY R,3rd Year,P,
2026-08-19,24UCS104,AJAY R,3rd Year,P,
2026-08-21,24UCS104,AJAY R,3rd Year,P,
2026-08-24,24UCS104,AJAY R,3rd Year,A,
2026-08-25,24UCS104,AJAY R,3rd Year,P,
2026-09-07,24UCS104,AJAY R,3rd Year,P,
2026-09-08,24UCS104,AJAY R,3rd Year,P,
2026-09-09,24UCS104,AJAY R,3rd Year,P,
2026-09-10,24UCS104,AJAY R,3rd Year,P,
2026-09-11,24UCS104,AJAY R,3rd Year,P,
2026-09-15,24UCS104,AJAY R,3rd Year,P,
2026-09-16,24UCS104,AJAY R,3rd Year,P,
2026-09-17,24UCS104,AJAY R,3rd Year,P,
2026-09-18,24UCS104,AJAY R,3rd Year,P,
2026-09-21,24UCS104,AJAY R,3rd Year,P,
2026-09-22,24UCS104,AJAY R,3rd Year,P,
2026-09-23,24UCS104,AJAY R,3rd Year,P,
2026-09-24,24UCS104,AJAY R,3rd Year,P,
2026-09-25,24UCS104,AJAY R,3rd Year,P,
2026-09-28,24UCS104,AJAY R,3rd Year,P,
2026-09-29,24UCS104,AJAY R,3rd Year,P,
2026-09-30,24UCS104,AJAY R,3rd Year,P,
2026-10-01,24UCS104,AJAY R,3rd Year,P,
2026-10-05,24UCS104,AJAY R,3rd Year,P,
2026-08-14,24UCS105,AKILESH B,3rd Year,A,
2026-08-17,24UCS105,AKILESH B,3rd Year,A,
2026-08-18,24UCS105,AKILESH B,3rd Year,A,
2026-08-19,24UCS105,AKILESH B,3rd Year,A,
2026-08-21,24UCS105,AKILESH B,3rd Year,A,
2026-08-24,24UCS105,AKILESH B,3rd Year,A,
2026-08-25,24UCS105,AKILESH B,3rd Year,A,
2026-09-08,24UCS105,AKILESH B,3rd Year,A,
2026-09-09,24UCS105,AKILESH B,3rd Year,A,
2026-08-14,24UCS110,Anusha S,3rd Year,P,
2026-08-17,24UCS110,Anusha S,3rd Year,A,
2026-08-18,24UCS110,Anusha S,3rd Year,A,
2026-08-19,24UCS110,Anusha S,3rd Year,P,
2026-08-21,24UCS110,Anusha S,3rd Year,P,
2026-08-24,24UCS110,Anusha S,3rd Year,A,
2026-08-25,24UCS110,Anusha S,3rd Year,A,
2026-09-07,24UCS110,Anusha S,3rd Year,P,
2026-09-08,24UCS110,Anusha S,3rd Year,P,
2026-09-09,24UCS110,Anusha S,3rd Year,P,
2026-09-10,24UCS110,Anusha S,3rd Year,P,
2026-09-11,24UCS110,Anusha S,3rd Year,P,
2026-09-15,24UCS110,Anusha S,3rd Year,A,
2026-09-16,24UCS110,Anusha S,3rd Year,P,
2026-09-17,24UCS110,Anusha S,3rd Year,A,
2026-09-18,24UCS110,Anusha S,3rd Year,P,
2026-09-21,24UCS110,Anusha S,3rd Year,P,
2026-09-22,24UCS110,Anusha S,3rd Year,P,
2026-09-23,24UCS110,Anusha S,3rd Year,P,
2026-09-24,24UCS110,Anusha S,3rd Year,P,
2026-09-25,24UCS110,Anusha S,3rd Year,P,
2026-09-28,24UCS110,Anusha S,3rd Year,P,
2026-09-29,24UCS110,Anusha S,3rd Year,P,
2026-09-30,24UCS110,Anusha S,3rd Year,P,
2026-10-01,24UCS110,Anusha S,3rd Year,P,
2026-10-05,24UCS110,Anusha S,3rd Year,P,
2026-08-14,24UCS115,ASHWITHA K,3rd Year,P,
2026-08-17,24UCS115,ASHWITHA K,3rd Year,A,
2026-08-18,24UCS115,ASHWITHA K,3rd Year,A,
2026-08-19,24UCS115,ASHWITHA K,3rd Year,P,
2026-08-21,24UCS115,ASHWITHA K,3rd Year,P,
2026-08-24,24UCS115,ASHWITHA K,3rd Year,P,
2026-08-25,24UCS115,ASHWITHA K,3rd Year,P,
2026-09-07,24UCS115,ASHWITHA K,3rd Year,P,
2026-09-08,24UCS115,ASHWITHA K,3rd Year,P,
2026-09-09,24UCS115,ASHWITHA K,3rd Year,P,
2026-09-10,24UCS115,ASHWITHA K,3rd Year,P,
2026-09-11,24UCS115,ASHWITHA K,3rd Year,P,
2026-09-15,24UCS115,ASHWITHA K,3rd Year,A,
2026-09-16,24UCS115,ASHWITHA K,3rd Year,P,
2026-09-17,24UCS115,ASHWITHA K,3rd Year,A,
2026-09-18,24UCS115,ASHWITHA K,3rd Year,P,
2026-09-21,24UCS115,ASHWITHA K,3rd Year,P,
2026-09-22,24UCS115,ASHWITHA K,3rd Year,P,
2026-09-23,24UCS115,ASHWITHA K,3rd Year,P,
2026-09-24,24UCS115,ASHWITHA K,3rd Year,P,
2026-09-25,24UCS115,ASHWITHA K,3rd Year,P,
2026-09-28,24UCS115,ASHWITHA K,3rd Year,P,
2026-09-29,24UCS115,ASHWITHA K,3rd Year,P,
2026-09-30,24UCS115,ASHWITHA K,3rd Year,P,
2026-10-01,24UCS115,ASHWITHA K,3rd Year,P,
2026-10-05,24UCS115,ASHWITHA K,3rd Year,P,
2026-08-14,24UCS119,BOOMATHI P,3rd Year,P,
2026-08-17,24UCS119,BOOMATHI P,3rd Year,P,
2026-08-18,24UCS119,BOOMATHI P,3rd Year,P,
2026-08-19,24UCS119,BOOMATHI P,3rd Year,P,
2026-08-20,24UCS119,BOOMATHI P,3rd Year,P,
2026-08-21,24UCS119,BOOMATHI P,3rd Year,P,
2026-08-24,24UCS119,BOOMATHI P,3rd Year,P,
2026-08-25,24UCS119,BOOMATHI P,3rd Year,P,
2026-09-17,24UCS119,BOOMATHI P,3rd Year,A,
2026-09-23,24UCS119,BOOMATHI P,3rd Year,P,
2026-08-14,24UCS121,Deepak K M,3rd Year,A,
2026-08-17,24UCS121,Deepak K M,3rd Year,A,
2026-08-18,24UCS121,Deepak K M,3rd Year,A,
2026-08-19,24UCS121,Deepak K M,3rd Year,A,
2026-08-21,24UCS121,Deepak K M,3rd Year,A,
2026-08-24,24UCS121,Deepak K M,3rd Year,A,
2026-08-25,24UCS121,Deepak K M,3rd Year,A,
2026-09-08,24UCS121,Deepak K M,3rd Year,A,
2026-09-09,24UCS121,Deepak K M,3rd Year,A,
2026-09-18,24UCS121,Deepak K M,3rd Year,A,
2026-08-14,24UCS122,DHANYASHREE S,3rd Year,P,
2026-08-17,24UCS122,DHANYASHREE S,3rd Year,P,
2026-08-18,24UCS122,DHANYASHREE S,3rd Year,P,
2026-08-19,24UCS122,DHANYASHREE S,3rd Year,P,
2026-08-21,24UCS122,DHANYASHREE S,3rd Year,P,
2026-08-24,24UCS122,DHANYASHREE S,3rd Year,P,
2026-08-25,24UCS122,DHANYASHREE S,3rd Year,P,
2026-09-07,24UCS122,DHANYASHREE S,3rd Year,P,
2026-09-08,24UCS122,DHANYASHREE S,3rd Year,P,
2026-09-09,24UCS122,DHANYASHREE S,3rd Year,P,
2026-09-10,24UCS122,DHANYASHREE S,3rd Year,P,
2026-09-11,24UCS122,DHANYASHREE S,3rd Year,P,
2026-09-15,24UCS122,DHANYASHREE S,3rd Year,P,
2026-09-16,24UCS122,DHANYASHREE S,3rd Year,P,
2026-09-17,24UCS122,DHANYASHREE S,3rd Year,P,
2026-09-18,24UCS122,DHANYASHREE S,3rd Year,P,
2026-09-21,24UCS122,DHANYASHREE S,3rd Year,A,
2026-09-22,24UCS122,DHANYASHREE S,3rd Year,P,
2026-09-23,24UCS122,DHANYASHREE S,3rd Year,P,
2026-09-24,24UCS122,DHANYASHREE S,3rd Year,A,
2026-09-25,24UCS122,DHANYASHREE S,3rd Year,A,
2026-09-28,24UCS122,DHANYASHREE S,3rd Year,A,
2026-09-29,24UCS122,DHANYASHREE S,3rd Year,A,
2026-09-30,24UCS122,DHANYASHREE S,3rd Year,P,
2026-10-01,24UCS122,DHANYASHREE S,3rd Year,P,
2026-10-05,24UCS122,DHANYASHREE S,3rd Year,P,
2026-08-14,24UCS125,DHARSHIKA S,3rd Year,A,
2026-08-17,24UCS125,DHARSHIKA S,3rd Year,A,
2026-08-18,24UCS125,DHARSHIKA S,3rd Year,A,
2026-08-19,24UCS125,DHARSHIKA S,3rd Year,A,
2026-08-21,24UCS125,DHARSHIKA S,3rd Year,A,
2026-08-24,24UCS125,DHARSHIKA S,3rd Year,A,
2026-08-25,24UCS125,DHARSHIKA S,3rd Year,A,
2026-09-07,24UCS125,DHARSHIKA S,3rd Year,A,
2026-09-08,24UCS125,DHARSHIKA S,3rd Year,A,
2026-09-09,24UCS125,DHARSHIKA S,3rd Year,A,
2026-09-18,24UCS125,DHARSHIKA S,3rd Year,A,
2026-08-14,24UCS131,FATHIMA RIDHUWANA M,3rd Year,P,
2026-08-17,24UCS131,FATHIMA RIDHUWANA M,3rd Year,P,
2026-08-18,24UCS131,FATHIMA RIDHUWANA M,3rd Year,P,
2026-08-19,24UCS131,FATHIMA RIDHUWANA M,3rd Year,A,
2026-08-21,24UCS131,FATHIMA RIDHUWANA M,3rd Year,A,
2026-08-24,24UCS131,FATHIMA RIDHUWANA M,3rd Year,P,
2026-08-25,24UCS131,FATHIMA RIDHUWANA M,3rd Year,P,
2026-09-07,24UCS131,FATHIMA RIDHUWANA M,3rd Year,P,
2026-09-08,24UCS131,FATHIMA RIDHUWANA M,3rd Year,P,
2026-09-09,24UCS131,FATHIMA RIDHUWANA M,3rd Year,A,
2026-09-10,24UCS131,FATHIMA RIDHUWANA M,3rd Year,P,
2026-09-11,24UCS131,FATHIMA RIDHUWANA M,3rd Year,P,
2026-09-15,24UCS131,FATHIMA RIDHUWANA M,3rd Year,P,
2026-09-16,24UCS131,FATHIMA RIDHUWANA M,3rd Year,P,
2026-09-17,24UCS131,FATHIMA RIDHUWANA M,3rd Year,P,
2026-09-18,24UCS131,FATHIMA RIDHUWANA M,3rd Year,P,
2026-09-21,24UCS131,FATHIMA RIDHUWANA M,3rd Year,P,
2026-09-22,24UCS131,FATHIMA RIDHUWANA M,3rd Year,P,
2026-09-23,24UCS131,FATHIMA RIDHUWANA M,3rd Year,P,
2026-09-24,24UCS131,FATHIMA RIDHUWANA M,3rd Year,P,
2026-09-25,24UCS131,FATHIMA RIDHUWANA M,3rd Year,P,
2026-09-28,24UCS131,FATHIMA RIDHUWANA M,3rd Year,A,
2026-09-29,24UCS131,FATHIMA RIDHUWANA M,3rd Year,A,
2026-09-30,24UCS131,FATHIMA RIDHUWANA M,3rd Year,P,
2026-10-01,24UCS131,FATHIMA RIDHUWANA M,3rd Year,P,
2026-10-05,24UCS131,FATHIMA RIDHUWANA M,3rd Year,P,
2026-08-14,24UCS138,JAMAL ARSH M,3rd Year,A,
2026-08-17,24UCS138,JAMAL ARSH M,3rd Year,A,
2026-08-18,24UCS138,JAMAL ARSH M,3rd Year,A,
2026-08-19,24UCS138,JAMAL ARSH M,3rd Year,A,
2026-08-21,24UCS138,JAMAL ARSH M,3rd Year,P,
2026-08-24,24UCS138,JAMAL ARSH M,3rd Year,P,
2026-08-25,24UCS138,JAMAL ARSH M,3rd Year,A,
2026-09-07,24UCS138,JAMAL ARSH M,3rd Year,A,
2026-09-08,24UCS138,JAMAL ARSH M,3rd Year,P,
2026-09-09,24UCS138,JAMAL ARSH M,3rd Year,A,
2026-09-10,24UCS138,JAMAL ARSH M,3rd Year,P,
2026-09-15,24UCS138,JAMAL ARSH M,3rd Year,P,
2026-09-16,24UCS138,JAMAL ARSH M,3rd Year,A,
2026-09-17,24UCS138,JAMAL ARSH M,3rd Year,P,
2026-09-18,24UCS138,JAMAL ARSH M,3rd Year,P,
2026-09-21,24UCS138,JAMAL ARSH M,3rd Year,P,
2026-09-22,24UCS138,JAMAL ARSH M,3rd Year,A,
2026-09-23,24UCS138,JAMAL ARSH M,3rd Year,P,
2026-09-24,24UCS138,JAMAL ARSH M,3rd Year,A,
2026-09-25,24UCS138,JAMAL ARSH M,3rd Year,P,
2026-09-28,24UCS138,JAMAL ARSH M,3rd Year,A,
2026-09-29,24UCS138,JAMAL ARSH M,3rd Year,P,
2026-09-30,24UCS138,JAMAL ARSH M,3rd Year,A,
2026-10-01,24UCS138,JAMAL ARSH M,3rd Year,P,
2026-10-05,24UCS138,JAMAL ARSH M,3rd Year,P,
2026-08-14,24UCS139,JANANI J,3rd Year,P,
2026-08-17,24UCS139,JANANI J,3rd Year,A,
2026-08-18,24UCS139,JANANI J,3rd Year,P,
2026-08-19,24UCS139,JANANI J,3rd Year,P,
2026-08-21,24UCS139,JANANI J,3rd Year,P,
2026-08-24,24UCS139,JANANI J,3rd Year,P,
2026-08-25,24UCS139,JANANI J,3rd Year,P,
2026-09-07,24UCS139,JANANI J,3rd Year,P,
2026-09-08,24UCS139,JANANI J,3rd Year,P,
2026-09-09,24UCS139,JANANI J,3rd Year,P,
2026-09-10,24UCS139,JANANI J,3rd Year,P,
2026-09-15,24UCS139,JANANI J,3rd Year,P,
2026-09-16,24UCS139,JANANI J,3rd Year,P,
2026-09-17,24UCS139,JANANI J,3rd Year,P,
2026-09-18,24UCS139,JANANI J,3rd Year,P,
2026-09-21,24UCS139,JANANI J,3rd Year,P,
2026-09-22,24UCS139,JANANI J,3rd Year,P,
2026-09-23,24UCS139,JANANI J,3rd Year,P,
2026-09-24,24UCS139,JANANI J,3rd Year,P,
2026-09-25,24UCS139,JANANI J,3rd Year,P,
2026-09-28,24UCS139,JANANI J,3rd Year,P,
2026-09-29,24UCS139,JANANI J,3rd Year,P,
2026-09-30,24UCS139,JANANI J,3rd Year,P,
2026-10-01,24UCS139,JANANI J,3rd Year,P,
2026-10-05,24UCS139,JANANI J,3rd Year,A,
2026-08-14,24UCS141,JEEVAMBIGAI K,3rd Year,P,
2026-08-17,24UCS141,JEEVAMBIGAI K,3rd Year,P,
2026-08-18,24UCS141,JEEVAMBIGAI K,3rd Year,P,
2026-08-19,24UCS141,JEEVAMBIGAI K,3rd Year,A,
2026-08-21,24UCS141,JEEVAMBIGAI K,3rd Year,P,
2026-08-24,24UCS141,JEEVAMBIGAI K,3rd Year,P,
2026-08-25,24UCS141,JEEVAMBIGAI K,3rd Year,P,
2026-09-07,24UCS141,JEEVAMBIGAI K,3rd Year,P,
2026-09-08,24UCS141,JEEVAMBIGAI K,3rd Year,P,
2026-09-09,24UCS141,JEEVAMBIGAI K,3rd Year,P,
2026-09-10,24UCS141,JEEVAMBIGAI K,3rd Year,P,
2026-09-11,24UCS141,JEEVAMBIGAI K,3rd Year,P,
2026-09-15,24UCS141,JEEVAMBIGAI K,3rd Year,A,
2026-09-16,24UCS141,JEEVAMBIGAI K,3rd Year,P,
2026-09-17,24UCS141,JEEVAMBIGAI K,3rd Year,A,
2026-09-18,24UCS141,JEEVAMBIGAI K,3rd Year,P,
2026-09-21,24UCS141,JEEVAMBIGAI K,3rd Year,P,
2026-09-22,24UCS141,JEEVAMBIGAI K,3rd Year,P,
2026-09-23,24UCS141,JEEVAMBIGAI K,3rd Year,P,
2026-09-24,24UCS141,JEEVAMBIGAI K,3rd Year,P,
2026-09-25,24UCS141,JEEVAMBIGAI K,3rd Year,P,
2026-09-28,24UCS141,JEEVAMBIGAI K,3rd Year,P,
2026-09-29,24UCS141,JEEVAMBIGAI K,3rd Year,P,
2026-09-30,24UCS141,JEEVAMBIGAI K,3rd Year,P,
2026-10-01,24UCS141,JEEVAMBIGAI K,3rd Year,P,
2026-10-05,24UCS141,JEEVAMBIGAI K,3rd Year,P,
2026-08-14,24UCS150,KANISHMA MANIKANDAN,3rd Year,P,
2026-08-17,24UCS150,KANISHMA MANIKANDAN,3rd Year,A,
2026-08-18,24UCS150,KANISHMA MANIKANDAN,3rd Year,A,
2026-08-19,24UCS150,KANISHMA MANIKANDAN,3rd Year,P,
2026-08-21,24UCS150,KANISHMA MANIKANDAN,3rd Year,P,
2026-08-24,24UCS150,KANISHMA MANIKANDAN,3rd Year,A,
2026-08-25,24UCS150,KANISHMA MANIKANDAN,3rd Year,A,
2026-09-07,24UCS150,KANISHMA MANIKANDAN,3rd Year,P,
2026-09-08,24UCS150,KANISHMA MANIKANDAN,3rd Year,P,
2026-09-09,24UCS150,KANISHMA MANIKANDAN,3rd Year,P,
2026-09-10,24UCS150,KANISHMA MANIKANDAN,3rd Year,P,
2026-09-11,24UCS150,KANISHMA MANIKANDAN,3rd Year,P,
2026-09-15,24UCS150,KANISHMA MANIKANDAN,3rd Year,P,
2026-09-16,24UCS150,KANISHMA MANIKANDAN,3rd Year,P,
2026-09-17,24UCS150,KANISHMA MANIKANDAN,3rd Year,P,
2026-09-18,24UCS150,KANISHMA MANIKANDAN,3rd Year,P,
2026-09-21,24UCS150,KANISHMA MANIKANDAN,3rd Year,P,
2026-09-22,24UCS150,KANISHMA MANIKANDAN,3rd Year,P,
2026-09-23,24UCS150,KANISHMA MANIKANDAN,3rd Year,P,
2026-09-24,24UCS150,KANISHMA MANIKANDAN,3rd Year,P,
2026-09-25,24UCS150,KANISHMA MANIKANDAN,3rd Year,P,
2026-09-28,24UCS150,KANISHMA MANIKANDAN,3rd Year,P,
2026-09-29,24UCS150,KANISHMA MANIKANDAN,3rd Year,P,
2026-09-30,24UCS150,KANISHMA MANIKANDAN,3rd Year,A,
2026-10-01,24UCS150,KANISHMA MANIKANDAN,3rd Year,P,
2026-10-05,24UCS150,KANISHMA MANIKANDAN,3rd Year,P,
2026-08-14,24UCS151,KARTHIKADEVI C,3rd Year,P,
2026-08-17,24UCS151,KARTHIKADEVI C,3rd Year,A,
2026-08-18,24UCS151,KARTHIKADEVI C,3rd Year,P,
2026-08-19,24UCS151,KARTHIKADEVI C,3rd Year,P,
2026-08-21,24UCS151,KARTHIKADEVI C,3rd Year,P,
2026-08-24,24UCS151,KARTHIKADEVI C,3rd Year,P,
2026-08-25,24UCS151,KARTHIKADEVI C,3rd Year,P,
2026-09-07,24UCS151,KARTHIKADEVI C,3rd Year,P,
2026-09-08,24UCS151,KARTHIKADEVI C,3rd Year,P,
2026-09-09,24UCS151,KARTHIKADEVI C,3rd Year,P,
2026-09-10,24UCS151,KARTHIKADEVI C,3rd Year,P,
2026-09-11,24UCS151,KARTHIKADEVI C,3rd Year,P,
2026-09-15,24UCS151,KARTHIKADEVI C,3rd Year,P,
2026-09-16,24UCS151,KARTHIKADEVI C,3rd Year,P,
2026-09-17,24UCS151,KARTHIKADEVI C,3rd Year,P,
2026-09-18,24UCS151,KARTHIKADEVI C,3rd Year,P,
2026-09-21,24UCS151,KARTHIKADEVI C,3rd Year,P,
2026-09-22,24UCS151,KARTHIKADEVI C,3rd Year,P,
2026-09-23,24UCS151,KARTHIKADEVI C,3rd Year,P,
2026-09-24,24UCS151,KARTHIKADEVI C,3rd Year,P,
2026-09-25,24UCS151,KARTHIKADEVI C,3rd Year,P,
2026-09-28,24UCS151,KARTHIKADEVI C,3rd Year,P,
2026-09-29,24UCS151,KARTHIKADEVI C,3rd Year,P,
2026-09-30,24UCS151,KARTHIKADEVI C,3rd Year,P,
2026-10-01,24UCS151,KARTHIKADEVI C,3rd Year,P,
2026-10-05,24UCS151,KARTHIKADEVI C,3rd Year,P,
2026-08-14,24UCS157,MAKIZHAA SRI D,3rd Year,P,
2026-08-17,24UCS157,MAKIZHAA SRI D,3rd Year,P,
2026-08-18,24UCS157,MAKIZHAA SRI D,3rd Year,P,
2026-08-19,24UCS157,MAKIZHAA SRI D,3rd Year,P,
2026-08-21,24UCS157,MAKIZHAA SRI D,3rd Year,P,
2026-08-24,24UCS157,MAKIZHAA SRI D,3rd Year,P,
2026-08-25,24UCS157,MAKIZHAA SRI D,3rd Year,P,
2026-09-07,24UCS157,MAKIZHAA SRI D,3rd Year,A,
2026-09-08,24UCS157,MAKIZHAA SRI D,3rd Year,P,
2026-09-09,24UCS157,MAKIZHAA SRI D,3rd Year,P,
2026-09-10,24UCS157,MAKIZHAA SRI D,3rd Year,P,
2026-09-11,24UCS157,MAKIZHAA SRI D,3rd Year,P,
2026-09-15,24UCS157,MAKIZHAA SRI D,3rd Year,A,
2026-09-16,24UCS157,MAKIZHAA SRI D,3rd Year,P,
2026-09-17,24UCS157,MAKIZHAA SRI D,3rd Year,P,
2026-09-18,24UCS157,MAKIZHAA SRI D,3rd Year,P,
2026-09-21,24UCS157,MAKIZHAA SRI D,3rd Year,P,
2026-09-22,24UCS157,MAKIZHAA SRI D,3rd Year,P,
2026-09-23,24UCS157,MAKIZHAA SRI D,3rd Year,P,
2026-09-24,24UCS157,MAKIZHAA SRI D,3rd Year,P,
2026-09-25,24UCS157,MAKIZHAA SRI D,3rd Year,P,
2026-09-28,24UCS157,MAKIZHAA SRI D,3rd Year,P,
2026-09-29,24UCS157,MAKIZHAA SRI D,3rd Year,P,
2026-09-30,24UCS157,MAKIZHAA SRI D,3rd Year,P,
2026-10-01,24UCS157,MAKIZHAA SRI D,3rd Year,P,
2026-10-05,24UCS157,MAKIZHAA SRI D,3rd Year,P,
2026-08-14,24UCS159,MANOJ D,3rd Year,P,
2026-08-17,24UCS159,MANOJ D,3rd Year,A,
2026-08-18,24UCS159,MANOJ D,3rd Year,P,
2026-08-19,24UCS159,MANOJ D,3rd Year,A,
2026-08-21,24UCS159,MANOJ D,3rd Year,P,
2026-08-24,24UCS159,MANOJ D,3rd Year,P,
2026-08-25,24UCS159,MANOJ D,3rd Year,A,
2026-09-07,24UCS159,MANOJ D,3rd Year,A,
2026-09-08,24UCS159,MANOJ D,3rd Year,P,
2026-09-09,24UCS159,MANOJ D,3rd Year,A,
2026-09-10,24UCS159,MANOJ D,3rd Year,P,
2026-09-11,24UCS159,MANOJ D,3rd Year,P,
2026-09-15,24UCS159,MANOJ D,3rd Year,P,
2026-09-16,24UCS159,MANOJ D,3rd Year,P,
2026-09-17,24UCS159,MANOJ D,3rd Year,P,
2026-09-18,24UCS159,MANOJ D,3rd Year,A,
2026-09-21,24UCS159,MANOJ D,3rd Year,A,
2026-09-22,24UCS159,MANOJ D,3rd Year,A,
2026-09-23,24UCS159,MANOJ D,3rd Year,P,
2026-09-24,24UCS159,MANOJ D,3rd Year,P,
2026-09-25,24UCS159,MANOJ D,3rd Year,P,
2026-09-28,24UCS159,MANOJ D,3rd Year,P,
2026-09-29,24UCS159,MANOJ D,3rd Year,P,
2026-09-30,24UCS159,MANOJ D,3rd Year,P,
2026-10-01,24UCS159,MANOJ D,3rd Year,P,
2026-08-14,24UCS160,MAROOSHINI R,3rd Year,P,
2026-08-17,24UCS160,MAROOSHINI R,3rd Year,P,
2026-08-18,24UCS160,MAROOSHINI R,3rd Year,P,
2026-08-19,24UCS160,MAROOSHINI R,3rd Year,P,
2026-08-21,24UCS160,MAROOSHINI R,3rd Year,P,
2026-08-24,24UCS160,MAROOSHINI R,3rd Year,P,
2026-08-25,24UCS160,MAROOSHINI R,3rd Year,P,
2026-09-07,24UCS160,MAROOSHINI R,3rd Year,A,
2026-09-08,24UCS160,MAROOSHINI R,3rd Year,P,
2026-09-09,24UCS160,MAROOSHINI R,3rd Year,P,
2026-09-10,24UCS160,MAROOSHINI R,3rd Year,P,
2026-09-11,24UCS160,MAROOSHINI R,3rd Year,P,
2026-09-15,24UCS160,MAROOSHINI R,3rd Year,P,
2026-09-16,24UCS160,MAROOSHINI R,3rd Year,A,
2026-09-17,24UCS160,MAROOSHINI R,3rd Year,P,
2026-09-18,24UCS160,MAROOSHINI R,3rd Year,P,
2026-09-21,24UCS160,MAROOSHINI R,3rd Year,P,
2026-09-22,24UCS160,MAROOSHINI R,3rd Year,P,
2026-09-23,24UCS160,MAROOSHINI R,3rd Year,P,
2026-09-24,24UCS160,MAROOSHINI R,3rd Year,P,
2026-09-25,24UCS160,MAROOSHINI R,3rd Year,P,
2026-09-28,24UCS160,MAROOSHINI R,3rd Year,P,
2026-09-29,24UCS160,MAROOSHINI R,3rd Year,P,
2026-09-30,24UCS160,MAROOSHINI R,3rd Year,P,
2026-10-01,24UCS160,MAROOSHINI R,3rd Year,P,
2026-10-05,24UCS160,MAROOSHINI R,3rd Year,P,
2026-08-14,24UCS161,MEENAROSHINI R,3rd Year,P,
2026-08-17,24UCS161,MEENAROSHINI R,3rd Year,A,
2026-08-18,24UCS161,MEENAROSHINI R,3rd Year,P,
2026-08-19,24UCS161,MEENAROSHINI R,3rd Year,P,
2026-08-21,24UCS161,MEENAROSHINI R,3rd Year,P,
2026-08-24,24UCS161,MEENAROSHINI R,3rd Year,P,
2026-08-25,24UCS161,MEENAROSHINI R,3rd Year,P,
2026-09-07,24UCS161,MEENAROSHINI R,3rd Year,P,
2026-09-08,24UCS161,MEENAROSHINI R,3rd Year,P,
2026-09-09,24UCS161,MEENAROSHINI R,3rd Year,P,
2026-09-10,24UCS161,MEENAROSHINI R,3rd Year,P,
2026-09-15,24UCS161,MEENAROSHINI R,3rd Year,P,
2026-09-16,24UCS161,MEENAROSHINI R,3rd Year,P,
2026-09-17,24UCS161,MEENAROSHINI R,3rd Year,P,
2026-09-18,24UCS161,MEENAROSHINI R,3rd Year,P,
2026-09-21,24UCS161,MEENAROSHINI R,3rd Year,P,
2026-09-22,24UCS161,MEENAROSHINI R,3rd Year,P,
2026-09-23,24UCS161,MEENAROSHINI R,3rd Year,P,
2026-09-24,24UCS161,MEENAROSHINI R,3rd Year,P,
2026-09-25,24UCS161,MEENAROSHINI R,3rd Year,P,
2026-09-28,24UCS161,MEENAROSHINI R,3rd Year,P,
2026-09-29,24UCS161,MEENAROSHINI R,3rd Year,P,
2026-09-30,24UCS161,MEENAROSHINI R,3rd Year,P,
2026-10-01,24UCS161,MEENAROSHINI R,3rd Year,P,
2026-08-14,24UCS162,MIRUDHUBASINI N,3rd Year,A,
2026-08-17,24UCS162,MIRUDHUBASINI N,3rd Year,P,
2026-08-18,24UCS162,MIRUDHUBASINI N,3rd Year,P,
2026-08-19,24UCS162,MIRUDHUBASINI N,3rd Year,P,
2026-08-21,24UCS162,MIRUDHUBASINI N,3rd Year,P,
2026-08-24,24UCS162,MIRUDHUBASINI N,3rd Year,P,
2026-08-25,24UCS162,MIRUDHUBASINI N,3rd Year,P,
2026-09-07,24UCS162,MIRUDHUBASINI N,3rd Year,A,
2026-09-08,24UCS162,MIRUDHUBASINI N,3rd Year,P,
2026-09-09,24UCS162,MIRUDHUBASINI N,3rd Year,P,
2026-09-10,24UCS162,MIRUDHUBASINI N,3rd Year,P,
2026-09-15,24UCS162,MIRUDHUBASINI N,3rd Year,A,
2026-09-16,24UCS162,MIRUDHUBASINI N,3rd Year,A,
2026-09-17,24UCS162,MIRUDHUBASINI N,3rd Year,A,
2026-09-18,24UCS162,MIRUDHUBASINI N,3rd Year,P,
2026-09-21,24UCS162,MIRUDHUBASINI N,3rd Year,P,
2026-09-22,24UCS162,MIRUDHUBASINI N,3rd Year,P,
2026-09-23,24UCS162,MIRUDHUBASINI N,3rd Year,P,
2026-09-24,24UCS162,MIRUDHUBASINI N,3rd Year,P,
2026-09-25,24UCS162,MIRUDHUBASINI N,3rd Year,A,
2026-09-28,24UCS162,MIRUDHUBASINI N,3rd Year,P,
2026-09-29,24UCS162,MIRUDHUBASINI N,3rd Year,P,
2026-09-30,24UCS162,MIRUDHUBASINI N,3rd Year,P,
2026-10-01,24UCS162,MIRUDHUBASINI N,3rd Year,P,
2026-10-05,24UCS162,MIRUDHUBASINI N,3rd Year,P,
2026-08-14,24UCS207,NETRA VASUDEVAN,3rd Year,A,
2026-08-17,24UCS207,NETRA VASUDEVAN,3rd Year,P,
2026-08-18,24UCS207,NETRA VASUDEVAN,3rd Year,P,
2026-08-19,24UCS207,NETRA VASUDEVAN,3rd Year,P,
2026-08-21,24UCS207,NETRA VASUDEVAN,3rd Year,P,
2026-08-24,24UCS207,NETRA VASUDEVAN,3rd Year,P,
2026-08-25,24UCS207,NETRA VASUDEVAN,3rd Year,A,
2026-09-07,24UCS207,NETRA VASUDEVAN,3rd Year,P,
2026-09-08,24UCS207,NETRA VASUDEVAN,3rd Year,P,
2026-09-09,24UCS207,NETRA VASUDEVAN,3rd Year,P,
2026-09-10,24UCS207,NETRA VASUDEVAN,3rd Year,P,
2026-09-11,24UCS207,NETRA VASUDEVAN,3rd Year,P,
2026-09-15,24UCS207,NETRA VASUDEVAN,3rd Year,P,
2026-09-16,24UCS207,NETRA VASUDEVAN,3rd Year,P,
2026-09-17,24UCS207,NETRA VASUDEVAN,3rd Year,P,
2026-09-18,24UCS207,NETRA VASUDEVAN,3rd Year,P,
2026-09-21,24UCS207,NETRA VASUDEVAN,3rd Year,P,
2026-09-22,24UCS207,NETRA VASUDEVAN,3rd Year,P,
2026-09-23,24UCS207,NETRA VASUDEVAN,3rd Year,P,
2026-09-24,24UCS207,NETRA VASUDEVAN,3rd Year,P,
2026-09-25,24UCS207,NETRA VASUDEVAN,3rd Year,P,
2026-09-28,24UCS207,NETRA VASUDEVAN,3rd Year,P,
2026-09-29,24UCS207,NETRA VASUDEVAN,3rd Year,P,
2026-09-30,24UCS207,NETRA VASUDEVAN,3rd Year,P,
2026-10-01,24UCS207,NETRA VASUDEVAN,3rd Year,P,
2026-10-05,24UCS207,NETRA VASUDEVAN,3rd Year,P,
2026-08-14,24UCS208,NIRMAL RAJ M,3rd Year,P,
2026-08-17,24UCS208,NIRMAL RAJ M,3rd Year,P,
2026-08-18,24UCS208,NIRMAL RAJ M,3rd Year,P,
2026-08-19,24UCS208,NIRMAL RAJ M,3rd Year,P,
2026-08-21,24UCS208,NIRMAL RAJ M,3rd Year,P,
2026-08-24,24UCS208,NIRMAL RAJ M,3rd Year,P,
2026-08-25,24UCS208,NIRMAL RAJ M,3rd Year,P,
2026-09-07,24UCS208,NIRMAL RAJ M,3rd Year,P,
2026-09-08,24UCS208,NIRMAL RAJ M,3rd Year,P,
2026-09-09,24UCS208,NIRMAL RAJ M,3rd Year,P,
2026-09-10,24UCS208,NIRMAL RAJ M,3rd Year,P,
2026-09-11,24UCS208,NIRMAL RAJ M,3rd Year,P,
2026-09-15,24UCS208,NIRMAL RAJ M,3rd Year,A,
2026-09-16,24UCS208,NIRMAL RAJ M,3rd Year,P,
2026-09-17,24UCS208,NIRMAL RAJ M,3rd Year,P,
2026-09-18,24UCS208,NIRMAL RAJ M,3rd Year,A,
2026-09-21,24UCS208,NIRMAL RAJ M,3rd Year,P,
2026-09-22,24UCS208,NIRMAL RAJ M,3rd Year,P,
2026-09-23,24UCS208,NIRMAL RAJ M,3rd Year,A,
2026-09-24,24UCS208,NIRMAL RAJ M,3rd Year,P,
2026-09-25,24UCS208,NIRMAL RAJ M,3rd Year,P,
2026-09-28,24UCS208,NIRMAL RAJ M,3rd Year,P,
2026-09-29,24UCS208,NIRMAL RAJ M,3rd Year,P,
2026-09-30,24UCS208,NIRMAL RAJ M,3rd Year,P,
2026-10-01,24UCS208,NIRMAL RAJ M,3rd Year,P,
2026-10-05,24UCS208,NIRMAL RAJ M,3rd Year,P,
2026-08-14,24UCS222,RAKSHITA C B,3rd Year,A,
2026-08-17,24UCS222,RAKSHITA C B,3rd Year,P,
2026-08-18,24UCS222,RAKSHITA C B,3rd Year,P,
2026-08-19,24UCS222,RAKSHITA C B,3rd Year,P,
2026-08-21,24UCS222,RAKSHITA C B,3rd Year,P,
2026-08-24,24UCS222,RAKSHITA C B,3rd Year,P,
2026-08-25,24UCS222,RAKSHITA C B,3rd Year,P,
2026-09-07,24UCS222,RAKSHITA C B,3rd Year,P,
2026-09-08,24UCS222,RAKSHITA C B,3rd Year,P,
2026-09-09,24UCS222,RAKSHITA C B,3rd Year,P,
2026-09-10,24UCS222,RAKSHITA C B,3rd Year,P,
2026-09-11,24UCS222,RAKSHITA C B,3rd Year,P,
2026-09-15,24UCS222,RAKSHITA C B,3rd Year,P,
2026-09-16,24UCS222,RAKSHITA C B,3rd Year,P,
2026-09-17,24UCS222,RAKSHITA C B,3rd Year,P,
2026-09-18,24UCS222,RAKSHITA C B,3rd Year,P,
2026-09-21,24UCS222,RAKSHITA C B,3rd Year,A,
2026-09-22,24UCS222,RAKSHITA C B,3rd Year,P,
2026-09-23,24UCS222,RAKSHITA C B,3rd Year,P,
2026-09-24,24UCS222,RAKSHITA C B,3rd Year,P,
2026-09-25,24UCS222,RAKSHITA C B,3rd Year,P,
2026-09-28,24UCS222,RAKSHITA C B,3rd Year,A,
2026-09-29,24UCS222,RAKSHITA C B,3rd Year,P,
2026-09-30,24UCS222,RAKSHITA C B,3rd Year,P,
2026-10-01,24UCS222,RAKSHITA C B,3rd Year,P,
2026-10-05,24UCS222,RAKSHITA C B,3rd Year,P,
2026-08-14,24UCS224,SABAREESWARAN S,3rd Year,P,
2026-08-17,24UCS224,SABAREESWARAN S,3rd Year,P,
2026-08-18,24UCS224,SABAREESWARAN S,3rd Year,P,
2026-08-19,24UCS224,SABAREESWARAN S,3rd Year,P,
2026-08-21,24UCS224,SABAREESWARAN S,3rd Year,P,
2026-08-24,24UCS224,SABAREESWARAN S,3rd Year,P,
2026-08-25,24UCS224,SABAREESWARAN S,3rd Year,A,
2026-09-07,24UCS224,SABAREESWARAN S,3rd Year,A,
2026-09-08,24UCS224,SABAREESWARAN S,3rd Year,A,
2026-09-09,24UCS224,SABAREESWARAN S,3rd Year,P,
2026-09-10,24UCS224,SABAREESWARAN S,3rd Year,P,
2026-09-11,24UCS224,SABAREESWARAN S,3rd Year,P,
2026-09-15,24UCS224,SABAREESWARAN S,3rd Year,P,
2026-09-16,24UCS224,SABAREESWARAN S,3rd Year,P,
2026-09-17,24UCS224,SABAREESWARAN S,3rd Year,P,
2026-09-18,24UCS224,SABAREESWARAN S,3rd Year,P,
2026-09-21,24UCS224,SABAREESWARAN S,3rd Year,P,
2026-09-22,24UCS224,SABAREESWARAN S,3rd Year,A,
2026-09-23,24UCS224,SABAREESWARAN S,3rd Year,P,
2026-09-24,24UCS224,SABAREESWARAN S,3rd Year,P,
2026-09-25,24UCS224,SABAREESWARAN S,3rd Year,P,
2026-09-28,24UCS224,SABAREESWARAN S,3rd Year,P,
2026-09-29,24UCS224,SABAREESWARAN S,3rd Year,P,
2026-09-30,24UCS224,SABAREESWARAN S,3rd Year,A,
2026-10-01,24UCS224,SABAREESWARAN S,3rd Year,P,
2026-10-05,24UCS224,SABAREESWARAN S,3rd Year,P,
2026-08-14,24UCS225,SAHANA P,3rd Year,P,
2026-08-17,24UCS225,SAHANA P,3rd Year,A,
2026-08-18,24UCS225,SAHANA P,3rd Year,A,
2026-08-19,24UCS225,SAHANA P,3rd Year,P,
2026-08-21,24UCS225,SAHANA P,3rd Year,P,
2026-08-24,24UCS225,SAHANA P,3rd Year,A,
2026-08-25,24UCS225,SAHANA P,3rd Year,A,
2026-09-07,24UCS225,SAHANA P,3rd Year,A,
2026-09-08,24UCS225,SAHANA P,3rd Year,A,
2026-09-09,24UCS225,SAHANA P,3rd Year,P,
2026-09-11,24UCS225,SAHANA P,3rd Year,P,
2026-09-15,24UCS225,SAHANA P,3rd Year,P,
2026-09-16,24UCS225,SAHANA P,3rd Year,P,
2026-09-17,24UCS225,SAHANA P,3rd Year,P,
2026-09-18,24UCS225,SAHANA P,3rd Year,P,
2026-09-21,24UCS225,SAHANA P,3rd Year,P,
2026-09-22,24UCS225,SAHANA P,3rd Year,A,
2026-09-23,24UCS225,SAHANA P,3rd Year,P,
2026-09-24,24UCS225,SAHANA P,3rd Year,P,
2026-09-25,24UCS225,SAHANA P,3rd Year,P,
2026-09-28,24UCS225,SAHANA P,3rd Year,P,
2026-09-29,24UCS225,SAHANA P,3rd Year,P,
2026-09-30,24UCS225,SAHANA P,3rd Year,P,
2026-10-01,24UCS225,SAHANA P,3rd Year,P,
2026-10-05,24UCS225,SAHANA P,3rd Year,A,
2026-08-14,24UCS238,SHARMILY V,3rd Year,P,
2026-08-17,24UCS238,SHARMILY V,3rd Year,P,
2026-08-18,24UCS238,SHARMILY V,3rd Year,P,
2026-08-19,24UCS238,SHARMILY V,3rd Year,P,
2026-08-21,24UCS238,SHARMILY V,3rd Year,P,
2026-08-24,24UCS238,SHARMILY V,3rd Year,A,
2026-08-25,24UCS238,SHARMILY V,3rd Year,P,
2026-09-07,24UCS238,SHARMILY V,3rd Year,P,
2026-09-08,24UCS238,SHARMILY V,3rd Year,P,
2026-09-09,24UCS238,SHARMILY V,3rd Year,P,
2026-09-10,24UCS238,SHARMILY V,3rd Year,P,
2026-09-11,24UCS238,SHARMILY V,3rd Year,P,
2026-09-15,24UCS238,SHARMILY V,3rd Year,A,
2026-09-16,24UCS238,SHARMILY V,3rd Year,P,
2026-09-17,24UCS238,SHARMILY V,3rd Year,A,
2026-09-18,24UCS238,SHARMILY V,3rd Year,P,
2026-09-21,24UCS238,SHARMILY V,3rd Year,P,
2026-09-22,24UCS238,SHARMILY V,3rd Year,P,
2026-09-23,24UCS238,SHARMILY V,3rd Year,P,
2026-09-24,24UCS238,SHARMILY V,3rd Year,P,
2026-09-25,24UCS238,SHARMILY V,3rd Year,P,
2026-09-28,24UCS238,SHARMILY V,3rd Year,A,
2026-09-29,24UCS238,SHARMILY V,3rd Year,P,
2026-09-30,24UCS238,SHARMILY V,3rd Year,P,
2026-10-01,24UCS238,SHARMILY V,3rd Year,P,
2026-10-05,24UCS238,SHARMILY V,3rd Year,P,
2026-08-14,24UCS246,SRIDHARSHAN P J,3rd Year,P,
2026-08-17,24UCS246,SRIDHARSHAN P J,3rd Year,P,
2026-08-18,24UCS246,SRIDHARSHAN P J,3rd Year,A,
2026-08-19,24UCS246,SRIDHARSHAN P J,3rd Year,P,
2026-08-21,24UCS246,SRIDHARSHAN P J,3rd Year,P,
2026-08-24,24UCS246,SRIDHARSHAN P J,3rd Year,P,
2026-08-25,24UCS246,SRIDHARSHAN P J,3rd Year,A,
2026-09-07,24UCS246,SRIDHARSHAN P J,3rd Year,P,
2026-09-08,24UCS246,SRIDHARSHAN P J,3rd Year,P,
2026-09-09,24UCS246,SRIDHARSHAN P J,3rd Year,P,
2026-09-10,24UCS246,SRIDHARSHAN P J,3rd Year,P,
2026-09-11,24UCS246,SRIDHARSHAN P J,3rd Year,P,
2026-09-15,24UCS246,SRIDHARSHAN P J,3rd Year,P,
2026-09-16,24UCS246,SRIDHARSHAN P J,3rd Year,P,
2026-09-17,24UCS246,SRIDHARSHAN P J,3rd Year,P,
2026-09-18,24UCS246,SRIDHARSHAN P J,3rd Year,P,
2026-09-21,24UCS246,SRIDHARSHAN P J,3rd Year,A,
2026-09-22,24UCS246,SRIDHARSHAN P J,3rd Year,P,
2026-09-23,24UCS246,SRIDHARSHAN P J,3rd Year,P,
2026-09-24,24UCS246,SRIDHARSHAN P J,3rd Year,P,
2026-09-25,24UCS246,SRIDHARSHAN P J,3rd Year,A,
2026-09-28,24UCS246,SRIDHARSHAN P J,3rd Year,P,
2026-09-29,24UCS246,SRIDHARSHAN P J,3rd Year,P,
2026-09-30,24UCS246,SRIDHARSHAN P J,3rd Year,P,
2026-10-01,24UCS246,SRIDHARSHAN P J,3rd Year,P,
2026-10-05,24UCS246,SRIDHARSHAN P J,3rd Year,P,
2026-08-14,24UCS248,SRISHANTH K,3rd Year,P,
2026-08-17,24UCS248,SRISHANTH K,3rd Year,P,
2026-08-18,24UCS248,SRISHANTH K,3rd Year,P,
2026-08-19,24UCS248,SRISHANTH K,3rd Year,P,
2026-08-21,24UCS248,SRISHANTH K,3rd Year,P,
2026-08-24,24UCS248,SRISHANTH K,3rd Year,P,
2026-08-25,24UCS248,SRISHANTH K,3rd Year,A,
2026-09-07,24UCS248,SRISHANTH K,3rd Year,A,
2026-09-08,24UCS248,SRISHANTH K,3rd Year,A,
2026-09-09,24UCS248,SRISHANTH K,3rd Year,P,
2026-09-10,24UCS248,SRISHANTH K,3rd Year,A,
2026-09-15,24UCS248,SRISHANTH K,3rd Year,A,
2026-09-16,24UCS248,SRISHANTH K,3rd Year,A,
2026-09-17,24UCS248,SRISHANTH K,3rd Year,P,
2026-09-18,24UCS248,SRISHANTH K,3rd Year,P,
2026-09-21,24UCS248,SRISHANTH K,3rd Year,P,
2026-09-22,24UCS248,SRISHANTH K,3rd Year,P,
2026-09-23,24UCS248,SRISHANTH K,3rd Year,P,
2026-09-24,24UCS248,SRISHANTH K,3rd Year,P,
2026-09-25,24UCS248,SRISHANTH K,3rd Year,P,
2026-09-28,24UCS248,SRISHANTH K,3rd Year,A,
2026-09-29,24UCS248,SRISHANTH K,3rd Year,A,
2026-09-30,24UCS248,SRISHANTH K,3rd Year,A,
2026-10-01,24UCS248,SRISHANTH K,3rd Year,A,
2026-08-14,24UCS258,VIDHYABHUSHAN S,3rd Year,P,
2026-08-17,24UCS258,VIDHYABHUSHAN S,3rd Year,P,
2026-08-18,24UCS258,VIDHYABHUSHAN S,3rd Year,P,
2026-08-19,24UCS258,VIDHYABHUSHAN S,3rd Year,P,
2026-08-21,24UCS258,VIDHYABHUSHAN S,3rd Year,P,
2026-08-24,24UCS258,VIDHYABHUSHAN S,3rd Year,P,
2026-08-25,24UCS258,VIDHYABHUSHAN S,3rd Year,A,
2026-09-07,24UCS258,VIDHYABHUSHAN S,3rd Year,P,
2026-09-08,24UCS258,VIDHYABHUSHAN S,3rd Year,A,
2026-09-09,24UCS258,VIDHYABHUSHAN S,3rd Year,P,
2026-09-10,24UCS258,VIDHYABHUSHAN S,3rd Year,P,
2026-09-15,24UCS258,VIDHYABHUSHAN S,3rd Year,A,
2026-09-16,24UCS258,VIDHYABHUSHAN S,3rd Year,A,
2026-09-17,24UCS258,VIDHYABHUSHAN S,3rd Year,A,
2026-09-18,24UCS258,VIDHYABHUSHAN S,3rd Year,P,
2026-09-21,24UCS258,VIDHYABHUSHAN S,3rd Year,P,
2026-09-22,24UCS258,VIDHYABHUSHAN S,3rd Year,A,
2026-09-23,24UCS258,VIDHYABHUSHAN S,3rd Year,A,
2026-09-24,24UCS258,VIDHYABHUSHAN S,3rd Year,P,
2026-09-25,24UCS258,VIDHYABHUSHAN S,3rd Year,P,
2026-09-28,24UCS258,VIDHYABHUSHAN S,3rd Year,P,
2026-09-29,24UCS258,VIDHYABHUSHAN S,3rd Year,P,
2026-09-30,24UCS258,VIDHYABHUSHAN S,3rd Year,P,
2026-10-01,24UCS258,VIDHYABHUSHAN S,3rd Year,P,
2026-10-05,24UCS258,VIDHYABHUSHAN S,3rd Year,P,
2026-08-14,24UCS259,VINISH BLESSING A,3rd Year,A,
2026-08-17,24UCS259,VINISH BLESSING A,3rd Year,P,
2026-08-18,24UCS259,VINISH BLESSING A,3rd Year,P,
2026-08-19,24UCS259,VINISH BLESSING A,3rd Year,P,
2026-08-21,24UCS259,VINISH BLESSING A,3rd Year,A,
2026-08-24,24UCS259,VINISH BLESSING A,3rd Year,P,
2026-08-25,24UCS259,VINISH BLESSING A,3rd Year,A,
2026-09-07,24UCS259,VINISH BLESSING A,3rd Year,A,
2026-09-08,24UCS259,VINISH BLESSING A,3rd Year,P,
2026-09-09,24UCS259,VINISH BLESSING A,3rd Year,A,
2026-09-10,24UCS259,VINISH BLESSING A,3rd Year,P,
2026-09-16,24UCS259,VINISH BLESSING A,3rd Year,A,
2026-09-17,24UCS259,VINISH BLESSING A,3rd Year,P,
2026-09-18,24UCS259,VINISH BLESSING A,3rd Year,A,
2026-09-21,24UCS259,VINISH BLESSING A,3rd Year,P,
2026-09-22,24UCS259,VINISH BLESSING A,3rd Year,P,
2026-09-23,24UCS259,VINISH BLESSING A,3rd Year,P,
2026-09-24,24UCS259,VINISH BLESSING A,3rd Year,A,
2026-09-25,24UCS259,VINISH BLESSING A,3rd Year,A,
2026-09-28,24UCS259,VINISH BLESSING A,3rd Year,P,
2026-09-29,24UCS259,VINISH BLESSING A,3rd Year,A,
2026-09-30,24UCS259,VINISH BLESSING A,3rd Year,A,
2026-10-01,24UCS259,VINISH BLESSING A,3rd Year,A,
2026-08-14,24UCS263,VITHARSHANA A,3rd Year,A,
2026-08-17,24UCS263,VITHARSHANA A,3rd Year,P,
2026-08-18,24UCS263,VITHARSHANA A,3rd Year,P,
2026-08-19,24UCS263,VITHARSHANA A,3rd Year,P,
2026-08-21,24UCS263,VITHARSHANA A,3rd Year,P,
2026-08-24,24UCS263,VITHARSHANA A,3rd Year,A,
2026-08-25,24UCS263,VITHARSHANA A,3rd Year,A,
2026-09-07,24UCS263,VITHARSHANA A,3rd Year,A,
2026-09-08,24UCS263,VITHARSHANA A,3rd Year,A,
2026-09-09,24UCS263,VITHARSHANA A,3rd Year,P,
2026-09-10,24UCS263,VITHARSHANA A,3rd Year,P,
2026-09-15,24UCS263,VITHARSHANA A,3rd Year,P,
2026-09-16,24UCS263,VITHARSHANA A,3rd Year,A,
2026-09-17,24UCS263,VITHARSHANA A,3rd Year,A,
2026-09-18,24UCS263,VITHARSHANA A,3rd Year,P,
2026-09-21,24UCS263,VITHARSHANA A,3rd Year,P,
2026-09-22,24UCS263,VITHARSHANA A,3rd Year,A,
2026-09-23,24UCS263,VITHARSHANA A,3rd Year,P,
2026-09-24,24UCS263,VITHARSHANA A,3rd Year,P,
2026-09-25,24UCS263,VITHARSHANA A,3rd Year,P,
2026-09-28,24UCS263,VITHARSHANA A,3rd Year,P,
2026-09-29,24UCS263,VITHARSHANA A,3rd Year,P,
2026-09-30,24UCS263,VITHARSHANA A,3rd Year,P,
2026-10-01,24UCS263,VITHARSHANA A,3rd Year,P,
2026-08-14,24UCS602,GOWTHAM J,3rd Year,P,
2026-08-17,24UCS602,GOWTHAM J,3rd Year,A,
2026-08-18,24UCS602,GOWTHAM J,3rd Year,A,
2026-08-19,24UCS602,GOWTHAM J,3rd Year,P,
2026-08-21,24UCS602,GOWTHAM J,3rd Year,P,
2026-08-24,24UCS602,GOWTHAM J,3rd Year,P,
2026-08-25,24UCS602,GOWTHAM J,3rd Year,A,
2026-09-07,24UCS602,GOWTHAM J,3rd Year,P,
2026-09-08,24UCS602,GOWTHAM J,3rd Year,P,
2026-09-09,24UCS602,GOWTHAM J,3rd Year,P,
2026-09-10,24UCS602,GOWTHAM J,3rd Year,P,
2026-09-11,24UCS602,GOWTHAM J,3rd Year,P,
2026-09-15,24UCS602,GOWTHAM J,3rd Year,P,
2026-09-17,24UCS602,GOWTHAM J,3rd Year,P,
2026-09-18,24UCS602,GOWTHAM J,3rd Year,P,
2026-09-21,24UCS602,GOWTHAM J,3rd Year,P,
2026-09-22,24UCS602,GOWTHAM J,3rd Year,P,
2026-09-23,24UCS602,GOWTHAM J,3rd Year,P,
2026-09-24,24UCS602,GOWTHAM J,3rd Year,P,
2026-09-25,24UCS602,GOWTHAM J,3rd Year,A,
2026-09-28,24UCS602,GOWTHAM J,3rd Year,P,
2026-09-29,24UCS602,GOWTHAM J,3rd Year,P,
2026-09-30,24UCS602,GOWTHAM J,3rd Year,P,
2026-10-01,24UCS602,GOWTHAM J,3rd Year,A,
2026-10-05,24UCS602,GOWTHAM J,3rd Year,P,
2026-08-14,24UCS603,KARTHI S,3rd Year,P,
2026-08-17,24UCS603,KARTHI S,3rd Year,A,
2026-08-18,24UCS603,KARTHI S,3rd Year,P,
2026-08-19,24UCS603,KARTHI S,3rd Year,P,
2026-08-21,24UCS603,KARTHI S,3rd Year,P,
2026-08-24,24UCS603,KARTHI S,3rd Year,P,
2026-08-25,24UCS603,KARTHI S,3rd Year,A,
2026-09-07,24UCS603,KARTHI S,3rd Year,P,
2026-09-08,24UCS603,KARTHI S,3rd Year,A,
2026-09-09,24UCS603,KARTHI S,3rd Year,P,
2026-09-10,24UCS603,KARTHI S,3rd Year,P,
2026-09-11,24UCS603,KARTHI S,3rd Year,P,
2026-09-15,24UCS603,KARTHI S,3rd Year,P,
2026-09-16,24UCS603,KARTHI S,3rd Year,P,
2026-09-17,24UCS603,KARTHI S,3rd Year,P,
2026-09-18,24UCS603,KARTHI S,3rd Year,P,
2026-09-21,24UCS603,KARTHI S,3rd Year,P,
2026-09-22,24UCS603,KARTHI S,3rd Year,P,
2026-09-23,24UCS603,KARTHI S,3rd Year,P,
2026-09-24,24UCS603,KARTHI S,3rd Year,P,
2026-09-25,24UCS603,KARTHI S,3rd Year,P,
2026-09-28,24UCS603,KARTHI S,3rd Year,A,
2026-09-29,24UCS603,KARTHI S,3rd Year,A,
2026-09-30,24UCS603,KARTHI S,3rd Year,A,
2026-10-01,24UCS603,KARTHI S,3rd Year,A,
2026-08-14,24UCS605,MUGILNISHANTH S,3rd Year,P,
2026-08-17,24UCS605,MUGILNISHANTH S,3rd Year,P,
2026-08-18,24UCS605,MUGILNISHANTH S,3rd Year,P,
2026-08-19,24UCS605,MUGILNISHANTH S,3rd Year,P,
2026-08-21,24UCS605,MUGILNISHANTH S,3rd Year,P,
2026-08-24,24UCS605,MUGILNISHANTH S,3rd Year,P,
2026-08-25,24UCS605,MUGILNISHANTH S,3rd Year,A,
2026-09-07,24UCS605,MUGILNISHANTH S,3rd Year,P,
2026-09-08,24UCS605,MUGILNISHANTH S,3rd Year,P,
2026-09-09,24UCS605,MUGILNISHANTH S,3rd Year,P,
2026-09-10,24UCS605,MUGILNISHANTH S,3rd Year,P,
2026-09-11,24UCS605,MUGILNISHANTH S,3rd Year,P,
2026-09-15,24UCS605,MUGILNISHANTH S,3rd Year,P,
2026-09-16,24UCS605,MUGILNISHANTH S,3rd Year,A,
2026-09-17,24UCS605,MUGILNISHANTH S,3rd Year,P,
2026-09-18,24UCS605,MUGILNISHANTH S,3rd Year,P,
2026-09-21,24UCS605,MUGILNISHANTH S,3rd Year,P,
2026-09-22,24UCS605,MUGILNISHANTH S,3rd Year,P,
2026-09-23,24UCS605,MUGILNISHANTH S,3rd Year,P,
2026-09-24,24UCS605,MUGILNISHANTH S,3rd Year,P,
2026-09-25,24UCS605,MUGILNISHANTH S,3rd Year,P,
2026-09-28,24UCS605,MUGILNISHANTH S,3rd Year,P,
2026-09-29,24UCS605,MUGILNISHANTH S,3rd Year,P,
2026-09-30,24UCS605,MUGILNISHANTH S,3rd Year,P,
2026-10-01,24UCS605,MUGILNISHANTH S,3rd Year,P,
2026-10-05,24UCS605,MUGILNISHANTH S,3rd Year,P,
2026-08-14,24UCS606,RAJIV YATHAV K H,3rd Year,P,
2026-08-17,24UCS606,RAJIV YATHAV K H,3rd Year,P,
2026-08-18,24UCS606,RAJIV YATHAV K H,3rd Year,P,
2026-08-19,24UCS606,RAJIV YATHAV K H,3rd Year,P,
2026-08-21,24UCS606,RAJIV YATHAV K H,3rd Year,P,
2026-08-24,24UCS606,RAJIV YATHAV K H,3rd Year,P,
2026-08-25,24UCS606,RAJIV YATHAV K H,3rd Year,A,
2026-09-07,24UCS606,RAJIV YATHAV K H,3rd Year,P,
2026-09-08,24UCS606,RAJIV YATHAV K H,3rd Year,P,
2026-09-09,24UCS606,RAJIV YATHAV K H,3rd Year,P,
2026-09-10,24UCS606,RAJIV YATHAV K H,3rd Year,P,
2026-09-11,24UCS606,RAJIV YATHAV K H,3rd Year,P,
2026-09-16,24UCS606,RAJIV YATHAV K H,3rd Year,P,
2026-09-17,24UCS606,RAJIV YATHAV K H,3rd Year,P,
2026-09-18,24UCS606,RAJIV YATHAV K H,3rd Year,P,
2026-09-21,24UCS606,RAJIV YATHAV K H,3rd Year,P,
2026-09-22,24UCS606,RAJIV YATHAV K H,3rd Year,P,
2026-09-23,24UCS606,RAJIV YATHAV K H,3rd Year,P,
2026-09-24,24UCS606,RAJIV YATHAV K H,3rd Year,P,
2026-09-25,24UCS606,RAJIV YATHAV K H,3rd Year,P,
2026-09-28,24UCS606,RAJIV YATHAV K H,3rd Year,P,
2026-09-29,24UCS606,RAJIV YATHAV K H,3rd Year,P,
2026-09-30,24UCS606,RAJIV YATHAV K H,3rd Year,P,
2026-10-01,24UCS606,RAJIV YATHAV K H,3rd Year,A,
2026-10-05,24UCS606,RAJIV YATHAV K H,3rd Year,P,
2026-08-14,24UCS607,ROSHANI S,3rd Year,A,
2026-08-17,24UCS607,ROSHANI S,3rd Year,P,
2026-08-18,24UCS607,ROSHANI S,3rd Year,P,
2026-08-19,24UCS607,ROSHANI S,3rd Year,P,
2026-08-21,24UCS607,ROSHANI S,3rd Year,P,
2026-08-24,24UCS607,ROSHANI S,3rd Year,P,
2026-08-25,24UCS607,ROSHANI S,3rd Year,P,
2026-09-07,24UCS607,ROSHANI S,3rd Year,A,
2026-09-08,24UCS607,ROSHANI S,3rd Year,P,
2026-09-09,24UCS607,ROSHANI S,3rd Year,P,
2026-09-10,24UCS607,ROSHANI S,3rd Year,P,
2026-09-11,24UCS607,ROSHANI S,3rd Year,P,
2026-09-15,24UCS607,ROSHANI S,3rd Year,P,
2026-09-16,24UCS607,ROSHANI S,3rd Year,P,
2026-09-17,24UCS607,ROSHANI S,3rd Year,P,
2026-09-18,24UCS607,ROSHANI S,3rd Year,P,
2026-09-21,24UCS607,ROSHANI S,3rd Year,P,
2026-09-22,24UCS607,ROSHANI S,3rd Year,P,
2026-09-23,24UCS607,ROSHANI S,3rd Year,P,
2026-09-24,24UCS607,ROSHANI S,3rd Year,P,
2026-09-25,24UCS607,ROSHANI S,3rd Year,A,
2026-09-28,24UCS607,ROSHANI S,3rd Year,P,
2026-09-29,24UCS607,ROSHANI S,3rd Year,P,
2026-09-30,24UCS607,ROSHANI S,3rd Year,A,
2026-10-01,24UCS607,ROSHANI S,3rd Year,A,
2026-10-05,24UCS607,ROSHANI S,3rd Year,P,
2026-08-14,24UCS611,VIGNESH B,3rd Year,P,
2026-08-17,24UCS611,VIGNESH B,3rd Year,A,
2026-08-18,24UCS611,VIGNESH B,3rd Year,A,
2026-08-19,24UCS611,VIGNESH B,3rd Year,P,
2026-08-21,24UCS611,VIGNESH B,3rd Year,A,
2026-08-24,24UCS611,VIGNESH B,3rd Year,A,
2026-08-25,24UCS611,VIGNESH B,3rd Year,A,
2026-09-07,24UCS611,VIGNESH B,3rd Year,P,
2026-09-08,24UCS611,VIGNESH B,3rd Year,P,
2026-09-09,24UCS611,VIGNESH B,3rd Year,P,
2026-09-10,24UCS611,VIGNESH B,3rd Year,P,
2026-09-11,24UCS611,VIGNESH B,3rd Year,P,
2026-09-15,24UCS611,VIGNESH B,3rd Year,P,
2026-09-16,24UCS611,VIGNESH B,3rd Year,P,
2026-09-17,24UCS611,VIGNESH B,3rd Year,P,
2026-09-18,24UCS611,VIGNESH B,3rd Year,P,
2026-09-21,24UCS611,VIGNESH B,3rd Year,P,
2026-09-22,24UCS611,VIGNESH B,3rd Year,P,
2026-09-23,24UCS611,VIGNESH B,3rd Year,P,
2026-09-24,24UCS611,VIGNESH B,3rd Year,P,
2026-09-25,24UCS611,VIGNESH B,3rd Year,P,
2026-09-28,24UCS611,VIGNESH B,3rd Year,P,
2026-09-29,24UCS611,VIGNESH B,3rd Year,P,
2026-09-30,24UCS611,VIGNESH B,3rd Year,P,
2026-10-01,24UCS611,VIGNESH B,3rd Year,A,
2026-10-05,24UCS611,VIGNESH B,3rd Year,P,
2026-08-14,24UCY127,MIRDULA R,3rd Year,P,
2026-08-17,24UCY127,MIRDULA R,3rd Year,P,
2026-08-18,24UCY127,MIRDULA R,3rd Year,P,
2026-08-19,24UCY127,MIRDULA R,3rd Year,P,
2026-08-20,24UCY127,MIRDULA R,3rd Year,P,
2026-08-21,24UCY127,MIRDULA R,3rd Year,P,
2026-08-24,24UCY127,MIRDULA R,3rd Year,A,
2026-08-25,24UCY127,MIRDULA R,3rd Year,P,
2026-09-23,24UCY127,MIRDULA R,3rd Year,P,
2026-09-24,24UCY127,MIRDULA R,3rd Year,P,
2026-08-14,24UCY129,NANDHAKUMAR M,3rd Year,P,
2026-08-17,24UCY129,NANDHAKUMAR M,3rd Year,A,
2026-08-18,24UCY129,NANDHAKUMAR M,3rd Year,P,
2026-08-19,24UCY129,NANDHAKUMAR M,3rd Year,P,
2026-08-21,24UCY129,NANDHAKUMAR M,3rd Year,P,
2026-08-24,24UCY129,NANDHAKUMAR M,3rd Year,P,
2026-08-25,24UCY129,NANDHAKUMAR M,3rd Year,P,
2026-09-07,24UCY129,NANDHAKUMAR M,3rd Year,P,
2026-09-08,24UCY129,NANDHAKUMAR M,3rd Year,P,
2026-09-09,24UCY129,NANDHAKUMAR M,3rd Year,A,
2026-09-16,24UCY129,NANDHAKUMAR M,3rd Year,P,
2026-09-17,24UCY129,NANDHAKUMAR M,3rd Year,P,
2026-09-18,24UCY129,NANDHAKUMAR M,3rd Year,P,
2026-09-21,24UCY129,NANDHAKUMAR M,3rd Year,A,
2026-09-22,24UCY129,NANDHAKUMAR M,3rd Year,P,
2026-09-23,24UCY129,NANDHAKUMAR M,3rd Year,P,
2026-09-24,24UCY129,NANDHAKUMAR M,3rd Year,P,
2026-09-25,24UCY129,NANDHAKUMAR M,3rd Year,P,
2026-09-28,24UCY129,NANDHAKUMAR M,3rd Year,P,
2026-09-29,24UCY129,NANDHAKUMAR M,3rd Year,P,
2026-09-30,24UCY129,NANDHAKUMAR M,3rd Year,P,
2026-10-01,24UCY129,NANDHAKUMAR M,3rd Year,P,
2026-10-05,24UCY129,NANDHAKUMAR M,3rd Year,P,
2026-08-14,24UCY133,PAVITHRA K,3rd Year,P,
2026-08-17,24UCY133,PAVITHRA K,3rd Year,A,
2026-08-18,24UCY133,PAVITHRA K,3rd Year,P,
2026-08-19,24UCY133,PAVITHRA K,3rd Year,P,
2026-08-21,24UCY133,PAVITHRA K,3rd Year,A,
2026-08-24,24UCY133,PAVITHRA K,3rd Year,P,
2026-08-25,24UCY133,PAVITHRA K,3rd Year,A,
2026-09-09,24UCY133,PAVITHRA K,3rd Year,A,
2026-09-15,24UCY133,PAVITHRA K,3rd Year,P,
2026-09-16,24UCY133,PAVITHRA K,3rd Year,P,
2026-09-17,24UCY133,PAVITHRA K,3rd Year,P,
2026-09-18,24UCY133,PAVITHRA K,3rd Year,P,
2026-09-21,24UCY133,PAVITHRA K,3rd Year,P,
2026-09-22,24UCY133,PAVITHRA K,3rd Year,A,
2026-09-23,24UCY133,PAVITHRA K,3rd Year,P,
2026-09-24,24UCY133,PAVITHRA K,3rd Year,P,
2026-09-25,24UCY133,PAVITHRA K,3rd Year,A,
2026-09-28,24UCY133,PAVITHRA K,3rd Year,P,
2026-09-29,24UCY133,PAVITHRA K,3rd Year,P,
2026-09-30,24UCY133,PAVITHRA K,3rd Year,P,
2026-10-01,24UCY133,PAVITHRA K,3rd Year,P,
2026-10-05,24UCY133,PAVITHRA K,3rd Year,P,
2026-08-14,24UCY156,SWETHA G,3rd Year,P,
2026-08-17,24UCY156,SWETHA G,3rd Year,P,
2026-08-18,24UCY156,SWETHA G,3rd Year,P,
2026-08-19,24UCY156,SWETHA G,3rd Year,P,
2026-08-21,24UCY156,SWETHA G,3rd Year,A,
2026-08-24,24UCY156,SWETHA G,3rd Year,P,
2026-08-25,24UCY156,SWETHA G,3rd Year,A,
2026-09-07,24UCY156,SWETHA G,3rd Year,P,
2026-09-08,24UCY156,SWETHA G,3rd Year,A,
2026-09-09,24UCY156,SWETHA G,3rd Year,P,
2026-09-10,24UCY156,SWETHA G,3rd Year,P,
2026-09-11,24UCY156,SWETHA G,3rd Year,P,
2026-09-15,24UCY156,SWETHA G,3rd Year,P,
2026-09-16,24UCY156,SWETHA G,3rd Year,P,
2026-09-17,24UCY156,SWETHA G,3rd Year,P,
2026-09-18,24UCY156,SWETHA G,3rd Year,P,
2026-09-21,24UCY156,SWETHA G,3rd Year,P,
2026-09-22,24UCY156,SWETHA G,3rd Year,A,
2026-09-23,24UCY156,SWETHA G,3rd Year,P,
2026-09-24,24UCY156,SWETHA G,3rd Year,P,
2026-09-25,24UCY156,SWETHA G,3rd Year,A,
2026-09-28,24UCY156,SWETHA G,3rd Year,P,
2026-09-29,24UCY156,SWETHA G,3rd Year,A,
2026-09-30,24UCY156,SWETHA G,3rd Year,P,
2026-10-01,24UCY156,SWETHA G,3rd Year,P,
2026-10-05,24UCY156,SWETHA G,3rd Year,P,
2026-08-14,24UCY157,SWETHA SRI S,3rd Year,P,
2026-08-17,24UCY157,SWETHA SRI S,3rd Year,P,
2026-08-18,24UCY157,SWETHA SRI S,3rd Year,P,
2026-08-19,24UCY157,SWETHA SRI S,3rd Year,P,
2026-08-21,24UCY157,SWETHA SRI S,3rd Year,A,
2026-08-24,24UCY157,SWETHA SRI S,3rd Year,P,
2026-08-25,24UCY157,SWETHA SRI S,3rd Year,A,
2026-09-07,24UCY157,SWETHA SRI S,3rd Year,P,
2026-09-08,24UCY157,SWETHA SRI S,3rd Year,P,
2026-09-09,24UCY157,SWETHA SRI S,3rd Year,P,
2026-09-10,24UCY157,SWETHA SRI S,3rd Year,P,
2026-09-11,24UCY157,SWETHA SRI S,3rd Year,P,
2026-09-15,24UCY157,SWETHA SRI S,3rd Year,P,
2026-09-16,24UCY157,SWETHA SRI S,3rd Year,P,
2026-09-17,24UCY157,SWETHA SRI S,3rd Year,P,
2026-09-18,24UCY157,SWETHA SRI S,3rd Year,P,
2026-09-21,24UCY157,SWETHA SRI S,3rd Year,P,
2026-09-22,24UCY157,SWETHA SRI S,3rd Year,P,
2026-09-23,24UCY157,SWETHA SRI S,3rd Year,P,
2026-09-24,24UCY157,SWETHA SRI S,3rd Year,P,
2026-09-25,24UCY157,SWETHA SRI S,3rd Year,A,
2026-09-28,24UCY157,SWETHA SRI S,3rd Year,P,
2026-09-29,24UCY157,SWETHA SRI S,3rd Year,P,
2026-09-30,24UCY157,SWETHA SRI S,3rd Year,P,
2026-10-01,24UCY157,SWETHA SRI S,3rd Year,P,
2026-10-05,24UCY157,SWETHA SRI S,3rd Year,P,
2026-08-14,24UCY158,TAYANITHAA N S,3rd Year,P,
2026-08-17,24UCY158,TAYANITHAA N S,3rd Year,P,
2026-08-18,24UCY158,TAYANITHAA N S,3rd Year,P,
2026-08-19,24UCY158,TAYANITHAA N S,3rd Year,P,
2026-08-20,24UCY158,TAYANITHAA N S,3rd Year,P,
2026-08-21,24UCY158,TAYANITHAA N S,3rd Year,P,
2026-08-24,24UCY158,TAYANITHAA N S,3rd Year,P,
2026-08-25,24UCY158,TAYANITHAA N S,3rd Year,P,
2026-09-23,24UCY158,TAYANITHAA N S,3rd Year,P,
2026-08-14,24UCY159,THUSHYANTH M G,3rd Year,A,
2026-08-17,24UCY159,THUSHYANTH M G,3rd Year,A,
2026-08-18,24UCY159,THUSHYANTH M G,3rd Year,P,
2026-08-19,24UCY159,THUSHYANTH M G,3rd Year,A,
2026-08-21,24UCY159,THUSHYANTH M G,3rd Year,A,
2026-08-24,24UCY159,THUSHYANTH M G,3rd Year,P,
2026-08-25,24UCY159,THUSHYANTH M G,3rd Year,A,
2026-09-09,24UCY159,THUSHYANTH M G,3rd Year,A,
2026-09-10,24UCY159,THUSHYANTH M G,3rd Year,P,
2026-09-16,24UCY159,THUSHYANTH M G,3rd Year,A,
2026-09-17,24UCY159,THUSHYANTH M G,3rd Year,A,
2026-09-18,24UCY159,THUSHYANTH M G,3rd Year,A,
2026-09-21,24UCY159,THUSHYANTH M G,3rd Year,P,
2026-09-22,24UCY159,THUSHYANTH M G,3rd Year,P,
2026-09-23,24UCY159,THUSHYANTH M G,3rd Year,A,
2026-09-24,24UCY159,THUSHYANTH M G,3rd Year,P,
2026-09-25,24UCY159,THUSHYANTH M G,3rd Year,A,
2026-09-28,24UCY159,THUSHYANTH M G,3rd Year,P,
2026-09-29,24UCY159,THUSHYANTH M G,3rd Year,A,
2026-09-30,24UCY159,THUSHYANTH M G,3rd Year,A,
2026-10-01,24UCY159,THUSHYANTH M G,3rd Year,P,
2026-08-14,24UCY601,KARMUGILAN S,3rd Year,P,
2026-08-17,24UCY601,KARMUGILAN S,3rd Year,A,
2026-08-18,24UCY601,KARMUGILAN S,3rd Year,P,
2026-08-19,24UCY601,KARMUGILAN S,3rd Year,P,
2026-08-21,24UCY601,KARMUGILAN S,3rd Year,A,
2026-08-24,24UCY601,KARMUGILAN S,3rd Year,A,
2026-08-25,24UCY601,KARMUGILAN S,3rd Year,P,
2026-09-07,24UCY601,KARMUGILAN S,3rd Year,P,
2026-09-08,24UCY601,KARMUGILAN S,3rd Year,P,
2026-09-09,24UCY601,KARMUGILAN S,3rd Year,P,
2026-09-10,24UCY601,KARMUGILAN S,3rd Year,P,
2026-09-11,24UCY601,KARMUGILAN S,3rd Year,P,
2026-09-15,24UCY601,KARMUGILAN S,3rd Year,P,
2026-09-16,24UCY601,KARMUGILAN S,3rd Year,P,
2026-09-17,24UCY601,KARMUGILAN S,3rd Year,A,
2026-09-18,24UCY601,KARMUGILAN S,3rd Year,P,
2026-09-21,24UCY601,KARMUGILAN S,3rd Year,P,
2026-09-22,24UCY601,KARMUGILAN S,3rd Year,P,
2026-09-23,24UCY601,KARMUGILAN S,3rd Year,P,
2026-09-24,24UCY601,KARMUGILAN S,3rd Year,P,
2026-09-25,24UCY601,KARMUGILAN S,3rd Year,A,
2026-09-28,24UCY601,KARMUGILAN S,3rd Year,P,
2026-09-29,24UCY601,KARMUGILAN S,3rd Year,P,
2026-09-30,24UCY601,KARMUGILAN S,3rd Year,P,
2026-10-01,24UCY601,KARMUGILAN S,3rd Year,P,
2026-10-05,24UCY601,KARMUGILAN S,3rd Year,P,
2026-08-14,24UCY602,MOHANKUMAR E M,3rd Year,A,
2026-08-17,24UCY602,MOHANKUMAR E M,3rd Year,A,
2026-08-18,24UCY602,MOHANKUMAR E M,3rd Year,A,
2026-08-19,24UCY602,MOHANKUMAR E M,3rd Year,A,
2026-08-21,24UCY602,MOHANKUMAR E M,3rd Year,A,
2026-08-24,24UCY602,MOHANKUMAR E M,3rd Year,A,
2026-08-25,24UCY602,MOHANKUMAR E M,3rd Year,A,
2026-09-09,24UCY602,MOHANKUMAR E M,3rd Year,A,
2026-09-23,24UCY602,MOHANKUMAR E M,3rd Year,A,
2026-09-29,24UCY602,MOHANKUMAR E M,3rd Year,P,
2026-09-30,24UCY602,MOHANKUMAR E M,3rd Year,P,
2026-10-01,24UCY602,MOHANKUMAR E M,3rd Year,P,
2026-10-05,24UCY602,MOHANKUMAR E M,3rd Year,P,
2026-08-14,24UCY604,SHRUTHI S,3rd Year,P,
2026-08-17,24UCY604,SHRUTHI S,3rd Year,P,
2026-08-18,24UCY604,SHRUTHI S,3rd Year,P,
2026-08-19,24UCY604,SHRUTHI S,3rd Year,P,
2026-08-21,24UCY604,SHRUTHI S,3rd Year,A,
2026-08-24,24UCY604,SHRUTHI S,3rd Year,P,
2026-08-25,24UCY604,SHRUTHI S,3rd Year,A,
2026-09-07,24UCY604,SHRUTHI S,3rd Year,P,
2026-09-08,24UCY604,SHRUTHI S,3rd Year,P,
2026-09-09,24UCY604,SHRUTHI S,3rd Year,P,
2026-09-10,24UCY604,SHRUTHI S,3rd Year,P,
2026-09-11,24UCY604,SHRUTHI S,3rd Year,P,
2026-09-15,24UCY604,SHRUTHI S,3rd Year,P,
2026-09-16,24UCY604,SHRUTHI S,3rd Year,A,
2026-09-17,24UCY604,SHRUTHI S,3rd Year,P,
2026-09-18,24UCY604,SHRUTHI S,3rd Year,P,
2026-09-21,24UCY604,SHRUTHI S,3rd Year,P,
2026-09-22,24UCY604,SHRUTHI S,3rd Year,P,
2026-09-23,24UCY604,SHRUTHI S,3rd Year,A,
2026-09-24,24UCY604,SHRUTHI S,3rd Year,A,
2026-09-25,24UCY604,SHRUTHI S,3rd Year,A,
2026-09-28,24UCY604,SHRUTHI S,3rd Year,P,
2026-09-29,24UCY604,SHRUTHI S,3rd Year,P,
2026-09-30,24UCY604,SHRUTHI S,3rd Year,A,
2026-10-01,24UCY604,SHRUTHI S,3rd Year,P,
2026-10-05,24UCY604,SHRUTHI S,3rd Year,P,
2026-08-14,24UEC102,ABARNA M,3rd Year,P,
2026-08-17,24UEC102,ABARNA M,3rd Year,P,
2026-08-18,24UEC102,ABARNA M,3rd Year,P,
2026-08-19,24UEC102,ABARNA M,3rd Year,P,
2026-08-21,24UEC102,ABARNA M,3rd Year,P,
2026-08-24,24UEC102,ABARNA M,3rd Year,A,
2026-08-25,24UEC102,ABARNA M,3rd Year,P,
2026-09-07,24UEC102,ABARNA M,3rd Year,A,
2026-09-08,24UEC102,ABARNA M,3rd Year,A,
2026-09-09,24UEC102,ABARNA M,3rd Year,P,
2026-09-10,24UEC102,ABARNA M,3rd Year,P,
2026-09-11,24UEC102,ABARNA M,3rd Year,P,
2026-09-15,24UEC102,ABARNA M,3rd Year,P,
2026-09-16,24UEC102,ABARNA M,3rd Year,P,
2026-09-17,24UEC102,ABARNA M,3rd Year,P,
2026-09-18,24UEC102,ABARNA M,3rd Year,P,
2026-09-21,24UEC102,ABARNA M,3rd Year,P,
2026-09-22,24UEC102,ABARNA M,3rd Year,P,
2026-09-23,24UEC102,ABARNA M,3rd Year,P,
2026-09-24,24UEC102,ABARNA M,3rd Year,P,
2026-09-25,24UEC102,ABARNA M,3rd Year,P,
2026-09-28,24UEC102,ABARNA M,3rd Year,P,
2026-09-29,24UEC102,ABARNA M,3rd Year,P,
2026-09-30,24UEC102,ABARNA M,3rd Year,P,
2026-10-01,24UEC102,ABARNA M,3rd Year,P,
2026-10-05,24UEC102,ABARNA M,3rd Year,P,
2026-08-14,24UEC106,AKHILESH S,3rd Year,P,
2026-08-17,24UEC106,AKHILESH S,3rd Year,A,
2026-08-18,24UEC106,AKHILESH S,3rd Year,A,
2026-08-19,24UEC106,AKHILESH S,3rd Year,P,
2026-08-21,24UEC106,AKHILESH S,3rd Year,P,
2026-08-24,24UEC106,AKHILESH S,3rd Year,P,
2026-08-25,24UEC106,AKHILESH S,3rd Year,P,
2026-09-07,24UEC106,AKHILESH S,3rd Year,P,
2026-09-08,24UEC106,AKHILESH S,3rd Year,P,
2026-09-09,24UEC106,AKHILESH S,3rd Year,P,
2026-09-10,24UEC106,AKHILESH S,3rd Year,P,
2026-09-11,24UEC106,AKHILESH S,3rd Year,P,
2026-09-15,24UEC106,AKHILESH S,3rd Year,A,
2026-09-16,24UEC106,AKHILESH S,3rd Year,A,
2026-09-17,24UEC106,AKHILESH S,3rd Year,P,
2026-09-18,24UEC106,AKHILESH S,3rd Year,P,
2026-09-21,24UEC106,AKHILESH S,3rd Year,P,
2026-09-22,24UEC106,AKHILESH S,3rd Year,P,
2026-09-23,24UEC106,AKHILESH S,3rd Year,P,
2026-09-24,24UEC106,AKHILESH S,3rd Year,P,
2026-09-25,24UEC106,AKHILESH S,3rd Year,P,
2026-09-28,24UEC106,AKHILESH S,3rd Year,A,
2026-09-29,24UEC106,AKHILESH S,3rd Year,P,
2026-09-30,24UEC106,AKHILESH S,3rd Year,P,
2026-10-01,24UEC106,AKHILESH S,3rd Year,A,
2026-08-14,24UEC111,ANISH FATHIMA J,3rd Year,P,
2026-08-17,24UEC111,ANISH FATHIMA J,3rd Year,P,
2026-08-18,24UEC111,ANISH FATHIMA J,3rd Year,A,
2026-08-19,24UEC111,ANISH FATHIMA J,3rd Year,P,
2026-08-21,24UEC111,ANISH FATHIMA J,3rd Year,P,
2026-08-24,24UEC111,ANISH FATHIMA J,3rd Year,P,
2026-08-25,24UEC111,ANISH FATHIMA J,3rd Year,P,
2026-09-07,24UEC111,ANISH FATHIMA J,3rd Year,A,
2026-09-08,24UEC111,ANISH FATHIMA J,3rd Year,P,
2026-09-09,24UEC111,ANISH FATHIMA J,3rd Year,P,
2026-09-11,24UEC111,ANISH FATHIMA J,3rd Year,P,
2026-09-15,24UEC111,ANISH FATHIMA J,3rd Year,P,
2026-09-16,24UEC111,ANISH FATHIMA J,3rd Year,P,
2026-09-17,24UEC111,ANISH FATHIMA J,3rd Year,P,
2026-09-18,24UEC111,ANISH FATHIMA J,3rd Year,P,
2026-09-21,24UEC111,ANISH FATHIMA J,3rd Year,A,
2026-09-22,24UEC111,ANISH FATHIMA J,3rd Year,A,
2026-09-23,24UEC111,ANISH FATHIMA J,3rd Year,A,
2026-09-24,24UEC111,ANISH FATHIMA J,3rd Year,P,
2026-09-25,24UEC111,ANISH FATHIMA J,3rd Year,P,
2026-09-28,24UEC111,ANISH FATHIMA J,3rd Year,P,
2026-09-29,24UEC111,ANISH FATHIMA J,3rd Year,P,
2026-09-30,24UEC111,ANISH FATHIMA J,3rd Year,P,
2026-10-01,24UEC111,ANISH FATHIMA J,3rd Year,P,
2026-10-05,24UEC111,ANISH FATHIMA J,3rd Year,P,
2026-08-14,24UEC125,DEEPIKA M,3rd Year,A,
2026-08-17,24UEC125,DEEPIKA M,3rd Year,A,
2026-08-18,24UEC125,DEEPIKA M,3rd Year,A,
2026-08-19,24UEC125,DEEPIKA M,3rd Year,A,
2026-08-21,24UEC125,DEEPIKA M,3rd Year,A,
2026-08-24,24UEC125,DEEPIKA M,3rd Year,A,
2026-08-25,24UEC125,DEEPIKA M,3rd Year,A,
2026-09-07,24UEC125,DEEPIKA M,3rd Year,A,
2026-09-09,24UEC125,DEEPIKA M,3rd Year,A,
2026-08-14,24UEC126,DHARANESH R,3rd Year,P,
2026-08-17,24UEC126,DHARANESH R,3rd Year,A,
2026-08-18,24UEC126,DHARANESH R,3rd Year,P,
2026-08-19,24UEC126,DHARANESH R,3rd Year,P,
2026-08-21,24UEC126,DHARANESH R,3rd Year,P,
2026-08-24,24UEC126,DHARANESH R,3rd Year,P,
2026-08-25,24UEC126,DHARANESH R,3rd Year,P,
2026-09-07,24UEC126,DHARANESH R,3rd Year,P,
2026-09-08,24UEC126,DHARANESH R,3rd Year,P,
2026-09-09,24UEC126,DHARANESH R,3rd Year,P,
2026-09-15,24UEC126,DHARANESH R,3rd Year,P,
2026-09-16,24UEC126,DHARANESH R,3rd Year,P,
2026-09-17,24UEC126,DHARANESH R,3rd Year,P,
2026-09-18,24UEC126,DHARANESH R,3rd Year,P,
2026-09-21,24UEC126,DHARANESH R,3rd Year,P,
2026-09-22,24UEC126,DHARANESH R,3rd Year,P,
2026-09-23,24UEC126,DHARANESH R,3rd Year,P,
2026-09-24,24UEC126,DHARANESH R,3rd Year,P,
2026-09-25,24UEC126,DHARANESH R,3rd Year,P,
2026-09-28,24UEC126,DHARANESH R,3rd Year,P,
2026-09-29,24UEC126,DHARANESH R,3rd Year,P,
2026-09-30,24UEC126,DHARANESH R,3rd Year,P,
2026-10-01,24UEC126,DHARANESH R,3rd Year,P,
2026-10-05,24UEC126,DHARANESH R,3rd Year,P,
2026-08-14,24uec129,Gayathiri S.,3rd Year,P,
2026-08-17,24uec129,Gayathiri S.,3rd Year,P,
2026-08-18,24uec129,Gayathiri S.,3rd Year,P,
2026-08-19,24uec129,Gayathiri S.,3rd Year,P,
2026-08-21,24uec129,Gayathiri S.,3rd Year,P,
2026-08-24,24uec129,Gayathiri S.,3rd Year,P,
2026-08-25,24uec129,Gayathiri S.,3rd Year,P,
2026-09-07,24uec129,Gayathiri S.,3rd Year,A,
2026-09-08,24uec129,Gayathiri S.,3rd Year,P,
2026-09-09,24uec129,Gayathiri S.,3rd Year,P,
2026-09-10,24uec129,Gayathiri S.,3rd Year,P,
2026-09-15,24uec129,Gayathiri S.,3rd Year,P,
2026-09-16,24uec129,Gayathiri S.,3rd Year,P,
2026-09-17,24uec129,Gayathiri S.,3rd Year,P,
2026-09-18,24uec129,Gayathiri S.,3rd Year,A,
2026-09-21,24uec129,Gayathiri S.,3rd Year,A,
2026-09-22,24uec129,Gayathiri S.,3rd Year,A,
2026-09-23,24uec129,Gayathiri S.,3rd Year,P,
2026-09-24,24uec129,Gayathiri S.,3rd Year,P,
2026-09-25,24uec129,Gayathiri S.,3rd Year,P,
2026-09-28,24uec129,Gayathiri S.,3rd Year,P,
2026-09-29,24uec129,Gayathiri S.,3rd Year,P,
2026-09-30,24uec129,Gayathiri S.,3rd Year,P,
2026-10-01,24uec129,Gayathiri S.,3rd Year,P,
2026-10-05,24uec129,Gayathiri S.,3rd Year,P,
2026-08-14,24UEC141,KANISHKA V,3rd Year,P,
2026-08-17,24UEC141,KANISHKA V,3rd Year,P,
2026-08-18,24UEC141,KANISHKA V,3rd Year,P,
2026-08-19,24UEC141,KANISHKA V,3rd Year,P,
2026-08-21,24UEC141,KANISHKA V,3rd Year,P,
2026-08-24,24UEC141,KANISHKA V,3rd Year,A,
2026-08-25,24UEC141,KANISHKA V,3rd Year,A,
2026-09-07,24UEC141,KANISHKA V,3rd Year,P,
2026-09-08,24UEC141,KANISHKA V,3rd Year,P,
2026-09-09,24UEC141,KANISHKA V,3rd Year,P,
2026-09-10,24UEC141,KANISHKA V,3rd Year,P,
2026-09-11,24UEC141,KANISHKA V,3rd Year,P,
2026-09-15,24UEC141,KANISHKA V,3rd Year,A,
2026-09-16,24UEC141,KANISHKA V,3rd Year,P,
2026-09-17,24UEC141,KANISHKA V,3rd Year,P,
2026-09-18,24UEC141,KANISHKA V,3rd Year,P,
2026-09-21,24UEC141,KANISHKA V,3rd Year,P,
2026-09-22,24UEC141,KANISHKA V,3rd Year,P,
2026-09-23,24UEC141,KANISHKA V,3rd Year,P,
2026-09-24,24UEC141,KANISHKA V,3rd Year,P,
2026-09-25,24UEC141,KANISHKA V,3rd Year,P,
2026-09-28,24UEC141,KANISHKA V,3rd Year,P,
2026-09-29,24UEC141,KANISHKA V,3rd Year,A,
2026-09-30,24UEC141,KANISHKA V,3rd Year,P,
2026-10-01,24UEC141,KANISHKA V,3rd Year,P,
2026-10-05,24UEC141,KANISHKA V,3rd Year,P,
2026-08-14,24UEC142,KANWAL KISHOR R R,3rd Year,A,
2026-08-17,24UEC142,KANWAL KISHOR R R,3rd Year,A,
2026-08-18,24UEC142,KANWAL KISHOR R R,3rd Year,A,
2026-08-19,24UEC142,KANWAL KISHOR R R,3rd Year,P,
2026-08-21,24UEC142,KANWAL KISHOR R R,3rd Year,A,
2026-08-24,24UEC142,KANWAL KISHOR R R,3rd Year,A,
2026-08-25,24UEC142,KANWAL KISHOR R R,3rd Year,A,
2026-09-07,24UEC142,KANWAL KISHOR R R,3rd Year,A,
2026-09-08,24UEC142,KANWAL KISHOR R R,3rd Year,A,
2026-09-09,24UEC142,KANWAL KISHOR R R,3rd Year,A,
2026-09-10,24UEC142,KANWAL KISHOR R R,3rd Year,A,
2026-09-11,24UEC142,KANWAL KISHOR R R,3rd Year,P,
2026-09-15,24UEC142,KANWAL KISHOR R R,3rd Year,A,
2026-09-16,24UEC142,KANWAL KISHOR R R,3rd Year,P,
2026-09-17,24UEC142,KANWAL KISHOR R R,3rd Year,A,
2026-09-18,24UEC142,KANWAL KISHOR R R,3rd Year,P,
2026-09-21,24UEC142,KANWAL KISHOR R R,3rd Year,P,
2026-09-22,24UEC142,KANWAL KISHOR R R,3rd Year,P,
2026-09-23,24UEC142,KANWAL KISHOR R R,3rd Year,P,
2026-09-24,24UEC142,KANWAL KISHOR R R,3rd Year,P,
2026-09-25,24UEC142,KANWAL KISHOR R R,3rd Year,A,
2026-09-28,24UEC142,KANWAL KISHOR R R,3rd Year,A,
2026-09-29,24UEC142,KANWAL KISHOR R R,3rd Year,A,
2026-09-30,24UEC142,KANWAL KISHOR R R,3rd Year,P,
2026-10-01,24UEC142,KANWAL KISHOR R R,3rd Year,A,
2026-08-14,24UEC146,KIRUTHIKA S,3rd Year,P,
2026-08-17,24UEC146,KIRUTHIKA S,3rd Year,P,
2026-08-18,24UEC146,KIRUTHIKA S,3rd Year,P,
2026-08-19,24UEC146,KIRUTHIKA S,3rd Year,P,
2026-08-21,24UEC146,KIRUTHIKA S,3rd Year,P,
2026-08-24,24UEC146,KIRUTHIKA S,3rd Year,P,
2026-08-25,24UEC146,KIRUTHIKA S,3rd Year,P,
2026-09-07,24UEC146,KIRUTHIKA S,3rd Year,P,
2026-09-08,24UEC146,KIRUTHIKA S,3rd Year,P,
2026-09-09,24UEC146,KIRUTHIKA S,3rd Year,P,
2026-09-10,24UEC146,KIRUTHIKA S,3rd Year,P,
2026-09-11,24UEC146,KIRUTHIKA S,3rd Year,P,
2026-09-15,24UEC146,KIRUTHIKA S,3rd Year,P,
2026-09-16,24UEC146,KIRUTHIKA S,3rd Year,A,
2026-09-17,24UEC146,KIRUTHIKA S,3rd Year,A,
2026-09-18,24UEC146,KIRUTHIKA S,3rd Year,P,
2026-09-21,24UEC146,KIRUTHIKA S,3rd Year,P,
2026-09-22,24UEC146,KIRUTHIKA S,3rd Year,P,
2026-09-23,24UEC146,KIRUTHIKA S,3rd Year,P,
2026-09-24,24UEC146,KIRUTHIKA S,3rd Year,P,
2026-09-25,24UEC146,KIRUTHIKA S,3rd Year,A,
2026-09-28,24UEC146,KIRUTHIKA S,3rd Year,P,
2026-09-29,24UEC146,KIRUTHIKA S,3rd Year,A,
2026-09-30,24UEC146,KIRUTHIKA S,3rd Year,P,
2026-10-01,24UEC146,KIRUTHIKA S,3rd Year,P,
2026-08-14,24UEC152,LYDIA E,3rd Year,P,
2026-08-17,24UEC152,LYDIA E,3rd Year,P,
2026-08-18,24UEC152,LYDIA E,3rd Year,P,
2026-08-19,24UEC152,LYDIA E,3rd Year,P,
2026-08-21,24UEC152,LYDIA E,3rd Year,P,
2026-08-24,24UEC152,LYDIA E,3rd Year,P,
2026-08-25,24UEC152,LYDIA E,3rd Year,P,
2026-09-07,24UEC152,LYDIA E,3rd Year,A,
2026-09-08,24UEC152,LYDIA E,3rd Year,P,
2026-09-09,24UEC152,LYDIA E,3rd Year,A,
2026-09-10,24UEC152,LYDIA E,3rd Year,P,
2026-09-11,24UEC152,LYDIA E,3rd Year,P,
2026-09-15,24UEC152,LYDIA E,3rd Year,P,
2026-09-16,24UEC152,LYDIA E,3rd Year,A,
2026-09-17,24UEC152,LYDIA E,3rd Year,P,
2026-09-18,24UEC152,LYDIA E,3rd Year,P,
2026-09-21,24UEC152,LYDIA E,3rd Year,P,
2026-09-22,24UEC152,LYDIA E,3rd Year,P,
2026-09-23,24UEC152,LYDIA E,3rd Year,P,
2026-09-24,24UEC152,LYDIA E,3rd Year,A,
2026-09-25,24UEC152,LYDIA E,3rd Year,P,
2026-09-28,24UEC152,LYDIA E,3rd Year,P,
2026-09-29,24UEC152,LYDIA E,3rd Year,P,
2026-09-30,24UEC152,LYDIA E,3rd Year,P,
2026-10-01,24UEC152,LYDIA E,3rd Year,P,
2026-10-05,24UEC152,LYDIA E,3rd Year,P,
2026-08-14,24UEC206,NANDHIDHA N,3rd Year,P,
2026-08-17,24UEC206,NANDHIDHA N,3rd Year,P,
2026-08-18,24UEC206,NANDHIDHA N,3rd Year,P,
2026-08-19,24UEC206,NANDHIDHA N,3rd Year,P,
2026-08-21,24UEC206,NANDHIDHA N,3rd Year,P,
2026-08-24,24UEC206,NANDHIDHA N,3rd Year,P,
2026-08-25,24UEC206,NANDHIDHA N,3rd Year,A,
2026-09-07,24UEC206,NANDHIDHA N,3rd Year,P,
2026-09-08,24UEC206,NANDHIDHA N,3rd Year,P,
2026-09-09,24UEC206,NANDHIDHA N,3rd Year,P,
2026-09-10,24UEC206,NANDHIDHA N,3rd Year,P,
2026-09-11,24UEC206,NANDHIDHA N,3rd Year,A,
2026-09-15,24UEC206,NANDHIDHA N,3rd Year,A,
2026-09-16,24UEC206,NANDHIDHA N,3rd Year,A,
2026-09-17,24UEC206,NANDHIDHA N,3rd Year,P,
2026-09-18,24UEC206,NANDHIDHA N,3rd Year,P,
2026-09-21,24UEC206,NANDHIDHA N,3rd Year,P,
2026-09-22,24UEC206,NANDHIDHA N,3rd Year,A,
2026-09-23,24UEC206,NANDHIDHA N,3rd Year,P,
2026-09-24,24UEC206,NANDHIDHA N,3rd Year,P,
2026-09-25,24UEC206,NANDHIDHA N,3rd Year,P,
2026-09-28,24UEC206,NANDHIDHA N,3rd Year,P,
2026-09-29,24UEC206,NANDHIDHA N,3rd Year,P,
2026-09-30,24UEC206,NANDHIDHA N,3rd Year,P,
2026-10-01,24UEC206,NANDHIDHA N,3rd Year,P,
2026-08-14,24UEC233,SARANYA B,3rd Year,P,
2026-08-17,24UEC233,SARANYA B,3rd Year,P,
2026-08-18,24UEC233,SARANYA B,3rd Year,P,
2026-08-19,24UEC233,SARANYA B,3rd Year,P,
2026-08-21,24UEC233,SARANYA B,3rd Year,P,
2026-08-24,24UEC233,SARANYA B,3rd Year,A,
2026-08-25,24UEC233,SARANYA B,3rd Year,A,
2026-09-07,24UEC233,SARANYA B,3rd Year,A,
2026-09-08,24UEC233,SARANYA B,3rd Year,P,
2026-09-09,24UEC233,SARANYA B,3rd Year,P,
2026-09-10,24UEC233,SARANYA B,3rd Year,P,
2026-09-11,24UEC233,SARANYA B,3rd Year,P,
2026-09-15,24UEC233,SARANYA B,3rd Year,A,
2026-09-16,24UEC233,SARANYA B,3rd Year,P,
2026-09-17,24UEC233,SARANYA B,3rd Year,P,
2026-09-18,24UEC233,SARANYA B,3rd Year,P,
2026-09-21,24UEC233,SARANYA B,3rd Year,P,
2026-09-22,24UEC233,SARANYA B,3rd Year,P,
2026-09-23,24UEC233,SARANYA B,3rd Year,P,
2026-09-24,24UEC233,SARANYA B,3rd Year,P,
2026-09-25,24UEC233,SARANYA B,3rd Year,P,
2026-09-28,24UEC233,SARANYA B,3rd Year,P,
2026-09-29,24UEC233,SARANYA B,3rd Year,P,
2026-09-30,24UEC233,SARANYA B,3rd Year,P,
2026-10-01,24UEC233,SARANYA B,3rd Year,P,
2026-10-05,24UEC233,SARANYA B,3rd Year,P,
2026-08-14,24UEC235,SATHIYA PRIYA M,3rd Year,P,
2026-08-17,24UEC235,SATHIYA PRIYA M,3rd Year,P,
2026-08-18,24UEC235,SATHIYA PRIYA M,3rd Year,P,
2026-08-19,24UEC235,SATHIYA PRIYA M,3rd Year,P,
2026-08-21,24UEC235,SATHIYA PRIYA M,3rd Year,P,
2026-08-24,24UEC235,SATHIYA PRIYA M,3rd Year,A,
2026-08-25,24UEC235,SATHIYA PRIYA M,3rd Year,A,
2026-09-07,24UEC235,SATHIYA PRIYA M,3rd Year,A,
2026-09-08,24UEC235,SATHIYA PRIYA M,3rd Year,P,
2026-09-09,24UEC235,SATHIYA PRIYA M,3rd Year,P,
2026-09-10,24UEC235,SATHIYA PRIYA M,3rd Year,P,
2026-09-11,24UEC235,SATHIYA PRIYA M,3rd Year,P,
2026-09-15,24UEC235,SATHIYA PRIYA M,3rd Year,P,
2026-09-16,24UEC235,SATHIYA PRIYA M,3rd Year,P,
2026-09-17,24UEC235,SATHIYA PRIYA M,3rd Year,A,
2026-09-18,24UEC235,SATHIYA PRIYA M,3rd Year,P,
2026-09-21,24UEC235,SATHIYA PRIYA M,3rd Year,P,
2026-09-22,24UEC235,SATHIYA PRIYA M,3rd Year,P,
2026-09-23,24UEC235,SATHIYA PRIYA M,3rd Year,P,
2026-09-24,24UEC235,SATHIYA PRIYA M,3rd Year,P,
2026-09-25,24UEC235,SATHIYA PRIYA M,3rd Year,A,
2026-09-28,24UEC235,SATHIYA PRIYA M,3rd Year,P,
2026-09-29,24UEC235,SATHIYA PRIYA M,3rd Year,P,
2026-09-30,24UEC235,SATHIYA PRIYA M,3rd Year,P,
2026-10-01,24UEC235,SATHIYA PRIYA M,3rd Year,P,
2026-10-05,24UEC235,SATHIYA PRIYA M,3rd Year,P,
2026-08-14,24UEC248,SRINIVETHA S G,3rd Year,P,
2026-08-17,24UEC248,SRINIVETHA S G,3rd Year,P,
2026-08-18,24UEC248,SRINIVETHA S G,3rd Year,P,
2026-08-19,24UEC248,SRINIVETHA S G,3rd Year,P,
2026-08-21,24UEC248,SRINIVETHA S G,3rd Year,P,
2026-08-24,24UEC248,SRINIVETHA S G,3rd Year,P,
2026-08-25,24UEC248,SRINIVETHA S G,3rd Year,A,
2026-09-07,24UEC248,SRINIVETHA S G,3rd Year,A,
2026-09-08,24UEC248,SRINIVETHA S G,3rd Year,P,
2026-09-09,24UEC248,SRINIVETHA S G,3rd Year,P,
2026-09-10,24UEC248,SRINIVETHA S G,3rd Year,P,
2026-09-11,24UEC248,SRINIVETHA S G,3rd Year,P,
2026-09-15,24UEC248,SRINIVETHA S G,3rd Year,P,
2026-09-16,24UEC248,SRINIVETHA S G,3rd Year,P,
2026-09-17,24UEC248,SRINIVETHA S G,3rd Year,P,
2026-09-18,24UEC248,SRINIVETHA S G,3rd Year,P,
2026-09-21,24UEC248,SRINIVETHA S G,3rd Year,A,
2026-09-22,24UEC248,SRINIVETHA S G,3rd Year,A,
2026-09-23,24UEC248,SRINIVETHA S G,3rd Year,P,
2026-09-24,24UEC248,SRINIVETHA S G,3rd Year,P,
2026-09-25,24UEC248,SRINIVETHA S G,3rd Year,A,
2026-09-28,24UEC248,SRINIVETHA S G,3rd Year,P,
2026-09-29,24UEC248,SRINIVETHA S G,3rd Year,P,
2026-09-30,24UEC248,SRINIVETHA S G,3rd Year,P,
2026-10-01,24UEC248,SRINIVETHA S G,3rd Year,P,
2026-10-05,24UEC248,SRINIVETHA S G,3rd Year,P,
2026-08-14,24UEC255,THARCHANA S,3rd Year,P,
2026-08-17,24UEC255,THARCHANA S,3rd Year,P,
2026-08-18,24UEC255,THARCHANA S,3rd Year,P,
2026-08-19,24UEC255,THARCHANA S,3rd Year,P,
2026-08-21,24UEC255,THARCHANA S,3rd Year,P,
2026-08-24,24UEC255,THARCHANA S,3rd Year,P,
2026-08-25,24UEC255,THARCHANA S,3rd Year,A,
2026-09-07,24UEC255,THARCHANA S,3rd Year,A,
2026-09-08,24UEC255,THARCHANA S,3rd Year,P,
2026-09-09,24UEC255,THARCHANA S,3rd Year,P,
2026-09-10,24UEC255,THARCHANA S,3rd Year,P,
2026-09-11,24UEC255,THARCHANA S,3rd Year,P,
2026-09-15,24UEC255,THARCHANA S,3rd Year,P,
2026-09-16,24UEC255,THARCHANA S,3rd Year,P,
2026-09-17,24UEC255,THARCHANA S,3rd Year,P,
2026-09-18,24UEC255,THARCHANA S,3rd Year,P,
2026-09-21,24UEC255,THARCHANA S,3rd Year,P,
2026-09-22,24UEC255,THARCHANA S,3rd Year,P,
2026-09-23,24UEC255,THARCHANA S,3rd Year,P,
2026-09-24,24UEC255,THARCHANA S,3rd Year,P,
2026-09-25,24UEC255,THARCHANA S,3rd Year,A,
2026-09-28,24UEC255,THARCHANA S,3rd Year,P,
2026-09-29,24UEC255,THARCHANA S,3rd Year,P,
2026-09-30,24UEC255,THARCHANA S,3rd Year,P,
2026-10-01,24UEC255,THARCHANA S,3rd Year,P,
2026-10-05,24UEC255,THARCHANA S,3rd Year,P,
2026-08-14,24UEC605,KIRAN PRASATH R,3rd Year,A,
2026-08-17,24UEC605,KIRAN PRASATH R,3rd Year,P,
2026-08-18,24UEC605,KIRAN PRASATH R,3rd Year,A,
2026-08-19,24UEC605,KIRAN PRASATH R,3rd Year,P,
2026-08-21,24UEC605,KIRAN PRASATH R,3rd Year,A,
2026-08-24,24UEC605,KIRAN PRASATH R,3rd Year,A,
2026-08-25,24UEC605,KIRAN PRASATH R,3rd Year,A,
2026-09-07,24UEC605,KIRAN PRASATH R,3rd Year,A,
2026-09-08,24UEC605,KIRAN PRASATH R,3rd Year,P,
2026-09-09,24UEC605,KIRAN PRASATH R,3rd Year,A,
2026-09-11,24UEC605,KIRAN PRASATH R,3rd Year,P,
2026-09-15,24UEC605,KIRAN PRASATH R,3rd Year,P,
2026-09-16,24UEC605,KIRAN PRASATH R,3rd Year,A,
2026-09-17,24UEC605,KIRAN PRASATH R,3rd Year,A,
2026-09-18,24UEC605,KIRAN PRASATH R,3rd Year,P,
2026-09-21,24UEC605,KIRAN PRASATH R,3rd Year,A,
2026-09-22,24UEC605,KIRAN PRASATH R,3rd Year,P,
2026-09-23,24UEC605,KIRAN PRASATH R,3rd Year,P,
2026-09-24,24UEC605,KIRAN PRASATH R,3rd Year,P,
2026-09-25,24UEC605,KIRAN PRASATH R,3rd Year,A,
2026-09-28,24UEC605,KIRAN PRASATH R,3rd Year,P,
2026-09-29,24UEC605,KIRAN PRASATH R,3rd Year,P,
2026-09-30,24UEC605,KIRAN PRASATH R,3rd Year,P,
2026-10-01,24UEC605,KIRAN PRASATH R,3rd Year,A,
2026-08-14,24UIT104,AKASH P,3rd Year,P,
2026-08-17,24UIT104,AKASH P,3rd Year,P,
2026-08-18,24UIT104,AKASH P,3rd Year,P,
2026-08-19,24UIT104,AKASH P,3rd Year,P,
2026-08-21,24UIT104,AKASH P,3rd Year,P,
2026-08-24,24UIT104,AKASH P,3rd Year,P,
2026-08-25,24UIT104,AKASH P,3rd Year,A,
2026-09-07,24UIT104,AKASH P,3rd Year,A,
2026-09-09,24UIT104,AKASH P,3rd Year,A,
2026-09-10,24UIT104,AKASH P,3rd Year,P,
2026-09-11,24UIT104,AKASH P,3rd Year,P,
2026-09-15,24UIT104,AKASH P,3rd Year,A,
2026-09-16,24UIT104,AKASH P,3rd Year,A,
2026-09-17,24UIT104,AKASH P,3rd Year,A,
2026-09-18,24UIT104,AKASH P,3rd Year,A,
2026-09-21,24UIT104,AKASH P,3rd Year,P,
2026-09-22,24UIT104,AKASH P,3rd Year,P,
2026-09-23,24UIT104,AKASH P,3rd Year,P,
2026-09-24,24UIT104,AKASH P,3rd Year,P,
2026-09-25,24UIT104,AKASH P,3rd Year,P,
2026-09-28,24UIT104,AKASH P,3rd Year,P,
2026-09-29,24UIT104,AKASH P,3rd Year,P,
2026-09-30,24UIT104,AKASH P,3rd Year,P,
2026-10-01,24UIT104,AKASH P,3rd Year,P,
2026-10-05,24UIT104,AKASH P,3rd Year,P,
2026-08-14,24UIT109,DEEKSHITH M,3rd Year,P,
2026-08-17,24UIT109,DEEKSHITH M,3rd Year,P,
2026-08-18,24UIT109,DEEKSHITH M,3rd Year,P,
2026-08-19,24UIT109,DEEKSHITH M,3rd Year,P,
2026-08-21,24UIT109,DEEKSHITH M,3rd Year,P,
2026-08-24,24UIT109,DEEKSHITH M,3rd Year,P,
2026-08-25,24UIT109,DEEKSHITH M,3rd Year,A,
2026-09-07,24UIT109,DEEKSHITH M,3rd Year,A,
2026-09-09,24UIT109,DEEKSHITH M,3rd Year,P,
2026-09-10,24UIT109,DEEKSHITH M,3rd Year,P,
2026-09-11,24UIT109,DEEKSHITH M,3rd Year,P,
2026-09-15,24UIT109,DEEKSHITH M,3rd Year,A,
2026-09-16,24UIT109,DEEKSHITH M,3rd Year,P,
2026-09-17,24UIT109,DEEKSHITH M,3rd Year,P,
2026-09-18,24UIT109,DEEKSHITH M,3rd Year,P,
2026-09-21,24UIT109,DEEKSHITH M,3rd Year,P,
2026-09-22,24UIT109,DEEKSHITH M,3rd Year,P,
2026-09-23,24UIT109,DEEKSHITH M,3rd Year,P,
2026-09-24,24UIT109,DEEKSHITH M,3rd Year,P,
2026-09-25,24UIT109,DEEKSHITH M,3rd Year,P,
2026-09-28,24UIT109,DEEKSHITH M,3rd Year,P,
2026-09-29,24UIT109,DEEKSHITH M,3rd Year,P,
2026-09-30,24UIT109,DEEKSHITH M,3rd Year,P,
2026-10-01,24UIT109,DEEKSHITH M,3rd Year,P,
2026-08-14,24UIT110,DEVADHARSHINI K,3rd Year,P,
2026-08-17,24UIT110,DEVADHARSHINI K,3rd Year,P,
2026-08-18,24UIT110,DEVADHARSHINI K,3rd Year,P,
2026-08-19,24UIT110,DEVADHARSHINI K,3rd Year,P,
2026-08-21,24UIT110,DEVADHARSHINI K,3rd Year,P,
2026-08-24,24UIT110,DEVADHARSHINI K,3rd Year,P,
2026-08-25,24UIT110,DEVADHARSHINI K,3rd Year,A,
2026-09-07,24UIT110,DEVADHARSHINI K,3rd Year,P,
2026-09-09,24UIT110,DEVADHARSHINI K,3rd Year,A,
2026-09-10,24UIT110,DEVADHARSHINI K,3rd Year,P,
2026-09-11,24UIT110,DEVADHARSHINI K,3rd Year,P,
2026-09-15,24UIT110,DEVADHARSHINI K,3rd Year,P,
2026-09-16,24UIT110,DEVADHARSHINI K,3rd Year,P,
2026-09-17,24UIT110,DEVADHARSHINI K,3rd Year,P,
2026-09-18,24UIT110,DEVADHARSHINI K,3rd Year,P,
2026-09-21,24UIT110,DEVADHARSHINI K,3rd Year,P,
2026-09-22,24UIT110,DEVADHARSHINI K,3rd Year,P,
2026-09-23,24UIT110,DEVADHARSHINI K,3rd Year,P,
2026-09-24,24UIT110,DEVADHARSHINI K,3rd Year,P,
2026-09-25,24UIT110,DEVADHARSHINI K,3rd Year,A,
2026-09-28,24UIT110,DEVADHARSHINI K,3rd Year,P,
2026-09-29,24UIT110,DEVADHARSHINI K,3rd Year,P,
2026-09-30,24UIT110,DEVADHARSHINI K,3rd Year,P,
2026-10-01,24UIT110,DEVADHARSHINI K,3rd Year,P,
2026-10-05,24UIT110,DEVADHARSHINI K,3rd Year,P,
2026-08-14,24UIT119,HARIHARAN M,3rd Year,P,
2026-08-17,24UIT119,HARIHARAN M,3rd Year,P,
2026-08-18,24UIT119,HARIHARAN M,3rd Year,P,
2026-08-19,24UIT119,HARIHARAN M,3rd Year,P,
2026-08-21,24UIT119,HARIHARAN M,3rd Year,A,
2026-08-24,24UIT119,HARIHARAN M,3rd Year,A,
2026-08-25,24UIT119,HARIHARAN M,3rd Year,A,
2026-09-07,24UIT119,HARIHARAN M,3rd Year,A,
2026-09-09,24UIT119,HARIHARAN M,3rd Year,P,
2026-09-10,24UIT119,HARIHARAN M,3rd Year,P,
2026-09-11,24UIT119,HARIHARAN M,3rd Year,P,
2026-09-15,24UIT119,HARIHARAN M,3rd Year,A,
2026-09-16,24UIT119,HARIHARAN M,3rd Year,P,
2026-09-17,24UIT119,HARIHARAN M,3rd Year,P,
2026-09-18,24UIT119,HARIHARAN M,3rd Year,P,
2026-09-21,24UIT119,HARIHARAN M,3rd Year,P,
2026-09-22,24UIT119,HARIHARAN M,3rd Year,P,
2026-09-23,24UIT119,HARIHARAN M,3rd Year,P,
2026-09-24,24UIT119,HARIHARAN M,3rd Year,P,
2026-09-25,24UIT119,HARIHARAN M,3rd Year,P,
2026-09-28,24UIT119,HARIHARAN M,3rd Year,P,
2026-09-29,24UIT119,HARIHARAN M,3rd Year,P,
2026-09-30,24UIT119,HARIHARAN M,3rd Year,P,
2026-10-01,24UIT119,HARIHARAN M,3rd Year,P,
2026-08-14,24UIT124,KAVIYA S,3rd Year,P,
2026-08-17,24UIT124,KAVIYA S,3rd Year,P,
2026-08-18,24UIT124,KAVIYA S,3rd Year,P,
2026-08-19,24UIT124,KAVIYA S,3rd Year,P,
2026-08-21,24UIT124,KAVIYA S,3rd Year,P,
2026-08-24,24UIT124,KAVIYA S,3rd Year,P,
2026-08-25,24UIT124,KAVIYA S,3rd Year,A,
2026-09-07,24UIT124,KAVIYA S,3rd Year,P,
2026-09-09,24UIT124,KAVIYA S,3rd Year,P,
2026-09-10,24UIT124,KAVIYA S,3rd Year,P,
2026-09-11,24UIT124,KAVIYA S,3rd Year,P,
2026-09-15,24UIT124,KAVIYA S,3rd Year,A,
2026-09-16,24UIT124,KAVIYA S,3rd Year,P,
2026-09-17,24UIT124,KAVIYA S,3rd Year,P,
2026-09-18,24UIT124,KAVIYA S,3rd Year,P,
2026-09-21,24UIT124,KAVIYA S,3rd Year,P,
2026-09-22,24UIT124,KAVIYA S,3rd Year,P,
2026-09-23,24UIT124,KAVIYA S,3rd Year,P,
2026-09-24,24UIT124,KAVIYA S,3rd Year,P,
2026-09-25,24UIT124,KAVIYA S,3rd Year,P,
2026-09-28,24UIT124,KAVIYA S,3rd Year,P,
2026-09-29,24UIT124,KAVIYA S,3rd Year,P,
2026-09-30,24UIT124,KAVIYA S,3rd Year,P,
2026-10-01,24UIT124,KAVIYA S,3rd Year,P,
2026-10-05,24UIT124,KAVIYA S,3rd Year,P,
2026-08-14,24UIT127,KEERTHIVASAN N J,3rd Year,P,
2026-08-17,24UIT127,KEERTHIVASAN N J,3rd Year,P,
2026-08-18,24UIT127,KEERTHIVASAN N J,3rd Year,A,
2026-08-19,24UIT127,KEERTHIVASAN N J,3rd Year,P,
2026-08-21,24UIT127,KEERTHIVASAN N J,3rd Year,P,
2026-08-24,24UIT127,KEERTHIVASAN N J,3rd Year,A,
2026-08-25,24UIT127,KEERTHIVASAN N J,3rd Year,A,
2026-09-07,24UIT127,KEERTHIVASAN N J,3rd Year,A,
2026-09-09,24UIT127,KEERTHIVASAN N J,3rd Year,A,
2026-09-10,24UIT127,KEERTHIVASAN N J,3rd Year,A,
2026-09-15,24UIT127,KEERTHIVASAN N J,3rd Year,A,
2026-09-16,24UIT127,KEERTHIVASAN N J,3rd Year,A,
2026-09-17,24UIT127,KEERTHIVASAN N J,3rd Year,A,
2026-09-18,24UIT127,KEERTHIVASAN N J,3rd Year,A,
2026-09-21,24UIT127,KEERTHIVASAN N J,3rd Year,A,
2026-09-22,24UIT127,KEERTHIVASAN N J,3rd Year,A,
2026-09-23,24UIT127,KEERTHIVASAN N J,3rd Year,A,
2026-09-24,24UIT127,KEERTHIVASAN N J,3rd Year,A,
2026-09-25,24UIT127,KEERTHIVASAN N J,3rd Year,A,
2026-09-28,24UIT127,KEERTHIVASAN N J,3rd Year,A,
2026-09-29,24UIT127,KEERTHIVASAN N J,3rd Year,A,
2026-09-30,24UIT127,KEERTHIVASAN N J,3rd Year,A,
2026-10-01,24UIT127,KEERTHIVASAN N J,3rd Year,A,
2026-08-14,24UIT130,MANJITH MOHAN KUMAR B,3rd Year,P,
2026-08-17,24UIT130,MANJITH MOHAN KUMAR B,3rd Year,P,
2026-08-18,24UIT130,MANJITH MOHAN KUMAR B,3rd Year,P,
2026-08-19,24UIT130,MANJITH MOHAN KUMAR B,3rd Year,P,
2026-08-21,24UIT130,MANJITH MOHAN KUMAR B,3rd Year,P,
2026-08-24,24UIT130,MANJITH MOHAN KUMAR B,3rd Year,P,
2026-08-25,24UIT130,MANJITH MOHAN KUMAR B,3rd Year,A,
2026-09-07,24UIT130,MANJITH MOHAN KUMAR B,3rd Year,A,
2026-09-08,24UIT130,MANJITH MOHAN KUMAR B,3rd Year,P,
2026-09-09,24UIT130,MANJITH MOHAN KUMAR B,3rd Year,A,
2026-09-10,24UIT130,MANJITH MOHAN KUMAR B,3rd Year,P,
2026-09-11,24UIT130,MANJITH MOHAN KUMAR B,3rd Year,P,
2026-09-15,24UIT130,MANJITH MOHAN KUMAR B,3rd Year,P,
2026-09-16,24UIT130,MANJITH MOHAN KUMAR B,3rd Year,P,
2026-09-17,24UIT130,MANJITH MOHAN KUMAR B,3rd Year,P,
2026-09-18,24UIT130,MANJITH MOHAN KUMAR B,3rd Year,A,
2026-09-21,24UIT130,MANJITH MOHAN KUMAR B,3rd Year,P,
2026-09-22,24UIT130,MANJITH MOHAN KUMAR B,3rd Year,A,
2026-09-23,24UIT130,MANJITH MOHAN KUMAR B,3rd Year,A,
2026-09-24,24UIT130,MANJITH MOHAN KUMAR B,3rd Year,P,
2026-09-25,24UIT130,MANJITH MOHAN KUMAR B,3rd Year,P,
2026-09-28,24UIT130,MANJITH MOHAN KUMAR B,3rd Year,P,
2026-09-29,24UIT130,MANJITH MOHAN KUMAR B,3rd Year,P,
2026-09-30,24UIT130,MANJITH MOHAN KUMAR B,3rd Year,A,
2026-10-01,24UIT130,MANJITH MOHAN KUMAR B,3rd Year,P,
2026-10-05,24UIT130,MANJITH MOHAN KUMAR B,3rd Year,P,
2026-08-14,24UIT134,MOHAMMED YASIN A,3rd Year,P,
2026-08-17,24UIT134,MOHAMMED YASIN A,3rd Year,P,
2026-08-18,24UIT134,MOHAMMED YASIN A,3rd Year,A,
2026-08-19,24UIT134,MOHAMMED YASIN A,3rd Year,A,
2026-08-21,24UIT134,MOHAMMED YASIN A,3rd Year,P,
2026-08-24,24UIT134,MOHAMMED YASIN A,3rd Year,P,
2026-08-25,24UIT134,MOHAMMED YASIN A,3rd Year,A,
2026-09-07,24UIT134,MOHAMMED YASIN A,3rd Year,A,
2026-09-09,24UIT134,MOHAMMED YASIN A,3rd Year,P,
2026-09-10,24UIT134,MOHAMMED YASIN A,3rd Year,A,
2026-09-11,24UIT134,MOHAMMED YASIN A,3rd Year,P,
2026-09-15,24UIT134,MOHAMMED YASIN A,3rd Year,A,
2026-09-16,24UIT134,MOHAMMED YASIN A,3rd Year,A,
2026-09-17,24UIT134,MOHAMMED YASIN A,3rd Year,P,
2026-09-18,24UIT134,MOHAMMED YASIN A,3rd Year,A,
2026-09-21,24UIT134,MOHAMMED YASIN A,3rd Year,A,
2026-09-22,24UIT134,MOHAMMED YASIN A,3rd Year,A,
2026-09-23,24UIT134,MOHAMMED YASIN A,3rd Year,P,
2026-09-24,24UIT134,MOHAMMED YASIN A,3rd Year,P,
2026-09-25,24UIT134,MOHAMMED YASIN A,3rd Year,P,
2026-09-28,24UIT134,MOHAMMED YASIN A,3rd Year,P,
2026-09-29,24UIT134,MOHAMMED YASIN A,3rd Year,P,
2026-09-30,24UIT134,MOHAMMED YASIN A,3rd Year,P,
2026-10-01,24UIT134,MOHAMMED YASIN A,3rd Year,P,
2026-10-05,24UIT134,MOHAMMED YASIN A,3rd Year,P,
2026-08-14,24UIT136,NADHIYA N,3rd Year,P,
2026-08-17,24UIT136,NADHIYA N,3rd Year,P,
2026-08-18,24UIT136,NADHIYA N,3rd Year,P,
2026-08-19,24UIT136,NADHIYA N,3rd Year,P,
2026-08-21,24UIT136,NADHIYA N,3rd Year,P,
2026-08-24,24UIT136,NADHIYA N,3rd Year,P,
2026-08-25,24UIT136,NADHIYA N,3rd Year,A,
2026-09-07,24UIT136,NADHIYA N,3rd Year,P,
2026-09-09,24UIT136,NADHIYA N,3rd Year,P,
2026-09-10,24UIT136,NADHIYA N,3rd Year,P,
2026-09-11,24UIT136,NADHIYA N,3rd Year,P,
2026-09-15,24UIT136,NADHIYA N,3rd Year,P,
2026-09-16,24UIT136,NADHIYA N,3rd Year,P,
2026-09-17,24UIT136,NADHIYA N,3rd Year,P,
2026-09-18,24UIT136,NADHIYA N,3rd Year,P,
2026-09-21,24UIT136,NADHIYA N,3rd Year,P,
2026-09-22,24UIT136,NADHIYA N,3rd Year,P,
2026-09-23,24UIT136,NADHIYA N,3rd Year,P,
2026-09-24,24UIT136,NADHIYA N,3rd Year,P,
2026-09-25,24UIT136,NADHIYA N,3rd Year,P,
2026-09-28,24UIT136,NADHIYA N,3rd Year,P,
2026-09-29,24UIT136,NADHIYA N,3rd Year,P,
2026-09-30,24UIT136,NADHIYA N,3rd Year,P,
2026-10-01,24UIT136,NADHIYA N,3rd Year,P,
2026-08-14,24UIT140,PRARTHANAN P,3rd Year,P,
2026-08-17,24UIT140,PRARTHANAN P,3rd Year,P,
2026-08-18,24UIT140,PRARTHANAN P,3rd Year,P,
2026-08-19,24UIT140,PRARTHANAN P,3rd Year,P,
2026-08-21,24UIT140,PRARTHANAN P,3rd Year,A,
2026-08-24,24UIT140,PRARTHANAN P,3rd Year,P,
2026-08-25,24UIT140,PRARTHANAN P,3rd Year,A,
2026-09-07,24UIT140,PRARTHANAN P,3rd Year,A,
2026-09-09,24UIT140,PRARTHANAN P,3rd Year,P,
2026-09-10,24UIT140,PRARTHANAN P,3rd Year,P,
2026-09-11,24UIT140,PRARTHANAN P,3rd Year,P,
2026-09-15,24UIT140,PRARTHANAN P,3rd Year,A,
2026-09-16,24UIT140,PRARTHANAN P,3rd Year,P,
2026-09-17,24UIT140,PRARTHANAN P,3rd Year,A,
2026-09-18,24UIT140,PRARTHANAN P,3rd Year,P,
2026-09-21,24UIT140,PRARTHANAN P,3rd Year,P,
2026-09-22,24UIT140,PRARTHANAN P,3rd Year,P,
2026-09-23,24UIT140,PRARTHANAN P,3rd Year,P,
2026-09-24,24UIT140,PRARTHANAN P,3rd Year,P,
2026-09-25,24UIT140,PRARTHANAN P,3rd Year,P,
2026-09-28,24UIT140,PRARTHANAN P,3rd Year,P,
2026-09-29,24UIT140,PRARTHANAN P,3rd Year,P,
2026-09-30,24UIT140,PRARTHANAN P,3rd Year,P,
2026-10-01,24UIT140,PRARTHANAN P,3rd Year,P,
2026-08-14,24UIT144,SABARINATHAN M,3rd Year,P,
2026-08-17,24UIT144,SABARINATHAN M,3rd Year,P,
2026-08-18,24UIT144,SABARINATHAN M,3rd Year,P,
2026-08-19,24UIT144,SABARINATHAN M,3rd Year,A,
2026-08-21,24UIT144,SABARINATHAN M,3rd Year,P,
2026-08-24,24UIT144,SABARINATHAN M,3rd Year,P,
2026-08-25,24UIT144,SABARINATHAN M,3rd Year,A,
2026-09-07,24UIT144,SABARINATHAN M,3rd Year,P,
2026-09-09,24UIT144,SABARINATHAN M,3rd Year,P,
2026-09-10,24UIT144,SABARINATHAN M,3rd Year,P,
2026-09-11,24UIT144,SABARINATHAN M,3rd Year,P,
2026-09-15,24UIT144,SABARINATHAN M,3rd Year,A,
2026-09-16,24UIT144,SABARINATHAN M,3rd Year,P,
2026-09-17,24UIT144,SABARINATHAN M,3rd Year,P,
2026-09-18,24UIT144,SABARINATHAN M,3rd Year,A,
2026-09-21,24UIT144,SABARINATHAN M,3rd Year,P,
2026-09-22,24UIT144,SABARINATHAN M,3rd Year,P,
2026-09-23,24UIT144,SABARINATHAN M,3rd Year,P,
2026-09-24,24UIT144,SABARINATHAN M,3rd Year,P,
2026-09-25,24UIT144,SABARINATHAN M,3rd Year,P,
2026-09-28,24UIT144,SABARINATHAN M,3rd Year,P,
2026-09-29,24UIT144,SABARINATHAN M,3rd Year,P,
2026-09-30,24UIT144,SABARINATHAN M,3rd Year,P,
2026-10-01,24UIT144,SABARINATHAN M,3rd Year,P,
2026-10-05,24UIT144,SABARINATHAN M,3rd Year,P,
2026-08-14,24UIT145,SANJANA S,3rd Year,P,
2026-08-17,24UIT145,SANJANA S,3rd Year,P,
2026-08-18,24UIT145,SANJANA S,3rd Year,P,
2026-08-19,24UIT145,SANJANA S,3rd Year,P,
2026-08-21,24UIT145,SANJANA S,3rd Year,A,
2026-08-24,24UIT145,SANJANA S,3rd Year,P,
2026-08-25,24UIT145,SANJANA S,3rd Year,A,
2026-09-07,24UIT145,SANJANA S,3rd Year,A,
2026-09-09,24UIT145,SANJANA S,3rd Year,A,
2026-09-11,24UIT145,SANJANA S,3rd Year,A,
2026-09-15,24UIT145,SANJANA S,3rd Year,P,
2026-09-16,24UIT145,SANJANA S,3rd Year,P,
2026-09-17,24UIT145,SANJANA S,3rd Year,P,
2026-09-18,24UIT145,SANJANA S,3rd Year,P,
2026-09-21,24UIT145,SANJANA S,3rd Year,P,
2026-09-22,24UIT145,SANJANA S,3rd Year,A,
2026-09-23,24UIT145,SANJANA S,3rd Year,P,
2026-09-24,24UIT145,SANJANA S,3rd Year,P,
2026-09-25,24UIT145,SANJANA S,3rd Year,P,
2026-09-28,24UIT145,SANJANA S,3rd Year,P,
2026-09-29,24UIT145,SANJANA S,3rd Year,P,
2026-09-30,24UIT145,SANJANA S,3rd Year,P,
2026-10-01,24UIT145,SANJANA S,3rd Year,P,
2026-10-05,24UIT145,SANJANA S,3rd Year,P,
2026-08-14,24UIT147,SARWINA M,3rd Year,P,
2026-08-17,24UIT147,SARWINA M,3rd Year,P,
2026-08-18,24UIT147,SARWINA M,3rd Year,P,
2026-08-19,24UIT147,SARWINA M,3rd Year,P,
2026-08-21,24UIT147,SARWINA M,3rd Year,P,
2026-08-24,24UIT147,SARWINA M,3rd Year,A,
2026-08-25,24UIT147,SARWINA M,3rd Year,A,
2026-09-07,24UIT147,SARWINA M,3rd Year,A,
2026-09-08,24UIT147,SARWINA M,3rd Year,P,
2026-09-09,24UIT147,SARWINA M,3rd Year,P,
2026-09-11,24UIT147,SARWINA M,3rd Year,P,
2026-09-15,24UIT147,SARWINA M,3rd Year,P,
2026-09-16,24UIT147,SARWINA M,3rd Year,P,
2026-09-17,24UIT147,SARWINA M,3rd Year,P,
2026-09-18,24UIT147,SARWINA M,3rd Year,P,
2026-09-21,24UIT147,SARWINA M,3rd Year,P,
2026-09-22,24UIT147,SARWINA M,3rd Year,A,
2026-09-23,24UIT147,SARWINA M,3rd Year,P,
2026-09-24,24UIT147,SARWINA M,3rd Year,P,
2026-09-25,24UIT147,SARWINA M,3rd Year,P,
2026-09-28,24UIT147,SARWINA M,3rd Year,A,
2026-09-29,24UIT147,SARWINA M,3rd Year,P,
2026-09-30,24UIT147,SARWINA M,3rd Year,P,
2026-10-01,24UIT147,SARWINA M,3rd Year,P,
2026-10-05,24UIT147,SARWINA M,3rd Year,P,
2026-08-14,24UIT150,SRUTHI S,3rd Year,P,
2026-08-17,24UIT150,SRUTHI S,3rd Year,A,
2026-08-18,24UIT150,SRUTHI S,3rd Year,P,
2026-08-19,24UIT150,SRUTHI S,3rd Year,P,
2026-08-21,24UIT150,SRUTHI S,3rd Year,A,
2026-08-24,24UIT150,SRUTHI S,3rd Year,P,
2026-08-25,24UIT150,SRUTHI S,3rd Year,A,
2026-09-07,24UIT150,SRUTHI S,3rd Year,A,
2026-09-09,24UIT150,SRUTHI S,3rd Year,P,
2026-09-10,24UIT150,SRUTHI S,3rd Year,P,
2026-09-11,24UIT150,SRUTHI S,3rd Year,P,
2026-09-15,24UIT150,SRUTHI S,3rd Year,A,
2026-09-16,24UIT150,SRUTHI S,3rd Year,P,
2026-09-17,24UIT150,SRUTHI S,3rd Year,A,
2026-09-18,24UIT150,SRUTHI S,3rd Year,P,
2026-09-21,24UIT150,SRUTHI S,3rd Year,P,
2026-09-22,24UIT150,SRUTHI S,3rd Year,A,
2026-09-23,24UIT150,SRUTHI S,3rd Year,P,
2026-09-24,24UIT150,SRUTHI S,3rd Year,A,
2026-09-25,24UIT150,SRUTHI S,3rd Year,P,
2026-09-28,24UIT150,SRUTHI S,3rd Year,P,
2026-09-29,24UIT150,SRUTHI S,3rd Year,P,
2026-09-30,24UIT150,SRUTHI S,3rd Year,A,
2026-10-01,24UIT150,SRUTHI S,3rd Year,P,
2026-10-05,24UIT150,SRUTHI S,3rd Year,P,
2026-08-14,24UIT601,AADHARISH R,3rd Year,A,
2026-08-17,24UIT601,AADHARISH R,3rd Year,P,
2026-08-18,24UIT601,AADHARISH R,3rd Year,P,
2026-08-19,24UIT601,AADHARISH R,3rd Year,P,
2026-08-21,24UIT601,AADHARISH R,3rd Year,P,
2026-08-24,24UIT601,AADHARISH R,3rd Year,A,
2026-08-25,24UIT601,AADHARISH R,3rd Year,A,
2026-09-07,24UIT601,AADHARISH R,3rd Year,A,
2026-09-09,24UIT601,AADHARISH R,3rd Year,A,
2026-09-11,24UIT601,AADHARISH R,3rd Year,A,
2026-09-15,24UIT601,AADHARISH R,3rd Year,A,
2026-09-16,24UIT601,AADHARISH R,3rd Year,A,
2026-09-17,24UIT601,AADHARISH R,3rd Year,A,
2026-09-18,24UIT601,AADHARISH R,3rd Year,A,
2026-09-21,24UIT601,AADHARISH R,3rd Year,P,
2026-09-22,24UIT601,AADHARISH R,3rd Year,P,
2026-09-23,24UIT601,AADHARISH R,3rd Year,P,
2026-09-24,24UIT601,AADHARISH R,3rd Year,A,
2026-09-25,24UIT601,AADHARISH R,3rd Year,A,
2026-09-28,24UIT601,AADHARISH R,3rd Year,P,
2026-09-29,24UIT601,AADHARISH R,3rd Year,P,
2026-09-30,24UIT601,AADHARISH R,3rd Year,P,
2026-10-01,24UIT601,AADHARISH R,3rd Year,P,
2026-10-05,24UIT601,AADHARISH R,3rd Year,P,
2026-08-14,24UIT603,KAMALESH M,3rd Year,P,
2026-08-17,24UIT603,KAMALESH M,3rd Year,P,
2026-08-18,24UIT603,KAMALESH M,3rd Year,P,
2026-08-19,24UIT603,KAMALESH M,3rd Year,P,
2026-08-21,24UIT603,KAMALESH M,3rd Year,A,
2026-08-24,24UIT603,KAMALESH M,3rd Year,P,
2026-08-25,24UIT603,KAMALESH M,3rd Year,A,
2026-09-07,24UIT603,KAMALESH M,3rd Year,A,
2026-09-08,24UIT603,KAMALESH M,3rd Year,P,
2026-09-09,24UIT603,KAMALESH M,3rd Year,P,
2026-09-10,24UIT603,KAMALESH M,3rd Year,P,
2026-09-11,24UIT603,KAMALESH M,3rd Year,P,
2026-09-15,24UIT603,KAMALESH M,3rd Year,A,
2026-09-16,24UIT603,KAMALESH M,3rd Year,P,
2026-09-17,24UIT603,KAMALESH M,3rd Year,P,
2026-09-18,24UIT603,KAMALESH M,3rd Year,A,
2026-09-21,24UIT603,KAMALESH M,3rd Year,P,
2026-09-22,24UIT603,KAMALESH M,3rd Year,A,
2026-09-23,24UIT603,KAMALESH M,3rd Year,P,
2026-09-24,24UIT603,KAMALESH M,3rd Year,P,
2026-09-25,24UIT603,KAMALESH M,3rd Year,P,
2026-09-28,24UIT603,KAMALESH M,3rd Year,P,
2026-09-29,24UIT603,KAMALESH M,3rd Year,P,
2026-09-30,24UIT603,KAMALESH M,3rd Year,P,
2026-10-01,24UIT603,KAMALESH M,3rd Year,P,
2026-10-05,24UIT603,KAMALESH M,3rd Year,P,
2026-08-03,24UAD102,AAYSHA ASMITHA H,3rd Year,A,
2026-08-04,24UAD102,AAYSHA ASMITHA H,3rd Year,A,
2026-08-05,24UAD102,AAYSHA ASMITHA H,3rd Year,P,
2026-08-06,24UAD102,AAYSHA ASMITHA H,3rd Year,P,
2026-08-07,24UAD102,AAYSHA ASMITHA H,3rd Year,P,
2026-08-10,24UAD102,AAYSHA ASMITHA H,3rd Year,P,
2026-08-11,24UAD102,AAYSHA ASMITHA H,3rd Year,A,
2026-08-12,24UAD102,AAYSHA ASMITHA H,3rd Year,P,
2026-08-13,24UAD102,AAYSHA ASMITHA H,3rd Year,A,
2026-08-14,24UAD102,AAYSHA ASMITHA H,3rd Year,P,
2026-08-18,24UAD102,AAYSHA ASMITHA H,3rd Year,P,
2026-08-19,24UAD102,AAYSHA ASMITHA H,3rd Year,P,
2026-08-21,24UAD102,AAYSHA ASMITHA H,3rd Year,P,
2026-08-24,24UAD102,AAYSHA ASMITHA H,3rd Year,P,
2026-08-25,24UAD102,AAYSHA ASMITHA H,3rd Year,P,
2026-09-07,24UAD102,AAYSHA ASMITHA H,3rd Year,P,
2026-09-08,24UAD102,AAYSHA ASMITHA H,3rd Year,P,
2026-09-09,24UAD102,AAYSHA ASMITHA H,3rd Year,P,
2026-09-10,24UAD102,AAYSHA ASMITHA H,3rd Year,P,
2026-09-11,24UAD102,AAYSHA ASMITHA H,3rd Year,P,
2026-09-15,24UAD102,AAYSHA ASMITHA H,3rd Year,P,
2026-09-16,24UAD102,AAYSHA ASMITHA H,3rd Year,A,
2026-09-17,24UAD102,AAYSHA ASMITHA H,3rd Year,P,
2026-09-18,24UAD102,AAYSHA ASMITHA H,3rd Year,P,
2026-09-21,24UAD102,AAYSHA ASMITHA H,3rd Year,P,
2026-09-22,24UAD102,AAYSHA ASMITHA H,3rd Year,P,
2026-09-23,24UAD102,AAYSHA ASMITHA H,3rd Year,P,
2026-09-24,24UAD102,AAYSHA ASMITHA H,3rd Year,P,
2026-09-25,24UAD102,AAYSHA ASMITHA H,3rd Year,P,
2026-09-28,24UAD102,AAYSHA ASMITHA H,3rd Year,P,
2026-09-29,24UAD102,AAYSHA ASMITHA H,3rd Year,P,
2026-09-30,24UAD102,AAYSHA ASMITHA H,3rd Year,P,
2026-10-01,24UAD102,AAYSHA ASMITHA H,3rd Year,A,
2026-10-05,24UAD102,AAYSHA ASMITHA H,3rd Year,P,
2026-08-03,24UAD103,ABARNAA R,3rd Year,A,
2026-08-04,24UAD103,ABARNAA R,3rd Year,A,
2026-08-05,24UAD103,ABARNAA R,3rd Year,P,
2026-08-06,24UAD103,ABARNAA R,3rd Year,P,
2026-08-07,24UAD103,ABARNAA R,3rd Year,P,
2026-08-10,24UAD103,ABARNAA R,3rd Year,P,
2026-08-11,24UAD103,ABARNAA R,3rd Year,A,
2026-08-12,24UAD103,ABARNAA R,3rd Year,P,
2026-08-13,24UAD103,ABARNAA R,3rd Year,P,
2026-08-14,24UAD103,ABARNAA R,3rd Year,P,
2026-08-18,24UAD103,ABARNAA R,3rd Year,P,
2026-08-19,24UAD103,ABARNAA R,3rd Year,P,
2026-08-21,24UAD103,ABARNAA R,3rd Year,P,
2026-08-24,24UAD103,ABARNAA R,3rd Year,P,
2026-08-25,24UAD103,ABARNAA R,3rd Year,P,
2026-09-07,24UAD103,ABARNAA R,3rd Year,P,
2026-09-08,24UAD103,ABARNAA R,3rd Year,P,
2026-09-09,24UAD103,ABARNAA R,3rd Year,P,
2026-09-10,24UAD103,ABARNAA R,3rd Year,P,
2026-09-11,24UAD103,ABARNAA R,3rd Year,P,
2026-09-15,24UAD103,ABARNAA R,3rd Year,P,
2026-09-16,24UAD103,ABARNAA R,3rd Year,P,
2026-09-17,24UAD103,ABARNAA R,3rd Year,P,
2026-09-18,24UAD103,ABARNAA R,3rd Year,P,
2026-09-21,24UAD103,ABARNAA R,3rd Year,P,
2026-09-22,24UAD103,ABARNAA R,3rd Year,P,
2026-09-23,24UAD103,ABARNAA R,3rd Year,P,
2026-09-24,24UAD103,ABARNAA R,3rd Year,P,
2026-09-25,24UAD103,ABARNAA R,3rd Year,P,
2026-09-28,24UAD103,ABARNAA R,3rd Year,P,
2026-09-29,24UAD103,ABARNAA R,3rd Year,P,
2026-09-30,24UAD103,ABARNAA R,3rd Year,P,
2026-10-01,24UAD103,ABARNAA R,3rd Year,P,
2026-10-05,24UAD103,ABARNAA R,3rd Year,P,
2026-08-03,24UAD104,ABHISHEK R,3rd Year,A,
2026-08-04,24UAD104,ABHISHEK R,3rd Year,A,
2026-08-05,24UAD104,ABHISHEK R,3rd Year,P,
2026-08-06,24UAD104,ABHISHEK R,3rd Year,P,
2026-08-07,24UAD104,ABHISHEK R,3rd Year,P,
2026-08-10,24UAD104,ABHISHEK R,3rd Year,P,
2026-08-11,24UAD104,ABHISHEK R,3rd Year,A,
2026-08-12,24UAD104,ABHISHEK R,3rd Year,P,
2026-08-13,24UAD104,ABHISHEK R,3rd Year,A,
2026-08-14,24UAD104,ABHISHEK R,3rd Year,A,
2026-08-18,24UAD104,ABHISHEK R,3rd Year,P,
2026-08-19,24UAD104,ABHISHEK R,3rd Year,P,
2026-08-21,24UAD104,ABHISHEK R,3rd Year,P,
2026-08-24,24UAD104,ABHISHEK R,3rd Year,P,
2026-08-25,24UAD104,ABHISHEK R,3rd Year,P,
2026-09-07,24UAD104,ABHISHEK R,3rd Year,P,
2026-09-08,24UAD104,ABHISHEK R,3rd Year,A,
2026-09-09,24UAD104,ABHISHEK R,3rd Year,A,
2026-09-10,24UAD104,ABHISHEK R,3rd Year,A,
2026-09-11,24UAD104,ABHISHEK R,3rd Year,A,
2026-09-15,24UAD104,ABHISHEK R,3rd Year,P,
2026-09-16,24UAD104,ABHISHEK R,3rd Year,P,
2026-09-17,24UAD104,ABHISHEK R,3rd Year,P,
2026-09-18,24UAD104,ABHISHEK R,3rd Year,P,
2026-09-21,24UAD104,ABHISHEK R,3rd Year,P,
2026-09-22,24UAD104,ABHISHEK R,3rd Year,P,
2026-09-23,24UAD104,ABHISHEK R,3rd Year,P,
2026-09-24,24UAD104,ABHISHEK R,3rd Year,P,
2026-09-25,24UAD104,ABHISHEK R,3rd Year,P,
2026-09-28,24UAD104,ABHISHEK R,3rd Year,P,
2026-09-29,24UAD104,ABHISHEK R,3rd Year,P,
2026-09-30,24UAD104,ABHISHEK R,3rd Year,P,
2026-10-01,24UAD104,ABHISHEK R,3rd Year,A,
2026-10-05,24UAD104,ABHISHEK R,3rd Year,A,
2026-08-03,24UAD106,AKSHAYA VARUNI N,3rd Year,A,
2026-08-04,24UAD106,AKSHAYA VARUNI N,3rd Year,A,
2026-08-05,24UAD106,AKSHAYA VARUNI N,3rd Year,P,
2026-08-06,24UAD106,AKSHAYA VARUNI N,3rd Year,P,
2026-08-07,24UAD106,AKSHAYA VARUNI N,3rd Year,P,
2026-08-10,24UAD106,AKSHAYA VARUNI N,3rd Year,P,
2026-08-11,24UAD106,AKSHAYA VARUNI N,3rd Year,A,
2026-08-12,24UAD106,AKSHAYA VARUNI N,3rd Year,P,
2026-08-13,24UAD106,AKSHAYA VARUNI N,3rd Year,P,
2026-08-14,24UAD106,AKSHAYA VARUNI N,3rd Year,P,
2026-08-18,24UAD106,AKSHAYA VARUNI N,3rd Year,P,
2026-08-19,24UAD106,AKSHAYA VARUNI N,3rd Year,P,
2026-08-21,24UAD106,AKSHAYA VARUNI N,3rd Year,P,
2026-08-24,24UAD106,AKSHAYA VARUNI N,3rd Year,P,
2026-08-25,24UAD106,AKSHAYA VARUNI N,3rd Year,P,
2026-09-07,24UAD106,AKSHAYA VARUNI N,3rd Year,A,
2026-09-08,24UAD106,AKSHAYA VARUNI N,3rd Year,P,
2026-09-09,24UAD106,AKSHAYA VARUNI N,3rd Year,P,
2026-09-10,24UAD106,AKSHAYA VARUNI N,3rd Year,P,
2026-09-11,24UAD106,AKSHAYA VARUNI N,3rd Year,P,
2026-09-15,24UAD106,AKSHAYA VARUNI N,3rd Year,P,
2026-09-16,24UAD106,AKSHAYA VARUNI N,3rd Year,P,
2026-09-17,24UAD106,AKSHAYA VARUNI N,3rd Year,P,
2026-09-18,24UAD106,AKSHAYA VARUNI N,3rd Year,P,
2026-09-21,24UAD106,AKSHAYA VARUNI N,3rd Year,P,
2026-09-22,24UAD106,AKSHAYA VARUNI N,3rd Year,P,
2026-09-23,24UAD106,AKSHAYA VARUNI N,3rd Year,P,
2026-09-24,24UAD106,AKSHAYA VARUNI N,3rd Year,P,
2026-09-25,24UAD106,AKSHAYA VARUNI N,3rd Year,P,
2026-09-28,24UAD106,AKSHAYA VARUNI N,3rd Year,P,
2026-09-29,24UAD106,AKSHAYA VARUNI N,3rd Year,P,
2026-09-30,24UAD106,AKSHAYA VARUNI N,3rd Year,P,
2026-10-01,24UAD106,AKSHAYA VARUNI N,3rd Year,P,
2026-10-05,24UAD106,AKSHAYA VARUNI N,3rd Year,A,
2026-08-03,24UAD107,AKSHAYAA S A,3rd Year,A,
2026-08-04,24UAD107,AKSHAYAA S A,3rd Year,A,
2026-08-05,24UAD107,AKSHAYAA S A,3rd Year,P,
2026-08-06,24UAD107,AKSHAYAA S A,3rd Year,P,
2026-08-07,24UAD107,AKSHAYAA S A,3rd Year,P,
2026-08-10,24UAD107,AKSHAYAA S A,3rd Year,P,
2026-08-11,24UAD107,AKSHAYAA S A,3rd Year,A,
2026-08-12,24UAD107,AKSHAYAA S A,3rd Year,A,
2026-08-13,24UAD107,AKSHAYAA S A,3rd Year,A,
2026-08-14,24UAD107,AKSHAYAA S A,3rd Year,A,
2026-08-18,24UAD107,AKSHAYAA S A,3rd Year,P,
2026-08-19,24UAD107,AKSHAYAA S A,3rd Year,P,
2026-08-21,24UAD107,AKSHAYAA S A,3rd Year,P,
2026-08-24,24UAD107,AKSHAYAA S A,3rd Year,P,
2026-08-25,24UAD107,AKSHAYAA S A,3rd Year,A,
2026-09-07,24UAD107,AKSHAYAA S A,3rd Year,P,
2026-09-08,24UAD107,AKSHAYAA S A,3rd Year,P,
2026-09-09,24UAD107,AKSHAYAA S A,3rd Year,P,
2026-09-10,24UAD107,AKSHAYAA S A,3rd Year,P,
2026-09-11,24UAD107,AKSHAYAA S A,3rd Year,P,
2026-09-15,24UAD107,AKSHAYAA S A,3rd Year,P,
2026-09-16,24UAD107,AKSHAYAA S A,3rd Year,P,
2026-09-17,24UAD107,AKSHAYAA S A,3rd Year,P,
2026-09-18,24UAD107,AKSHAYAA S A,3rd Year,P,
2026-09-21,24UAD107,AKSHAYAA S A,3rd Year,P,
2026-09-22,24UAD107,AKSHAYAA S A,3rd Year,P,
2026-09-23,24UAD107,AKSHAYAA S A,3rd Year,P,
2026-09-24,24UAD107,AKSHAYAA S A,3rd Year,P,
2026-09-25,24UAD107,AKSHAYAA S A,3rd Year,P,
2026-09-28,24UAD107,AKSHAYAA S A,3rd Year,P,
2026-09-29,24UAD107,AKSHAYAA S A,3rd Year,P,
2026-09-30,24UAD107,AKSHAYAA S A,3rd Year,P,
2026-10-01,24UAD107,AKSHAYAA S A,3rd Year,P,
2026-10-05,24UAD107,AKSHAYAA S A,3rd Year,A,
2026-08-03,24UAD113,ANUSHYA E,3rd Year,A,
2026-08-04,24UAD113,ANUSHYA E,3rd Year,A,
2026-08-05,24UAD113,ANUSHYA E,3rd Year,P,
2026-08-06,24UAD113,ANUSHYA E,3rd Year,P,
2026-08-07,24UAD113,ANUSHYA E,3rd Year,P,
2026-08-10,24UAD113,ANUSHYA E,3rd Year,P,
2026-08-11,24UAD113,ANUSHYA E,3rd Year,A,
2026-08-12,24UAD113,ANUSHYA E,3rd Year,P,
2026-08-13,24UAD113,ANUSHYA E,3rd Year,A,
2026-08-14,24UAD113,ANUSHYA E,3rd Year,A,
2026-08-18,24UAD113,ANUSHYA E,3rd Year,P,
2026-08-19,24UAD113,ANUSHYA E,3rd Year,P,
2026-08-21,24UAD113,ANUSHYA E,3rd Year,P,
2026-08-24,24UAD113,ANUSHYA E,3rd Year,P,
2026-08-25,24UAD113,ANUSHYA E,3rd Year,P,
2026-09-07,24UAD113,ANUSHYA E,3rd Year,A,
2026-09-08,24UAD113,ANUSHYA E,3rd Year,A,
2026-09-09,24UAD113,ANUSHYA E,3rd Year,A,
2026-09-10,24UAD113,ANUSHYA E,3rd Year,P,
2026-09-11,24UAD113,ANUSHYA E,3rd Year,P,
2026-09-15,24UAD113,ANUSHYA E,3rd Year,P,
2026-09-16,24UAD113,ANUSHYA E,3rd Year,P,
2026-09-17,24UAD113,ANUSHYA E,3rd Year,P,
2026-09-18,24UAD113,ANUSHYA E,3rd Year,P,
2026-09-21,24UAD113,ANUSHYA E,3rd Year,P,
2026-09-22,24UAD113,ANUSHYA E,3rd Year,P,
2026-09-23,24UAD113,ANUSHYA E,3rd Year,P,
2026-09-24,24UAD113,ANUSHYA E,3rd Year,P,
2026-09-25,24UAD113,ANUSHYA E,3rd Year,P,
2026-09-28,24UAD113,ANUSHYA E,3rd Year,P,
2026-09-29,24UAD113,ANUSHYA E,3rd Year,P,
2026-09-30,24UAD113,ANUSHYA E,3rd Year,P,
2026-10-01,24UAD113,ANUSHYA E,3rd Year,P,
2026-10-05,24UAD113,ANUSHYA E,3rd Year,P,
2026-08-03,24UAD116,AUSLIN NAUSHA R S,3rd Year,A,
2026-08-04,24UAD116,AUSLIN NAUSHA R S,3rd Year,A,
2026-08-05,24UAD116,AUSLIN NAUSHA R S,3rd Year,P,
2026-08-06,24UAD116,AUSLIN NAUSHA R S,3rd Year,P,
2026-08-07,24UAD116,AUSLIN NAUSHA R S,3rd Year,P,
2026-08-10,24UAD116,AUSLIN NAUSHA R S,3rd Year,P,
2026-08-11,24UAD116,AUSLIN NAUSHA R S,3rd Year,A,
2026-08-12,24UAD116,AUSLIN NAUSHA R S,3rd Year,P,
2026-08-13,24UAD116,AUSLIN NAUSHA R S,3rd Year,P,
2026-08-14,24UAD116,AUSLIN NAUSHA R S,3rd Year,A,
2026-08-18,24UAD116,AUSLIN NAUSHA R S,3rd Year,P,
2026-08-19,24UAD116,AUSLIN NAUSHA R S,3rd Year,P,
2026-08-21,24UAD116,AUSLIN NAUSHA R S,3rd Year,P,
2026-08-24,24UAD116,AUSLIN NAUSHA R S,3rd Year,A,
2026-08-25,24UAD116,AUSLIN NAUSHA R S,3rd Year,A,
2026-09-07,24UAD116,AUSLIN NAUSHA R S,3rd Year,P,
2026-09-08,24UAD116,AUSLIN NAUSHA R S,3rd Year,P,
2026-09-09,24UAD116,AUSLIN NAUSHA R S,3rd Year,P,
2026-09-10,24UAD116,AUSLIN NAUSHA R S,3rd Year,P,
2026-09-11,24UAD116,AUSLIN NAUSHA R S,3rd Year,P,
2026-09-15,24UAD116,AUSLIN NAUSHA R S,3rd Year,P,
2026-09-16,24UAD116,AUSLIN NAUSHA R S,3rd Year,P,
2026-09-17,24UAD116,AUSLIN NAUSHA R S,3rd Year,P,
2026-09-18,24UAD116,AUSLIN NAUSHA R S,3rd Year,P,
2026-09-21,24UAD116,AUSLIN NAUSHA R S,3rd Year,P,
2026-09-22,24UAD116,AUSLIN NAUSHA R S,3rd Year,P,
2026-09-23,24UAD116,AUSLIN NAUSHA R S,3rd Year,P,
2026-09-24,24UAD116,AUSLIN NAUSHA R S,3rd Year,P,
2026-09-25,24UAD116,AUSLIN NAUSHA R S,3rd Year,P,
2026-09-28,24UAD116,AUSLIN NAUSHA R S,3rd Year,P,
2026-09-29,24UAD116,AUSLIN NAUSHA R S,3rd Year,P,
2026-09-30,24UAD116,AUSLIN NAUSHA R S,3rd Year,P,
2026-10-01,24UAD116,AUSLIN NAUSHA R S,3rd Year,A,
2026-10-05,24UAD116,AUSLIN NAUSHA R S,3rd Year,A,
2026-08-03,24UAD119,BHAAVANA K,3rd Year,A,
2026-08-04,24UAD119,BHAAVANA K,3rd Year,A,
2026-08-05,24UAD119,BHAAVANA K,3rd Year,P,
2026-08-06,24UAD119,BHAAVANA K,3rd Year,P,
2026-08-07,24UAD119,BHAAVANA K,3rd Year,P,
2026-08-10,24UAD119,BHAAVANA K,3rd Year,P,
2026-08-11,24UAD119,BHAAVANA K,3rd Year,P,
2026-08-12,24UAD119,BHAAVANA K,3rd Year,P,
2026-08-13,24UAD119,BHAAVANA K,3rd Year,P,
2026-08-14,24UAD119,BHAAVANA K,3rd Year,A,
2026-08-18,24UAD119,BHAAVANA K,3rd Year,P,
2026-08-19,24UAD119,BHAAVANA K,3rd Year,P,
2026-08-21,24UAD119,BHAAVANA K,3rd Year,P,
2026-08-24,24UAD119,BHAAVANA K,3rd Year,P,
2026-08-25,24UAD119,BHAAVANA K,3rd Year,P,
2026-09-07,24UAD119,BHAAVANA K,3rd Year,P,
2026-09-08,24UAD119,BHAAVANA K,3rd Year,P,
2026-09-09,24UAD119,BHAAVANA K,3rd Year,P,
2026-09-10,24UAD119,BHAAVANA K,3rd Year,P,
2026-09-11,24UAD119,BHAAVANA K,3rd Year,P,
2026-09-15,24UAD119,BHAAVANA K,3rd Year,P,
2026-09-16,24UAD119,BHAAVANA K,3rd Year,P,
2026-09-17,24UAD119,BHAAVANA K,3rd Year,A,
2026-09-18,24UAD119,BHAAVANA K,3rd Year,P,
2026-09-21,24UAD119,BHAAVANA K,3rd Year,P,
2026-09-22,24UAD119,BHAAVANA K,3rd Year,P,
2026-09-23,24UAD119,BHAAVANA K,3rd Year,P,
2026-09-24,24UAD119,BHAAVANA K,3rd Year,P,
2026-09-25,24UAD119,BHAAVANA K,3rd Year,P,
2026-09-28,24UAD119,BHAAVANA K,3rd Year,P,
2026-09-29,24UAD119,BHAAVANA K,3rd Year,P,
2026-09-30,24UAD119,BHAAVANA K,3rd Year,A,
2026-10-01,24UAD119,BHAAVANA K,3rd Year,A,
2026-10-05,24UAD119,BHAAVANA K,3rd Year,P,
2026-08-03,24UAD120,DAMASVASREE N,3rd Year,A,
2026-08-04,24UAD120,DAMASVASREE N,3rd Year,A,
2026-08-05,24UAD120,DAMASVASREE N,3rd Year,P,
2026-08-06,24UAD120,DAMASVASREE N,3rd Year,P,
2026-08-07,24UAD120,DAMASVASREE N,3rd Year,P,
2026-08-10,24UAD120,DAMASVASREE N,3rd Year,P,
2026-08-11,24UAD120,DAMASVASREE N,3rd Year,A,
2026-08-12,24UAD120,DAMASVASREE N,3rd Year,P,
2026-08-13,24UAD120,DAMASVASREE N,3rd Year,P,
2026-08-14,24UAD120,DAMASVASREE N,3rd Year,P,
2026-08-18,24UAD120,DAMASVASREE N,3rd Year,A,
2026-08-19,24UAD120,DAMASVASREE N,3rd Year,P,
2026-08-21,24UAD120,DAMASVASREE N,3rd Year,P,
2026-08-24,24UAD120,DAMASVASREE N,3rd Year,P,
2026-08-25,24UAD120,DAMASVASREE N,3rd Year,P,
2026-09-07,24UAD120,DAMASVASREE N,3rd Year,P,
2026-09-08,24UAD120,DAMASVASREE N,3rd Year,P,
2026-09-09,24UAD120,DAMASVASREE N,3rd Year,P,
2026-09-10,24UAD120,DAMASVASREE N,3rd Year,P,
2026-09-11,24UAD120,DAMASVASREE N,3rd Year,P,
2026-09-15,24UAD120,DAMASVASREE N,3rd Year,A,
2026-09-16,24UAD120,DAMASVASREE N,3rd Year,P,
2026-09-17,24UAD120,DAMASVASREE N,3rd Year,P,
2026-09-18,24UAD120,DAMASVASREE N,3rd Year,P,
2026-09-21,24UAD120,DAMASVASREE N,3rd Year,P,
2026-09-22,24UAD120,DAMASVASREE N,3rd Year,P,
2026-09-23,24UAD120,DAMASVASREE N,3rd Year,P,
2026-09-24,24UAD120,DAMASVASREE N,3rd Year,P,
2026-09-25,24UAD120,DAMASVASREE N,3rd Year,P,
2026-09-28,24UAD120,DAMASVASREE N,3rd Year,P,
2026-09-29,24UAD120,DAMASVASREE N,3rd Year,P,
2026-09-30,24UAD120,DAMASVASREE N,3rd Year,P,
2026-10-01,24UAD120,DAMASVASREE N,3rd Year,P,
2026-10-05,24UAD120,DAMASVASREE N,3rd Year,P,
2026-08-03,24UAD121,DEEPAK M,3rd Year,A,
2026-08-04,24UAD121,DEEPAK M,3rd Year,A,
2026-08-05,24UAD121,DEEPAK M,3rd Year,P,
2026-08-06,24UAD121,DEEPAK M,3rd Year,P,
2026-08-07,24UAD121,DEEPAK M,3rd Year,P,
2026-08-10,24UAD121,DEEPAK M,3rd Year,P,
2026-08-11,24UAD121,DEEPAK M,3rd Year,A,
2026-08-12,24UAD121,DEEPAK M,3rd Year,P,
2026-08-13,24UAD121,DEEPAK M,3rd Year,P,
2026-08-14,24UAD121,DEEPAK M,3rd Year,P,
2026-08-18,24UAD121,DEEPAK M,3rd Year,P,
2026-08-19,24UAD121,DEEPAK M,3rd Year,A,
2026-08-21,24UAD121,DEEPAK M,3rd Year,A,
2026-08-24,24UAD121,DEEPAK M,3rd Year,A,
2026-08-25,24UAD121,DEEPAK M,3rd Year,A,
2026-09-07,24UAD121,DEEPAK M,3rd Year,A,
2026-09-08,24UAD121,DEEPAK M,3rd Year,P,
2026-09-09,24UAD121,DEEPAK M,3rd Year,P,
2026-09-10,24UAD121,DEEPAK M,3rd Year,P,
2026-09-11,24UAD121,DEEPAK M,3rd Year,P,
2026-09-15,24UAD121,DEEPAK M,3rd Year,A,
2026-09-16,24UAD121,DEEPAK M,3rd Year,A,
2026-09-17,24UAD121,DEEPAK M,3rd Year,A,
2026-09-18,24UAD121,DEEPAK M,3rd Year,A,
2026-09-21,24UAD121,DEEPAK M,3rd Year,A,
2026-09-22,24UAD121,DEEPAK M,3rd Year,P,
2026-09-23,24UAD121,DEEPAK M,3rd Year,A,
2026-09-24,24UAD121,DEEPAK M,3rd Year,P,
2026-09-25,24UAD121,DEEPAK M,3rd Year,A,
2026-09-28,24UAD121,DEEPAK M,3rd Year,P,
2026-09-29,24UAD121,DEEPAK M,3rd Year,A,
2026-09-30,24UAD121,DEEPAK M,3rd Year,A,
2026-10-01,24UAD121,DEEPAK M,3rd Year,A,
2026-10-05,24UAD121,DEEPAK M,3rd Year,A,
2026-08-03,24UAD122,DEVA DHARSHINI S,3rd Year,P,
2026-08-04,24UAD122,DEVA DHARSHINI S,3rd Year,P,
2026-08-05,24UAD122,DEVA DHARSHINI S,3rd Year,P,
2026-08-06,24UAD122,DEVA DHARSHINI S,3rd Year,P,
2026-08-07,24UAD122,DEVA DHARSHINI S,3rd Year,P,
2026-08-10,24UAD122,DEVA DHARSHINI S,3rd Year,P,
2026-08-11,24UAD122,DEVA DHARSHINI S,3rd Year,P,
2026-08-12,24UAD122,DEVA DHARSHINI S,3rd Year,P,
2026-08-13,24UAD122,DEVA DHARSHINI S,3rd Year,P,
2026-08-14,24UAD122,DEVA DHARSHINI S,3rd Year,P,
2026-08-18,24UAD122,DEVA DHARSHINI S,3rd Year,P,
2026-08-19,24UAD122,DEVA DHARSHINI S,3rd Year,P,
2026-08-21,24UAD122,DEVA DHARSHINI S,3rd Year,P,
2026-08-24,24UAD122,DEVA DHARSHINI S,3rd Year,P,
2026-08-25,24UAD122,DEVA DHARSHINI S,3rd Year,A,
2026-09-07,24UAD122,DEVA DHARSHINI S,3rd Year,P,
2026-09-08,24UAD122,DEVA DHARSHINI S,3rd Year,P,
2026-09-09,24UAD122,DEVA DHARSHINI S,3rd Year,P,
2026-09-10,24UAD122,DEVA DHARSHINI S,3rd Year,P,
2026-09-11,24UAD122,DEVA DHARSHINI S,3rd Year,P,
2026-09-15,24UAD122,DEVA DHARSHINI S,3rd Year,P,
2026-09-16,24UAD122,DEVA DHARSHINI S,3rd Year,A,
2026-09-17,24UAD122,DEVA DHARSHINI S,3rd Year,A,
2026-09-18,24UAD122,DEVA DHARSHINI S,3rd Year,P,
2026-09-21,24UAD122,DEVA DHARSHINI S,3rd Year,P,
2026-09-22,24UAD122,DEVA DHARSHINI S,3rd Year,P,
2026-09-23,24UAD122,DEVA DHARSHINI S,3rd Year,P,
2026-09-24,24UAD122,DEVA DHARSHINI S,3rd Year,P,
2026-09-25,24UAD122,DEVA DHARSHINI S,3rd Year,P,
2026-09-28,24UAD122,DEVA DHARSHINI S,3rd Year,P,
2026-09-29,24UAD122,DEVA DHARSHINI S,3rd Year,P,
2026-09-30,24UAD122,DEVA DHARSHINI S,3rd Year,P,
2026-10-01,24UAD122,DEVA DHARSHINI S,3rd Year,P,
2026-10-05,24UAD122,DEVA DHARSHINI S,3rd Year,P,
2026-08-03,24UAD123,DEVAGURU J K,3rd Year,A,
2026-08-04,24UAD123,DEVAGURU J K,3rd Year,A,
2026-08-05,24UAD123,DEVAGURU J K,3rd Year,P,
2026-08-06,24UAD123,DEVAGURU J K,3rd Year,P,
2026-08-07,24UAD123,DEVAGURU J K,3rd Year,P,
2026-08-10,24UAD123,DEVAGURU J K,3rd Year,P,
2026-08-11,24UAD123,DEVAGURU J K,3rd Year,A,
2026-08-12,24UAD123,DEVAGURU J K,3rd Year,P,
2026-08-13,24UAD123,DEVAGURU J K,3rd Year,P,
2026-08-14,24UAD123,DEVAGURU J K,3rd Year,A,
2026-08-18,24UAD123,DEVAGURU J K,3rd Year,A,
2026-08-19,24UAD123,DEVAGURU J K,3rd Year,P,
2026-08-21,24UAD123,DEVAGURU J K,3rd Year,P,
2026-08-24,24UAD123,DEVAGURU J K,3rd Year,P,
2026-08-25,24UAD123,DEVAGURU J K,3rd Year,A,
2026-09-07,24UAD123,DEVAGURU J K,3rd Year,A,
2026-09-08,24UAD123,DEVAGURU J K,3rd Year,P,
2026-09-09,24UAD123,DEVAGURU J K,3rd Year,P,
2026-09-10,24UAD123,DEVAGURU J K,3rd Year,P,
2026-09-11,24UAD123,DEVAGURU J K,3rd Year,P,
2026-09-15,24UAD123,DEVAGURU J K,3rd Year,A,
2026-09-16,24UAD123,DEVAGURU J K,3rd Year,P,
2026-09-17,24UAD123,DEVAGURU J K,3rd Year,P,
2026-09-18,24UAD123,DEVAGURU J K,3rd Year,A,
2026-09-21,24UAD123,DEVAGURU J K,3rd Year,A,
2026-09-22,24UAD123,DEVAGURU J K,3rd Year,P,
2026-09-23,24UAD123,DEVAGURU J K,3rd Year,P,
2026-09-24,24UAD123,DEVAGURU J K,3rd Year,P,
2026-09-25,24UAD123,DEVAGURU J K,3rd Year,P,
2026-09-28,24UAD123,DEVAGURU J K,3rd Year,P,
2026-09-29,24UAD123,DEVAGURU J K,3rd Year,P,
2026-09-30,24UAD123,DEVAGURU J K,3rd Year,A,
2026-10-01,24UAD123,DEVAGURU J K,3rd Year,P,
2026-10-05,24UAD123,DEVAGURU J K,3rd Year,A,
2026-08-03,24UAD125,DHARSHINI S,3rd Year,A,
2026-08-04,24UAD125,DHARSHINI S,3rd Year,P,
2026-08-05,24UAD125,DHARSHINI S,3rd Year,P,
2026-08-06,24UAD125,DHARSHINI S,3rd Year,P,
2026-08-07,24UAD125,DHARSHINI S,3rd Year,P,
2026-08-10,24UAD125,DHARSHINI S,3rd Year,P,
2026-08-11,24UAD125,DHARSHINI S,3rd Year,P,
2026-08-12,24UAD125,DHARSHINI S,3rd Year,P,
2026-08-13,24UAD125,DHARSHINI S,3rd Year,P,
2026-08-14,24UAD125,DHARSHINI S,3rd Year,P,
2026-08-18,24UAD125,DHARSHINI S,3rd Year,P,
2026-08-19,24UAD125,DHARSHINI S,3rd Year,P,
2026-08-21,24UAD125,DHARSHINI S,3rd Year,P,
2026-08-24,24UAD125,DHARSHINI S,3rd Year,P,
2026-08-25,24UAD125,DHARSHINI S,3rd Year,P,
2026-09-07,24UAD125,DHARSHINI S,3rd Year,P,
2026-09-08,24UAD125,DHARSHINI S,3rd Year,P,
2026-09-09,24UAD125,DHARSHINI S,3rd Year,P,
2026-09-10,24UAD125,DHARSHINI S,3rd Year,P,
2026-09-11,24UAD125,DHARSHINI S,3rd Year,P,
2026-09-15,24UAD125,DHARSHINI S,3rd Year,P,
2026-09-16,24UAD125,DHARSHINI S,3rd Year,P,
2026-09-17,24UAD125,DHARSHINI S,3rd Year,P,
2026-09-18,24UAD125,DHARSHINI S,3rd Year,A,
2026-09-21,24UAD125,DHARSHINI S,3rd Year,P,
2026-09-22,24UAD125,DHARSHINI S,3rd Year,P,
2026-09-23,24UAD125,DHARSHINI S,3rd Year,P,
2026-09-24,24UAD125,DHARSHINI S,3rd Year,A,
2026-09-25,24UAD125,DHARSHINI S,3rd Year,P,
2026-09-28,24UAD125,DHARSHINI S,3rd Year,P,
2026-09-29,24UAD125,DHARSHINI S,3rd Year,P,
2026-09-30,24UAD125,DHARSHINI S,3rd Year,P,
2026-10-01,24UAD125,DHARSHINI S,3rd Year,P,
2026-10-05,24UAD125,DHARSHINI S,3rd Year,P,
2026-08-03,24UAD126,DHILIP R,3rd Year,A,
2026-08-04,24UAD126,DHILIP R,3rd Year,A,
2026-08-05,24UAD126,DHILIP R,3rd Year,P,
2026-08-06,24UAD126,DHILIP R,3rd Year,P,
2026-08-07,24UAD126,DHILIP R,3rd Year,P,
2026-08-10,24UAD126,DHILIP R,3rd Year,P,
2026-08-11,24UAD126,DHILIP R,3rd Year,A,
2026-08-12,24UAD126,DHILIP R,3rd Year,P,
2026-08-13,24UAD126,DHILIP R,3rd Year,P,
2026-08-14,24UAD126,DHILIP R,3rd Year,A,
2026-08-18,24UAD126,DHILIP R,3rd Year,P,
2026-08-19,24UAD126,DHILIP R,3rd Year,P,
2026-08-21,24UAD126,DHILIP R,3rd Year,P,
2026-08-24,24UAD126,DHILIP R,3rd Year,P,
2026-08-25,24UAD126,DHILIP R,3rd Year,P,
2026-09-07,24UAD126,DHILIP R,3rd Year,P,
2026-09-08,24UAD126,DHILIP R,3rd Year,P,
2026-09-09,24UAD126,DHILIP R,3rd Year,P,
2026-09-10,24UAD126,DHILIP R,3rd Year,P,
2026-09-11,24UAD126,DHILIP R,3rd Year,P,
2026-09-15,24UAD126,DHILIP R,3rd Year,P,
2026-09-16,24UAD126,DHILIP R,3rd Year,P,
2026-09-17,24UAD126,DHILIP R,3rd Year,P,
2026-09-18,24UAD126,DHILIP R,3rd Year,P,
2026-09-21,24UAD126,DHILIP R,3rd Year,P,
2026-09-22,24UAD126,DHILIP R,3rd Year,P,
2026-09-23,24UAD126,DHILIP R,3rd Year,P,
2026-09-24,24UAD126,DHILIP R,3rd Year,P,
2026-09-25,24UAD126,DHILIP R,3rd Year,P,
2026-09-28,24UAD126,DHILIP R,3rd Year,P,
2026-09-29,24UAD126,DHILIP R,3rd Year,P,
2026-09-30,24UAD126,DHILIP R,3rd Year,P,
2026-10-01,24UAD126,DHILIP R,3rd Year,P,
2026-10-05,24UAD126,DHILIP R,3rd Year,P,
2026-08-03,24UAD128,FAIZUR RAHMAN S,3rd Year,A,
2026-08-04,24UAD128,FAIZUR RAHMAN S,3rd Year,A,
2026-08-05,24UAD128,FAIZUR RAHMAN S,3rd Year,P,
2026-08-06,24UAD128,FAIZUR RAHMAN S,3rd Year,P,
2026-08-07,24UAD128,FAIZUR RAHMAN S,3rd Year,P,
2026-08-10,24UAD128,FAIZUR RAHMAN S,3rd Year,P,
2026-08-11,24UAD128,FAIZUR RAHMAN S,3rd Year,A,
2026-08-12,24UAD128,FAIZUR RAHMAN S,3rd Year,P,
2026-08-13,24UAD128,FAIZUR RAHMAN S,3rd Year,P,
2026-08-14,24UAD128,FAIZUR RAHMAN S,3rd Year,A,
2026-08-18,24UAD128,FAIZUR RAHMAN S,3rd Year,P,
2026-08-19,24UAD128,FAIZUR RAHMAN S,3rd Year,A,
2026-08-21,24UAD128,FAIZUR RAHMAN S,3rd Year,P,
2026-08-24,24UAD128,FAIZUR RAHMAN S,3rd Year,P,
2026-08-25,24UAD128,FAIZUR RAHMAN S,3rd Year,A,
2026-09-07,24UAD128,FAIZUR RAHMAN S,3rd Year,A,
2026-09-08,24UAD128,FAIZUR RAHMAN S,3rd Year,P,
2026-09-09,24UAD128,FAIZUR RAHMAN S,3rd Year,P,
2026-09-10,24UAD128,FAIZUR RAHMAN S,3rd Year,P,
2026-09-11,24UAD128,FAIZUR RAHMAN S,3rd Year,P,
2026-09-15,24UAD128,FAIZUR RAHMAN S,3rd Year,A,
2026-09-16,24UAD128,FAIZUR RAHMAN S,3rd Year,P,
2026-09-17,24UAD128,FAIZUR RAHMAN S,3rd Year,A,
2026-09-18,24UAD128,FAIZUR RAHMAN S,3rd Year,P,
2026-09-21,24UAD128,FAIZUR RAHMAN S,3rd Year,P,
2026-09-22,24UAD128,FAIZUR RAHMAN S,3rd Year,P,
2026-09-23,24UAD128,FAIZUR RAHMAN S,3rd Year,P,
2026-09-24,24UAD128,FAIZUR RAHMAN S,3rd Year,A,
2026-09-25,24UAD128,FAIZUR RAHMAN S,3rd Year,P,
2026-09-28,24UAD128,FAIZUR RAHMAN S,3rd Year,P,
2026-09-29,24UAD128,FAIZUR RAHMAN S,3rd Year,P,
2026-09-30,24UAD128,FAIZUR RAHMAN S,3rd Year,P,
2026-10-01,24UAD128,FAIZUR RAHMAN S,3rd Year,P,
2026-10-05,24UAD128,FAIZUR RAHMAN S,3rd Year,A,
2026-08-03,24UAD129,GIRIDHARAN B,3rd Year,A,
2026-08-04,24UAD129,GIRIDHARAN B,3rd Year,A,
2026-08-05,24UAD129,GIRIDHARAN B,3rd Year,A,
2026-08-06,24UAD129,GIRIDHARAN B,3rd Year,A,
2026-08-07,24UAD129,GIRIDHARAN B,3rd Year,P,
2026-08-10,24UAD129,GIRIDHARAN B,3rd Year,P,
2026-08-11,24UAD129,GIRIDHARAN B,3rd Year,A,
2026-08-12,24UAD129,GIRIDHARAN B,3rd Year,P,
2026-08-13,24UAD129,GIRIDHARAN B,3rd Year,A,
2026-08-14,24UAD129,GIRIDHARAN B,3rd Year,A,
2026-08-18,24UAD129,GIRIDHARAN B,3rd Year,P,
2026-08-19,24UAD129,GIRIDHARAN B,3rd Year,P,
2026-08-21,24UAD129,GIRIDHARAN B,3rd Year,P,
2026-08-24,24UAD129,GIRIDHARAN B,3rd Year,A,
2026-08-25,24UAD129,GIRIDHARAN B,3rd Year,P,
2026-09-07,24UAD129,GIRIDHARAN B,3rd Year,P,
2026-09-08,24UAD129,GIRIDHARAN B,3rd Year,A,
2026-09-09,24UAD129,GIRIDHARAN B,3rd Year,P,
2026-09-10,24UAD129,GIRIDHARAN B,3rd Year,P,
2026-09-11,24UAD129,GIRIDHARAN B,3rd Year,P,
2026-09-15,24UAD129,GIRIDHARAN B,3rd Year,P,
2026-09-16,24UAD129,GIRIDHARAN B,3rd Year,P,
2026-09-17,24UAD129,GIRIDHARAN B,3rd Year,P,
2026-09-18,24UAD129,GIRIDHARAN B,3rd Year,P,
2026-09-21,24UAD129,GIRIDHARAN B,3rd Year,P,
2026-09-22,24UAD129,GIRIDHARAN B,3rd Year,P,
2026-09-23,24UAD129,GIRIDHARAN B,3rd Year,P,
2026-09-24,24UAD129,GIRIDHARAN B,3rd Year,P,
2026-09-25,24UAD129,GIRIDHARAN B,3rd Year,A,
2026-09-28,24UAD129,GIRIDHARAN B,3rd Year,P,
2026-09-29,24UAD129,GIRIDHARAN B,3rd Year,P,
2026-09-30,24UAD129,GIRIDHARAN B,3rd Year,P,
2026-10-01,24UAD129,GIRIDHARAN B,3rd Year,P,
2026-10-05,24UAD129,GIRIDHARAN B,3rd Year,A,
2026-08-03,24UAD132,GOMATHI C,3rd Year,P,
2026-08-04,24UAD132,GOMATHI C,3rd Year,A,
2026-08-05,24UAD132,GOMATHI C,3rd Year,P,
2026-08-06,24UAD132,GOMATHI C,3rd Year,P,
2026-08-07,24UAD132,GOMATHI C,3rd Year,P,
2026-08-10,24UAD132,GOMATHI C,3rd Year,P,
2026-08-11,24UAD132,GOMATHI C,3rd Year,A,
2026-08-12,24UAD132,GOMATHI C,3rd Year,P,
2026-08-13,24UAD132,GOMATHI C,3rd Year,A,
2026-08-14,24UAD132,GOMATHI C,3rd Year,A,
2026-08-18,24UAD132,GOMATHI C,3rd Year,A,
2026-08-19,24UAD132,GOMATHI C,3rd Year,P,
2026-08-21,24UAD132,GOMATHI C,3rd Year,P,
2026-08-24,24UAD132,GOMATHI C,3rd Year,P,
2026-08-25,24UAD132,GOMATHI C,3rd Year,A,
2026-09-07,24UAD132,GOMATHI C,3rd Year,P,
2026-09-08,24UAD132,GOMATHI C,3rd Year,P,
2026-09-09,24UAD132,GOMATHI C,3rd Year,P,
2026-09-10,24UAD132,GOMATHI C,3rd Year,P,
2026-09-11,24UAD132,GOMATHI C,3rd Year,P,
2026-09-15,24UAD132,GOMATHI C,3rd Year,P,
2026-09-16,24UAD132,GOMATHI C,3rd Year,P,
2026-09-17,24UAD132,GOMATHI C,3rd Year,P,
2026-09-18,24UAD132,GOMATHI C,3rd Year,P,
2026-09-21,24UAD132,GOMATHI C,3rd Year,P,
2026-09-22,24UAD132,GOMATHI C,3rd Year,P,
2026-09-23,24UAD132,GOMATHI C,3rd Year,P,
2026-09-24,24UAD132,GOMATHI C,3rd Year,P,
2026-09-25,24UAD132,GOMATHI C,3rd Year,P,
2026-09-28,24UAD132,GOMATHI C,3rd Year,P,
2026-09-29,24UAD132,GOMATHI C,3rd Year,P,
2026-09-30,24UAD132,GOMATHI C,3rd Year,P,
2026-10-01,24UAD132,GOMATHI C,3rd Year,P,
2026-10-05,24UAD132,GOMATHI C,3rd Year,A,
2026-08-03,24UAD133,GOWDHAM S,3rd Year,P,
2026-08-04,24UAD133,GOWDHAM S,3rd Year,A,
2026-08-05,24UAD133,GOWDHAM S,3rd Year,P,
2026-08-06,24UAD133,GOWDHAM S,3rd Year,P,
2026-08-07,24UAD133,GOWDHAM S,3rd Year,P,
2026-08-10,24UAD133,GOWDHAM S,3rd Year,P,
2026-08-11,24UAD133,GOWDHAM S,3rd Year,A,
2026-08-12,24UAD133,GOWDHAM S,3rd Year,A,
2026-08-13,24UAD133,GOWDHAM S,3rd Year,A,
2026-08-14,24UAD133,GOWDHAM S,3rd Year,A,
2026-08-18,24UAD133,GOWDHAM S,3rd Year,P,
2026-08-19,24UAD133,GOWDHAM S,3rd Year,P,
2026-08-21,24UAD133,GOWDHAM S,3rd Year,A,
2026-08-24,24UAD133,GOWDHAM S,3rd Year,A,
2026-08-25,24UAD133,GOWDHAM S,3rd Year,A,
2026-09-07,24UAD133,GOWDHAM S,3rd Year,A,
2026-09-08,24UAD133,GOWDHAM S,3rd Year,P,
2026-09-09,24UAD133,GOWDHAM S,3rd Year,P,
2026-09-10,24UAD133,GOWDHAM S,3rd Year,P,
2026-09-11,24UAD133,GOWDHAM S,3rd Year,P,
2026-09-15,24UAD133,GOWDHAM S,3rd Year,P,
2026-09-16,24UAD133,GOWDHAM S,3rd Year,P,
2026-09-17,24UAD133,GOWDHAM S,3rd Year,A,
2026-09-18,24UAD133,GOWDHAM S,3rd Year,P,
2026-09-21,24UAD133,GOWDHAM S,3rd Year,P,
2026-09-22,24UAD133,GOWDHAM S,3rd Year,P,
2026-09-23,24UAD133,GOWDHAM S,3rd Year,P,
2026-09-24,24UAD133,GOWDHAM S,3rd Year,P,
2026-09-25,24UAD133,GOWDHAM S,3rd Year,A,
2026-09-28,24UAD133,GOWDHAM S,3rd Year,A,
2026-09-29,24UAD133,GOWDHAM S,3rd Year,P,
2026-09-30,24UAD133,GOWDHAM S,3rd Year,A,
2026-10-01,24UAD133,GOWDHAM S,3rd Year,A,
2026-10-05,24UAD133,GOWDHAM S,3rd Year,P,
2026-08-03,24UAD134,GUGAN KRITHIK R,3rd Year,P,
2026-08-04,24UAD134,GUGAN KRITHIK R,3rd Year,A,
2026-08-05,24UAD134,GUGAN KRITHIK R,3rd Year,P,
2026-08-06,24UAD134,GUGAN KRITHIK R,3rd Year,P,
2026-08-07,24UAD134,GUGAN KRITHIK R,3rd Year,A,
2026-08-10,24UAD134,GUGAN KRITHIK R,3rd Year,P,
2026-08-11,24UAD134,GUGAN KRITHIK R,3rd Year,A,
2026-08-12,24UAD134,GUGAN KRITHIK R,3rd Year,A,
2026-08-13,24UAD134,GUGAN KRITHIK R,3rd Year,A,
2026-08-14,24UAD134,GUGAN KRITHIK R,3rd Year,A,
2026-08-18,24UAD134,GUGAN KRITHIK R,3rd Year,P,
2026-08-19,24UAD134,GUGAN KRITHIK R,3rd Year,A,
2026-08-21,24UAD134,GUGAN KRITHIK R,3rd Year,P,
2026-08-24,24UAD134,GUGAN KRITHIK R,3rd Year,A,
2026-08-25,24UAD134,GUGAN KRITHIK R,3rd Year,A,
2026-09-07,24UAD134,GUGAN KRITHIK R,3rd Year,A,
2026-09-08,24UAD134,GUGAN KRITHIK R,3rd Year,A,
2026-09-09,24UAD134,GUGAN KRITHIK R,3rd Year,A,
2026-09-10,24UAD134,GUGAN KRITHIK R,3rd Year,A,
2026-09-11,24UAD134,GUGAN KRITHIK R,3rd Year,A,
2026-09-15,24UAD134,GUGAN KRITHIK R,3rd Year,A,
2026-09-16,24UAD134,GUGAN KRITHIK R,3rd Year,P,
2026-09-17,24UAD134,GUGAN KRITHIK R,3rd Year,P,
2026-09-18,24UAD134,GUGAN KRITHIK R,3rd Year,P,
2026-09-21,24UAD134,GUGAN KRITHIK R,3rd Year,P,
2026-09-22,24UAD134,GUGAN KRITHIK R,3rd Year,A,
2026-09-23,24UAD134,GUGAN KRITHIK R,3rd Year,P,
2026-09-24,24UAD134,GUGAN KRITHIK R,3rd Year,P,
2026-09-25,24UAD134,GUGAN KRITHIK R,3rd Year,P,
2026-09-28,24UAD134,GUGAN KRITHIK R,3rd Year,P,
2026-09-29,24UAD134,GUGAN KRITHIK R,3rd Year,A,
2026-09-30,24UAD134,GUGAN KRITHIK R,3rd Year,P,
2026-10-01,24UAD134,GUGAN KRITHIK R,3rd Year,P,
2026-10-05,24UAD134,GUGAN KRITHIK R,3rd Year,P,
2026-08-03,24UAD136,HANISHA V,3rd Year,P,
2026-08-04,24UAD136,HANISHA V,3rd Year,A,
2026-08-05,24UAD136,HANISHA V,3rd Year,P,
2026-08-06,24UAD136,HANISHA V,3rd Year,A,
2026-08-07,24UAD136,HANISHA V,3rd Year,P,
2026-08-10,24UAD136,HANISHA V,3rd Year,P,
2026-08-11,24UAD136,HANISHA V,3rd Year,A,
2026-08-12,24UAD136,HANISHA V,3rd Year,P,
2026-08-13,24UAD136,HANISHA V,3rd Year,P,
2026-08-14,24UAD136,HANISHA V,3rd Year,P,
2026-08-18,24UAD136,HANISHA V,3rd Year,A,
2026-08-19,24UAD136,HANISHA V,3rd Year,P,
2026-08-21,24UAD136,HANISHA V,3rd Year,A,
2026-08-24,24UAD136,HANISHA V,3rd Year,P,
2026-08-25,24UAD136,HANISHA V,3rd Year,P,
2026-09-07,24UAD136,HANISHA V,3rd Year,P,
2026-09-08,24UAD136,HANISHA V,3rd Year,P,
2026-09-09,24UAD136,HANISHA V,3rd Year,P,
2026-09-10,24UAD136,HANISHA V,3rd Year,P,
2026-09-11,24UAD136,HANISHA V,3rd Year,P,
2026-09-15,24UAD136,HANISHA V,3rd Year,P,
2026-09-16,24UAD136,HANISHA V,3rd Year,P,
2026-09-17,24UAD136,HANISHA V,3rd Year,P,
2026-09-18,24UAD136,HANISHA V,3rd Year,P,
2026-09-21,24UAD136,HANISHA V,3rd Year,P,
2026-09-22,24UAD136,HANISHA V,3rd Year,P,
2026-09-23,24UAD136,HANISHA V,3rd Year,P,
2026-09-24,24UAD136,HANISHA V,3rd Year,P,
2026-09-25,24UAD136,HANISHA V,3rd Year,P,
2026-09-28,24UAD136,HANISHA V,3rd Year,P,
2026-09-29,24UAD136,HANISHA V,3rd Year,P,
2026-09-30,24UAD136,HANISHA V,3rd Year,A,
2026-10-01,24UAD136,HANISHA V,3rd Year,A,
2026-10-05,24UAD136,HANISHA V,3rd Year,P,
2026-08-03,24UAD138,HARINI SRI N D,3rd Year,P,
2026-08-04,24UAD138,HARINI SRI N D,3rd Year,A,
2026-08-05,24UAD138,HARINI SRI N D,3rd Year,P,
2026-08-06,24UAD138,HARINI SRI N D,3rd Year,P,
2026-08-07,24UAD138,HARINI SRI N D,3rd Year,P,
2026-08-10,24UAD138,HARINI SRI N D,3rd Year,P,
2026-08-11,24UAD138,HARINI SRI N D,3rd Year,A,
2026-08-12,24UAD138,HARINI SRI N D,3rd Year,P,
2026-08-13,24UAD138,HARINI SRI N D,3rd Year,A,
2026-08-14,24UAD138,HARINI SRI N D,3rd Year,A,
2026-08-18,24UAD138,HARINI SRI N D,3rd Year,P,
2026-08-19,24UAD138,HARINI SRI N D,3rd Year,P,
2026-08-21,24UAD138,HARINI SRI N D,3rd Year,P,
2026-08-24,24UAD138,HARINI SRI N D,3rd Year,A,
2026-08-25,24UAD138,HARINI SRI N D,3rd Year,P,
2026-09-07,24UAD138,HARINI SRI N D,3rd Year,A,
2026-09-08,24UAD138,HARINI SRI N D,3rd Year,A,
2026-09-09,24UAD138,HARINI SRI N D,3rd Year,A,
2026-09-10,24UAD138,HARINI SRI N D,3rd Year,A,
2026-09-11,24UAD138,HARINI SRI N D,3rd Year,A,
2026-09-15,24UAD138,HARINI SRI N D,3rd Year,A,
2026-09-16,24UAD138,HARINI SRI N D,3rd Year,A,
2026-09-17,24UAD138,HARINI SRI N D,3rd Year,A,
2026-09-18,24UAD138,HARINI SRI N D,3rd Year,A,
2026-09-21,24UAD138,HARINI SRI N D,3rd Year,A,
2026-09-22,24UAD138,HARINI SRI N D,3rd Year,A,
2026-09-23,24UAD138,HARINI SRI N D,3rd Year,A,
2026-09-24,24UAD138,HARINI SRI N D,3rd Year,P,
2026-09-25,24UAD138,HARINI SRI N D,3rd Year,P,
2026-09-28,24UAD138,HARINI SRI N D,3rd Year,A,
2026-09-29,24UAD138,HARINI SRI N D,3rd Year,A,
2026-09-30,24UAD138,HARINI SRI N D,3rd Year,A,
2026-10-01,24UAD138,HARINI SRI N D,3rd Year,A,
2026-10-05,24UAD138,HARINI SRI N D,3rd Year,A,
2026-08-03,24UAD142,JANANI T,3rd Year,P,
2026-08-04,24UAD142,JANANI T,3rd Year,A,
2026-08-05,24UAD142,JANANI T,3rd Year,A,
2026-08-06,24UAD142,JANANI T,3rd Year,P,
2026-08-07,24UAD142,JANANI T,3rd Year,P,
2026-08-10,24UAD142,JANANI T,3rd Year,P,
2026-08-11,24UAD142,JANANI T,3rd Year,A,
2026-08-12,24UAD142,JANANI T,3rd Year,A,
2026-08-13,24UAD142,JANANI T,3rd Year,P,
2026-08-14,24UAD142,JANANI T,3rd Year,P,
2026-08-18,24UAD142,JANANI T,3rd Year,P,
2026-08-19,24UAD142,JANANI T,3rd Year,P,
2026-08-21,24UAD142,JANANI T,3rd Year,P,
2026-08-24,24UAD142,JANANI T,3rd Year,P,
2026-08-25,24UAD142,JANANI T,3rd Year,A,
2026-09-07,24UAD142,JANANI T,3rd Year,P,
2026-09-08,24UAD142,JANANI T,3rd Year,P,
2026-09-09,24UAD142,JANANI T,3rd Year,P,
2026-09-10,24UAD142,JANANI T,3rd Year,P,
2026-09-11,24UAD142,JANANI T,3rd Year,P,
2026-09-15,24UAD142,JANANI T,3rd Year,P,
2026-09-16,24UAD142,JANANI T,3rd Year,A,
2026-09-17,24UAD142,JANANI T,3rd Year,A,
2026-09-18,24UAD142,JANANI T,3rd Year,A,
2026-09-21,24UAD142,JANANI T,3rd Year,P,
2026-09-22,24UAD142,JANANI T,3rd Year,P,
2026-09-23,24UAD142,JANANI T,3rd Year,P,
2026-09-24,24UAD142,JANANI T,3rd Year,P,
2026-09-25,24UAD142,JANANI T,3rd Year,P,
2026-09-28,24UAD142,JANANI T,3rd Year,A,
2026-09-29,24UAD142,JANANI T,3rd Year,P,
2026-09-30,24UAD142,JANANI T,3rd Year,P,
2026-10-01,24UAD142,JANANI T,3rd Year,P,
2026-10-05,24UAD142,JANANI T,3rd Year,P,
2026-08-03,24UAD147,KANISHKA NEYA N,3rd Year,P,
2026-08-04,24UAD147,KANISHKA NEYA N,3rd Year,P,
2026-08-05,24UAD147,KANISHKA NEYA N,3rd Year,P,
2026-08-06,24UAD147,KANISHKA NEYA N,3rd Year,P,
2026-08-07,24UAD147,KANISHKA NEYA N,3rd Year,P,
2026-08-10,24UAD147,KANISHKA NEYA N,3rd Year,P,
2026-08-11,24UAD147,KANISHKA NEYA N,3rd Year,P,
2026-08-12,24UAD147,KANISHKA NEYA N,3rd Year,P,
2026-08-13,24UAD147,KANISHKA NEYA N,3rd Year,P,
2026-08-14,24UAD147,KANISHKA NEYA N,3rd Year,P,
2026-08-18,24UAD147,KANISHKA NEYA N,3rd Year,P,
2026-08-19,24UAD147,KANISHKA NEYA N,3rd Year,P,
2026-08-21,24UAD147,KANISHKA NEYA N,3rd Year,P,
2026-08-24,24UAD147,KANISHKA NEYA N,3rd Year,P,
2026-08-25,24UAD147,KANISHKA NEYA N,3rd Year,P,
2026-09-07,24UAD147,KANISHKA NEYA N,3rd Year,P,
2026-09-08,24UAD147,KANISHKA NEYA N,3rd Year,P,
2026-09-09,24UAD147,KANISHKA NEYA N,3rd Year,P,
2026-09-10,24UAD147,KANISHKA NEYA N,3rd Year,P,
2026-09-11,24UAD147,KANISHKA NEYA N,3rd Year,P,
2026-09-15,24UAD147,KANISHKA NEYA N,3rd Year,P,
2026-09-16,24UAD147,KANISHKA NEYA N,3rd Year,A,
2026-09-17,24UAD147,KANISHKA NEYA N,3rd Year,P,
2026-09-18,24UAD147,KANISHKA NEYA N,3rd Year,P,
2026-09-21,24UAD147,KANISHKA NEYA N,3rd Year,P,
2026-09-22,24UAD147,KANISHKA NEYA N,3rd Year,P,
2026-09-23,24UAD147,KANISHKA NEYA N,3rd Year,P,
2026-09-24,24UAD147,KANISHKA NEYA N,3rd Year,P,
2026-09-25,24UAD147,KANISHKA NEYA N,3rd Year,P,
2026-09-28,24UAD147,KANISHKA NEYA N,3rd Year,P,
2026-09-29,24UAD147,KANISHKA NEYA N,3rd Year,P,
2026-09-30,24UAD147,KANISHKA NEYA N,3rd Year,P,
2026-10-01,24UAD147,KANISHKA NEYA N,3rd Year,P,
2026-10-05,24UAD147,KANISHKA NEYA N,3rd Year,P,
2026-08-03,24UAD151,LAKSHMI DINESH,3rd Year,A,
2026-08-04,24UAD151,LAKSHMI DINESH,3rd Year,A,
2026-08-05,24UAD151,LAKSHMI DINESH,3rd Year,P,
2026-08-06,24UAD151,LAKSHMI DINESH,3rd Year,P,
2026-08-07,24UAD151,LAKSHMI DINESH,3rd Year,A,
2026-08-10,24UAD151,LAKSHMI DINESH,3rd Year,P,
2026-08-11,24UAD151,LAKSHMI DINESH,3rd Year,A,
2026-08-12,24UAD151,LAKSHMI DINESH,3rd Year,P,
2026-08-13,24UAD151,LAKSHMI DINESH,3rd Year,P,
2026-08-14,24UAD151,LAKSHMI DINESH,3rd Year,P,
2026-08-18,24UAD151,LAKSHMI DINESH,3rd Year,P,
2026-08-19,24UAD151,LAKSHMI DINESH,3rd Year,P,
2026-08-21,24UAD151,LAKSHMI DINESH,3rd Year,P,
2026-08-24,24UAD151,LAKSHMI DINESH,3rd Year,P,
2026-08-25,24UAD151,LAKSHMI DINESH,3rd Year,A,
2026-09-07,24UAD151,LAKSHMI DINESH,3rd Year,A,
2026-09-08,24UAD151,LAKSHMI DINESH,3rd Year,P,
2026-09-09,24UAD151,LAKSHMI DINESH,3rd Year,P,
2026-09-10,24UAD151,LAKSHMI DINESH,3rd Year,P,
2026-09-11,24UAD151,LAKSHMI DINESH,3rd Year,P,
2026-09-15,24UAD151,LAKSHMI DINESH,3rd Year,P,
2026-09-16,24UAD151,LAKSHMI DINESH,3rd Year,P,
2026-09-17,24UAD151,LAKSHMI DINESH,3rd Year,P,
2026-09-18,24UAD151,LAKSHMI DINESH,3rd Year,P,
2026-09-21,24UAD151,LAKSHMI DINESH,3rd Year,P,
2026-09-22,24UAD151,LAKSHMI DINESH,3rd Year,P,
2026-09-23,24UAD151,LAKSHMI DINESH,3rd Year,P,
2026-09-24,24UAD151,LAKSHMI DINESH,3rd Year,P,
2026-09-25,24UAD151,LAKSHMI DINESH,3rd Year,A,
2026-09-28,24UAD151,LAKSHMI DINESH,3rd Year,P,
2026-09-29,24UAD151,LAKSHMI DINESH,3rd Year,P,
2026-09-30,24UAD151,LAKSHMI DINESH,3rd Year,P,
2026-10-01,24UAD151,LAKSHMI DINESH,3rd Year,A,
2026-10-05,24UAD151,LAKSHMI DINESH,3rd Year,P,
2026-08-03,24UAD155,MADHUVIKASH A S,3rd Year,A,
2026-08-04,24UAD155,MADHUVIKASH A S,3rd Year,A,
2026-08-05,24UAD155,MADHUVIKASH A S,3rd Year,A,
2026-08-06,24UAD155,MADHUVIKASH A S,3rd Year,P,
2026-08-07,24UAD155,MADHUVIKASH A S,3rd Year,P,
2026-08-10,24UAD155,MADHUVIKASH A S,3rd Year,P,
2026-08-11,24UAD155,MADHUVIKASH A S,3rd Year,A,
2026-08-12,24UAD155,MADHUVIKASH A S,3rd Year,P,
2026-08-13,24UAD155,MADHUVIKASH A S,3rd Year,P,
2026-08-14,24UAD155,MADHUVIKASH A S,3rd Year,P,
2026-08-18,24UAD155,MADHUVIKASH A S,3rd Year,P,
2026-08-19,24UAD155,MADHUVIKASH A S,3rd Year,A,
2026-08-21,24UAD155,MADHUVIKASH A S,3rd Year,P,
2026-08-24,24UAD155,MADHUVIKASH A S,3rd Year,P,
2026-08-25,24UAD155,MADHUVIKASH A S,3rd Year,P,
2026-09-07,24UAD155,MADHUVIKASH A S,3rd Year,P,
2026-09-08,24UAD155,MADHUVIKASH A S,3rd Year,P,
2026-09-09,24UAD155,MADHUVIKASH A S,3rd Year,P,
2026-09-10,24UAD155,MADHUVIKASH A S,3rd Year,P,
2026-09-11,24UAD155,MADHUVIKASH A S,3rd Year,P,
2026-09-15,24UAD155,MADHUVIKASH A S,3rd Year,A,
2026-09-16,24UAD155,MADHUVIKASH A S,3rd Year,P,
2026-09-17,24UAD155,MADHUVIKASH A S,3rd Year,P,
2026-09-18,24UAD155,MADHUVIKASH A S,3rd Year,P,
2026-09-21,24UAD155,MADHUVIKASH A S,3rd Year,P,
2026-09-22,24UAD155,MADHUVIKASH A S,3rd Year,P,
2026-09-23,24UAD155,MADHUVIKASH A S,3rd Year,P,
2026-09-24,24UAD155,MADHUVIKASH A S,3rd Year,P,
2026-09-25,24UAD155,MADHUVIKASH A S,3rd Year,P,
2026-09-28,24UAD155,MADHUVIKASH A S,3rd Year,A,
2026-09-29,24UAD155,MADHUVIKASH A S,3rd Year,A,
2026-09-30,24UAD155,MADHUVIKASH A S,3rd Year,P,
2026-10-01,24UAD155,MADHUVIKASH A S,3rd Year,A,
2026-10-05,24UAD155,MADHUVIKASH A S,3rd Year,A,
2026-08-03,24UAD156,MAINTHISHA S,3rd Year,A,
2026-08-04,24UAD156,MAINTHISHA S,3rd Year,A,
2026-08-05,24UAD156,MAINTHISHA S,3rd Year,A,
2026-08-06,24UAD156,MAINTHISHA S,3rd Year,P,
2026-08-07,24UAD156,MAINTHISHA S,3rd Year,A,
2026-08-10,24UAD156,MAINTHISHA S,3rd Year,P,
2026-08-11,24UAD156,MAINTHISHA S,3rd Year,A,
2026-08-12,24UAD156,MAINTHISHA S,3rd Year,P,
2026-08-13,24UAD156,MAINTHISHA S,3rd Year,A,
2026-08-14,24UAD156,MAINTHISHA S,3rd Year,A,
2026-08-18,24UAD156,MAINTHISHA S,3rd Year,P,
2026-08-19,24UAD156,MAINTHISHA S,3rd Year,P,
2026-08-21,24UAD156,MAINTHISHA S,3rd Year,P,
2026-08-24,24UAD156,MAINTHISHA S,3rd Year,P,
2026-08-25,24UAD156,MAINTHISHA S,3rd Year,A,
2026-09-07,24UAD156,MAINTHISHA S,3rd Year,P,
2026-09-08,24UAD156,MAINTHISHA S,3rd Year,P,
2026-09-09,24UAD156,MAINTHISHA S,3rd Year,P,
2026-09-10,24UAD156,MAINTHISHA S,3rd Year,P,
2026-09-11,24UAD156,MAINTHISHA S,3rd Year,P,
2026-09-15,24UAD156,MAINTHISHA S,3rd Year,P,
2026-09-16,24UAD156,MAINTHISHA S,3rd Year,P,
2026-09-17,24UAD156,MAINTHISHA S,3rd Year,P,
2026-09-18,24UAD156,MAINTHISHA S,3rd Year,P,
2026-09-21,24UAD156,MAINTHISHA S,3rd Year,P,
2026-09-22,24UAD156,MAINTHISHA S,3rd Year,P,
2026-09-23,24UAD156,MAINTHISHA S,3rd Year,P,
2026-09-24,24UAD156,MAINTHISHA S,3rd Year,P,
2026-09-25,24UAD156,MAINTHISHA S,3rd Year,A,
2026-09-28,24UAD156,MAINTHISHA S,3rd Year,P,
2026-09-29,24UAD156,MAINTHISHA S,3rd Year,P,
2026-09-30,24UAD156,MAINTHISHA S,3rd Year,P,
2026-10-01,24UAD156,MAINTHISHA S,3rd Year,P,
2026-10-05,24UAD156,MAINTHISHA S,3rd Year,A,
2026-08-03,24UAD159,MATHESH M,3rd Year,P,
2026-08-04,24UAD159,MATHESH M,3rd Year,A,
2026-08-05,24UAD159,MATHESH M,3rd Year,P,
2026-08-06,24UAD159,MATHESH M,3rd Year,P,
2026-08-07,24UAD159,MATHESH M,3rd Year,P,
2026-08-10,24UAD159,MATHESH M,3rd Year,P,
2026-08-11,24UAD159,MATHESH M,3rd Year,A,
2026-08-12,24UAD159,MATHESH M,3rd Year,P,
2026-08-13,24UAD159,MATHESH M,3rd Year,P,
2026-08-14,24UAD159,MATHESH M,3rd Year,P,
2026-08-18,24UAD159,MATHESH M,3rd Year,A,
2026-08-19,24UAD159,MATHESH M,3rd Year,A,
2026-08-21,24UAD159,MATHESH M,3rd Year,A,
2026-08-24,24UAD159,MATHESH M,3rd Year,A,
2026-08-25,24UAD159,MATHESH M,3rd Year,A,
2026-09-07,24UAD159,MATHESH M,3rd Year,A,
2026-09-08,24UAD159,MATHESH M,3rd Year,P,
2026-09-09,24UAD159,MATHESH M,3rd Year,P,
2026-09-10,24UAD159,MATHESH M,3rd Year,P,
2026-09-11,24UAD159,MATHESH M,3rd Year,P,
2026-09-15,24UAD159,MATHESH M,3rd Year,A,
2026-09-16,24UAD159,MATHESH M,3rd Year,A,
2026-09-17,24UAD159,MATHESH M,3rd Year,A,
2026-09-18,24UAD159,MATHESH M,3rd Year,A,
2026-09-21,24UAD159,MATHESH M,3rd Year,P,
2026-09-22,24UAD159,MATHESH M,3rd Year,P,
2026-09-23,24UAD159,MATHESH M,3rd Year,A,
2026-09-24,24UAD159,MATHESH M,3rd Year,P,
2026-09-25,24UAD159,MATHESH M,3rd Year,P,
2026-09-28,24UAD159,MATHESH M,3rd Year,P,
2026-09-29,24UAD159,MATHESH M,3rd Year,A,
2026-09-30,24UAD159,MATHESH M,3rd Year,A,
2026-10-01,24UAD159,MATHESH M,3rd Year,A,
2026-10-05,24UAD159,MATHESH M,3rd Year,A,
2026-08-03,24UAD162,MITHUN BALAJI KUMARESAN,3rd Year,A,
2026-08-04,24UAD162,MITHUN BALAJI KUMARESAN,3rd Year,A,
2026-08-05,24UAD162,MITHUN BALAJI KUMARESAN,3rd Year,A,
2026-08-06,24UAD162,MITHUN BALAJI KUMARESAN,3rd Year,P,
2026-08-07,24UAD162,MITHUN BALAJI KUMARESAN,3rd Year,P,
2026-08-10,24UAD162,MITHUN BALAJI KUMARESAN,3rd Year,P,
2026-08-11,24UAD162,MITHUN BALAJI KUMARESAN,3rd Year,A,
2026-08-12,24UAD162,MITHUN BALAJI KUMARESAN,3rd Year,P,
2026-08-13,24UAD162,MITHUN BALAJI KUMARESAN,3rd Year,A,
2026-08-14,24UAD162,MITHUN BALAJI KUMARESAN,3rd Year,A,
2026-08-18,24UAD162,MITHUN BALAJI KUMARESAN,3rd Year,P,
2026-08-19,24UAD162,MITHUN BALAJI KUMARESAN,3rd Year,A,
2026-08-21,24UAD162,MITHUN BALAJI KUMARESAN,3rd Year,P,
2026-08-24,24UAD162,MITHUN BALAJI KUMARESAN,3rd Year,P,
2026-08-25,24UAD162,MITHUN BALAJI KUMARESAN,3rd Year,A,
2026-09-07,24UAD162,MITHUN BALAJI KUMARESAN,3rd Year,P,
2026-09-08,24UAD162,MITHUN BALAJI KUMARESAN,3rd Year,P,
2026-09-09,24UAD162,MITHUN BALAJI KUMARESAN,3rd Year,P,
2026-09-10,24UAD162,MITHUN BALAJI KUMARESAN,3rd Year,P,
2026-09-11,24UAD162,MITHUN BALAJI KUMARESAN,3rd Year,P,
2026-09-15,24UAD162,MITHUN BALAJI KUMARESAN,3rd Year,A,
2026-09-16,24UAD162,MITHUN BALAJI KUMARESAN,3rd Year,P,
2026-09-17,24UAD162,MITHUN BALAJI KUMARESAN,3rd Year,P,
2026-09-18,24UAD162,MITHUN BALAJI KUMARESAN,3rd Year,A,
2026-09-21,24UAD162,MITHUN BALAJI KUMARESAN,3rd Year,P,
2026-09-22,24UAD162,MITHUN BALAJI KUMARESAN,3rd Year,P,
2026-09-23,24UAD162,MITHUN BALAJI KUMARESAN,3rd Year,A,
2026-09-24,24UAD162,MITHUN BALAJI KUMARESAN,3rd Year,P,
2026-09-25,24UAD162,MITHUN BALAJI KUMARESAN,3rd Year,A,
2026-09-28,24UAD162,MITHUN BALAJI KUMARESAN,3rd Year,P,
2026-09-29,24UAD162,MITHUN BALAJI KUMARESAN,3rd Year,P,
2026-09-30,24UAD162,MITHUN BALAJI KUMARESAN,3rd Year,A,
2026-10-01,24UAD162,MITHUN BALAJI KUMARESAN,3rd Year,A,
2026-10-05,24UAD162,MITHUN BALAJI KUMARESAN,3rd Year,P,
2026-08-03,24UAD212,PEARLY CHRISTINAA ARMSTRONG,3rd Year,A,
2026-08-04,24UAD212,PEARLY CHRISTINAA ARMSTRONG,3rd Year,A,
2026-08-05,24UAD212,PEARLY CHRISTINAA ARMSTRONG,3rd Year,A,
2026-08-06,24UAD212,PEARLY CHRISTINAA ARMSTRONG,3rd Year,A,
2026-08-07,24UAD212,PEARLY CHRISTINAA ARMSTRONG,3rd Year,A,
2026-08-10,24UAD212,PEARLY CHRISTINAA ARMSTRONG,3rd Year,P,
2026-08-11,24UAD212,PEARLY CHRISTINAA ARMSTRONG,3rd Year,A,
2026-08-12,24UAD212,PEARLY CHRISTINAA ARMSTRONG,3rd Year,P,
2026-08-13,24UAD212,PEARLY CHRISTINAA ARMSTRONG,3rd Year,A,
2026-08-14,24UAD212,PEARLY CHRISTINAA ARMSTRONG,3rd Year,A,
2026-08-18,24UAD212,PEARLY CHRISTINAA ARMSTRONG,3rd Year,P,
2026-08-19,24UAD212,PEARLY CHRISTINAA ARMSTRONG,3rd Year,P,
2026-08-21,24UAD212,PEARLY CHRISTINAA ARMSTRONG,3rd Year,P,
2026-08-24,24UAD212,PEARLY CHRISTINAA ARMSTRONG,3rd Year,P,
2026-08-25,24UAD212,PEARLY CHRISTINAA ARMSTRONG,3rd Year,A,
2026-09-07,24UAD212,PEARLY CHRISTINAA ARMSTRONG,3rd Year,P,
2026-09-08,24UAD212,PEARLY CHRISTINAA ARMSTRONG,3rd Year,P,
2026-09-09,24UAD212,PEARLY CHRISTINAA ARMSTRONG,3rd Year,P,
2026-09-10,24UAD212,PEARLY CHRISTINAA ARMSTRONG,3rd Year,P,
2026-09-11,24UAD212,PEARLY CHRISTINAA ARMSTRONG,3rd Year,P,
2026-09-15,24UAD212,PEARLY CHRISTINAA ARMSTRONG,3rd Year,P,
2026-09-16,24UAD212,PEARLY CHRISTINAA ARMSTRONG,3rd Year,P,
2026-09-17,24UAD212,PEARLY CHRISTINAA ARMSTRONG,3rd Year,P,
2026-09-18,24UAD212,PEARLY CHRISTINAA ARMSTRONG,3rd Year,P,
2026-09-21,24UAD212,PEARLY CHRISTINAA ARMSTRONG,3rd Year,P,
2026-09-22,24UAD212,PEARLY CHRISTINAA ARMSTRONG,3rd Year,P,
2026-09-23,24UAD212,PEARLY CHRISTINAA ARMSTRONG,3rd Year,P,
2026-09-24,24UAD212,PEARLY CHRISTINAA ARMSTRONG,3rd Year,A,
2026-09-25,24UAD212,PEARLY CHRISTINAA ARMSTRONG,3rd Year,P,
2026-09-28,24UAD212,PEARLY CHRISTINAA ARMSTRONG,3rd Year,P,
2026-09-29,24UAD212,PEARLY CHRISTINAA ARMSTRONG,3rd Year,A,
2026-09-30,24UAD212,PEARLY CHRISTINAA ARMSTRONG,3rd Year,A,
2026-10-01,24UAD212,PEARLY CHRISTINAA ARMSTRONG,3rd Year,P,
2026-10-05,24UAD212,PEARLY CHRISTINAA ARMSTRONG,3rd Year,P,
2026-08-03,24UAD217,PRAVEENASRI R,3rd Year,A,
2026-08-04,24UAD217,PRAVEENASRI R,3rd Year,A,
2026-08-05,24UAD217,PRAVEENASRI R,3rd Year,A,
2026-08-06,24UAD217,PRAVEENASRI R,3rd Year,P,
2026-08-07,24UAD217,PRAVEENASRI R,3rd Year,A,
2026-08-10,24UAD217,PRAVEENASRI R,3rd Year,A,
2026-08-11,24UAD217,PRAVEENASRI R,3rd Year,A,
2026-08-12,24UAD217,PRAVEENASRI R,3rd Year,A,
2026-08-13,24UAD217,PRAVEENASRI R,3rd Year,A,
2026-08-14,24UAD217,PRAVEENASRI R,3rd Year,A,
2026-08-18,24UAD217,PRAVEENASRI R,3rd Year,P,
2026-08-19,24UAD217,PRAVEENASRI R,3rd Year,A,
2026-08-21,24UAD217,PRAVEENASRI R,3rd Year,A,
2026-08-24,24UAD217,PRAVEENASRI R,3rd Year,A,
2026-08-25,24UAD217,PRAVEENASRI R,3rd Year,A,
2026-09-07,24UAD217,PRAVEENASRI R,3rd Year,P,
2026-09-08,24UAD217,PRAVEENASRI R,3rd Year,A,
2026-09-09,24UAD217,PRAVEENASRI R,3rd Year,A,
2026-09-10,24UAD217,PRAVEENASRI R,3rd Year,A,
2026-09-11,24UAD217,PRAVEENASRI R,3rd Year,A,
2026-09-15,24UAD217,PRAVEENASRI R,3rd Year,P,
2026-09-16,24UAD217,PRAVEENASRI R,3rd Year,P,
2026-09-17,24UAD217,PRAVEENASRI R,3rd Year,A,
2026-09-18,24UAD217,PRAVEENASRI R,3rd Year,A,
2026-09-21,24UAD217,PRAVEENASRI R,3rd Year,A,
2026-09-22,24UAD217,PRAVEENASRI R,3rd Year,P,
2026-09-23,24UAD217,PRAVEENASRI R,3rd Year,A,
2026-09-24,24UAD217,PRAVEENASRI R,3rd Year,A,
2026-09-25,24UAD217,PRAVEENASRI R,3rd Year,A,
2026-09-28,24UAD217,PRAVEENASRI R,3rd Year,P,
2026-09-29,24UAD217,PRAVEENASRI R,3rd Year,P,
2026-09-30,24UAD217,PRAVEENASRI R,3rd Year,P,
2026-10-01,24UAD217,PRAVEENASRI R,3rd Year,P,
2026-10-05,24UAD217,PRAVEENASRI R,3rd Year,P,
2026-08-03,24UAD218,PREETHI SRI N,3rd Year,A,
2026-08-04,24UAD218,PREETHI SRI N,3rd Year,A,
2026-08-05,24UAD218,PREETHI SRI N,3rd Year,A,
2026-08-06,24UAD218,PREETHI SRI N,3rd Year,P,
2026-08-07,24UAD218,PREETHI SRI N,3rd Year,A,
2026-08-10,24UAD218,PREETHI SRI N,3rd Year,P,
2026-08-11,24UAD218,PREETHI SRI N,3rd Year,A,
2026-08-12,24UAD218,PREETHI SRI N,3rd Year,P,
2026-08-13,24UAD218,PREETHI SRI N,3rd Year,A,
2026-08-14,24UAD218,PREETHI SRI N,3rd Year,A,
2026-08-18,24UAD218,PREETHI SRI N,3rd Year,P,
2026-08-19,24UAD218,PREETHI SRI N,3rd Year,P,
2026-08-21,24UAD218,PREETHI SRI N,3rd Year,P,
2026-08-24,24UAD218,PREETHI SRI N,3rd Year,P,
2026-08-25,24UAD218,PREETHI SRI N,3rd Year,A,
2026-09-07,24UAD218,PREETHI SRI N,3rd Year,A,
2026-09-08,24UAD218,PREETHI SRI N,3rd Year,A,
2026-09-09,24UAD218,PREETHI SRI N,3rd Year,P,
2026-09-10,24UAD218,PREETHI SRI N,3rd Year,P,
2026-09-11,24UAD218,PREETHI SRI N,3rd Year,P,
2026-09-15,24UAD218,PREETHI SRI N,3rd Year,P,
2026-09-16,24UAD218,PREETHI SRI N,3rd Year,P,
2026-09-17,24UAD218,PREETHI SRI N,3rd Year,P,
2026-09-18,24UAD218,PREETHI SRI N,3rd Year,P,
2026-09-21,24UAD218,PREETHI SRI N,3rd Year,P,
2026-09-22,24UAD218,PREETHI SRI N,3rd Year,P,
2026-09-23,24UAD218,PREETHI SRI N,3rd Year,A,
2026-09-24,24UAD218,PREETHI SRI N,3rd Year,P,
2026-09-25,24UAD218,PREETHI SRI N,3rd Year,P,
2026-09-28,24UAD218,PREETHI SRI N,3rd Year,P,
2026-09-29,24UAD218,PREETHI SRI N,3rd Year,P,
2026-09-30,24UAD218,PREETHI SRI N,3rd Year,P,
2026-10-01,24UAD218,PREETHI SRI N,3rd Year,P,
2026-10-05,24UAD218,PREETHI SRI N,3rd Year,P,
2026-08-03,24UAD219,PRIYADHARSHINI P,3rd Year,A,
2026-08-04,24UAD219,PRIYADHARSHINI P,3rd Year,A,
2026-08-05,24UAD219,PRIYADHARSHINI P,3rd Year,A,
2026-08-06,24UAD219,PRIYADHARSHINI P,3rd Year,P,
2026-08-07,24UAD219,PRIYADHARSHINI P,3rd Year,A,
2026-08-10,24UAD219,PRIYADHARSHINI P,3rd Year,P,
2026-08-11,24UAD219,PRIYADHARSHINI P,3rd Year,A,
2026-08-12,24UAD219,PRIYADHARSHINI P,3rd Year,P,
2026-08-13,24UAD219,PRIYADHARSHINI P,3rd Year,A,
2026-08-14,24UAD219,PRIYADHARSHINI P,3rd Year,A,
2026-08-18,24UAD219,PRIYADHARSHINI P,3rd Year,P,
2026-08-19,24UAD219,PRIYADHARSHINI P,3rd Year,P,
2026-08-21,24UAD219,PRIYADHARSHINI P,3rd Year,P,
2026-08-24,24UAD219,PRIYADHARSHINI P,3rd Year,P,
2026-08-25,24UAD219,PRIYADHARSHINI P,3rd Year,A,
2026-09-07,24UAD219,PRIYADHARSHINI P,3rd Year,P,
2026-09-08,24UAD219,PRIYADHARSHINI P,3rd Year,P,
2026-09-09,24UAD219,PRIYADHARSHINI P,3rd Year,P,
2026-09-10,24UAD219,PRIYADHARSHINI P,3rd Year,P,
2026-09-11,24UAD219,PRIYADHARSHINI P,3rd Year,P,
2026-09-15,24UAD219,PRIYADHARSHINI P,3rd Year,P,
2026-09-16,24UAD219,PRIYADHARSHINI P,3rd Year,A,
2026-09-17,24UAD219,PRIYADHARSHINI P,3rd Year,A,
2026-09-18,24UAD219,PRIYADHARSHINI P,3rd Year,A,
2026-09-21,24UAD219,PRIYADHARSHINI P,3rd Year,A,
2026-09-22,24UAD219,PRIYADHARSHINI P,3rd Year,A,
2026-09-23,24UAD219,PRIYADHARSHINI P,3rd Year,A,
2026-09-24,24UAD219,PRIYADHARSHINI P,3rd Year,A,
2026-09-25,24UAD219,PRIYADHARSHINI P,3rd Year,A,
2026-09-28,24UAD219,PRIYADHARSHINI P,3rd Year,P,
2026-09-29,24UAD219,PRIYADHARSHINI P,3rd Year,P,
2026-09-30,24UAD219,PRIYADHARSHINI P,3rd Year,P,
2026-10-01,24UAD219,PRIYADHARSHINI P,3rd Year,P,
2026-10-05,24UAD219,PRIYADHARSHINI P,3rd Year,P,
2026-08-03,24UAD222,RUDDHARA DEVI S,3rd Year,A,
2026-08-04,24UAD222,RUDDHARA DEVI S,3rd Year,A,
2026-08-05,24UAD222,RUDDHARA DEVI S,3rd Year,A,
2026-08-06,24UAD222,RUDDHARA DEVI S,3rd Year,P,
2026-08-07,24UAD222,RUDDHARA DEVI S,3rd Year,A,
2026-08-10,24UAD222,RUDDHARA DEVI S,3rd Year,A,
2026-08-11,24UAD222,RUDDHARA DEVI S,3rd Year,A,
2026-08-12,24UAD222,RUDDHARA DEVI S,3rd Year,A,
2026-08-13,24UAD222,RUDDHARA DEVI S,3rd Year,A,
2026-08-14,24UAD222,RUDDHARA DEVI S,3rd Year,A,
2026-08-18,24UAD222,RUDDHARA DEVI S,3rd Year,P,
2026-08-19,24UAD222,RUDDHARA DEVI S,3rd Year,P,
2026-08-21,24UAD222,RUDDHARA DEVI S,3rd Year,P,
2026-08-24,24UAD222,RUDDHARA DEVI S,3rd Year,A,
2026-08-25,24UAD222,RUDDHARA DEVI S,3rd Year,A,
2026-09-07,24UAD222,RUDDHARA DEVI S,3rd Year,P,
2026-09-08,24UAD222,RUDDHARA DEVI S,3rd Year,P,
2026-09-09,24UAD222,RUDDHARA DEVI S,3rd Year,P,
2026-09-10,24UAD222,RUDDHARA DEVI S,3rd Year,P,
2026-09-11,24UAD222,RUDDHARA DEVI S,3rd Year,A,
2026-09-15,24UAD222,RUDDHARA DEVI S,3rd Year,P,
2026-09-16,24UAD222,RUDDHARA DEVI S,3rd Year,P,
2026-09-17,24UAD222,RUDDHARA DEVI S,3rd Year,A,
2026-09-18,24UAD222,RUDDHARA DEVI S,3rd Year,P,
2026-09-21,24UAD222,RUDDHARA DEVI S,3rd Year,P,
2026-09-22,24UAD222,RUDDHARA DEVI S,3rd Year,P,
2026-09-23,24UAD222,RUDDHARA DEVI S,3rd Year,P,
2026-09-24,24UAD222,RUDDHARA DEVI S,3rd Year,P,
2026-09-25,24UAD222,RUDDHARA DEVI S,3rd Year,P,
2026-09-28,24UAD222,RUDDHARA DEVI S,3rd Year,P,
2026-09-29,24UAD222,RUDDHARA DEVI S,3rd Year,P,
2026-09-30,24UAD222,RUDDHARA DEVI S,3rd Year,P,
2026-10-01,24UAD222,RUDDHARA DEVI S,3rd Year,P,
2026-10-05,24UAD222,RUDDHARA DEVI S,3rd Year,P,
2026-08-03,24UAD226,SAI JANANI S K,3rd Year,A,
2026-08-04,24UAD226,SAI JANANI S K,3rd Year,A,
2026-08-05,24UAD226,SAI JANANI S K,3rd Year,A,
2026-08-06,24UAD226,SAI JANANI S K,3rd Year,P,
2026-08-07,24UAD226,SAI JANANI S K,3rd Year,A,
2026-08-10,24UAD226,SAI JANANI S K,3rd Year,P,
2026-08-11,24UAD226,SAI JANANI S K,3rd Year,A,
2026-08-12,24UAD226,SAI JANANI S K,3rd Year,A,
2026-08-13,24UAD226,SAI JANANI S K,3rd Year,P,
2026-08-14,24UAD226,SAI JANANI S K,3rd Year,P,
2026-08-18,24UAD226,SAI JANANI S K,3rd Year,P,
2026-08-19,24UAD226,SAI JANANI S K,3rd Year,P,
2026-08-21,24UAD226,SAI JANANI S K,3rd Year,P,
2026-08-24,24UAD226,SAI JANANI S K,3rd Year,P,
2026-08-25,24UAD226,SAI JANANI S K,3rd Year,A,
2026-09-07,24UAD226,SAI JANANI S K,3rd Year,P,
2026-09-08,24UAD226,SAI JANANI S K,3rd Year,P,
2026-09-09,24UAD226,SAI JANANI S K,3rd Year,P,
2026-09-10,24UAD226,SAI JANANI S K,3rd Year,P,
2026-09-11,24UAD226,SAI JANANI S K,3rd Year,A,
2026-09-15,24UAD226,SAI JANANI S K,3rd Year,P,
2026-09-16,24UAD226,SAI JANANI S K,3rd Year,P,
2026-09-17,24UAD226,SAI JANANI S K,3rd Year,P,
2026-09-18,24UAD226,SAI JANANI S K,3rd Year,P,
2026-09-21,24UAD226,SAI JANANI S K,3rd Year,P,
2026-09-22,24UAD226,SAI JANANI S K,3rd Year,P,
2026-09-23,24UAD226,SAI JANANI S K,3rd Year,P,
2026-09-24,24UAD226,SAI JANANI S K,3rd Year,P,
2026-09-25,24UAD226,SAI JANANI S K,3rd Year,P,
2026-09-28,24UAD226,SAI JANANI S K,3rd Year,P,
2026-09-29,24UAD226,SAI JANANI S K,3rd Year,P,
2026-09-30,24UAD226,SAI JANANI S K,3rd Year,P,
2026-10-01,24UAD226,SAI JANANI S K,3rd Year,P,
2026-10-05,24UAD226,SAI JANANI S K,3rd Year,P,
2026-08-03,24UAD227,SAIRAM R M,3rd Year,A,
2026-08-04,24UAD227,SAIRAM R M,3rd Year,A,
2026-08-05,24UAD227,SAIRAM R M,3rd Year,A,
2026-08-06,24UAD227,SAIRAM R M,3rd Year,A,
2026-08-07,24UAD227,SAIRAM R M,3rd Year,A,
2026-08-10,24UAD227,SAIRAM R M,3rd Year,A,
2026-08-11,24UAD227,SAIRAM R M,3rd Year,A,
2026-08-12,24UAD227,SAIRAM R M,3rd Year,A,
2026-08-13,24UAD227,SAIRAM R M,3rd Year,A,
2026-08-14,24UAD227,SAIRAM R M,3rd Year,A,
2026-08-18,24UAD227,SAIRAM R M,3rd Year,A,
2026-08-19,24UAD227,SAIRAM R M,3rd Year,A,
2026-08-21,24UAD227,SAIRAM R M,3rd Year,A,
2026-08-24,24UAD227,SAIRAM R M,3rd Year,A,
2026-08-25,24UAD227,SAIRAM R M,3rd Year,A,
2026-09-07,24UAD227,SAIRAM R M,3rd Year,A,
2026-09-08,24UAD227,SAIRAM R M,3rd Year,A,
2026-09-09,24UAD227,SAIRAM R M,3rd Year,A,
2026-09-10,24UAD227,SAIRAM R M,3rd Year,P,
2026-09-11,24UAD227,SAIRAM R M,3rd Year,P,
2026-09-15,24UAD227,SAIRAM R M,3rd Year,A,
2026-09-16,24UAD227,SAIRAM R M,3rd Year,P,
2026-09-17,24UAD227,SAIRAM R M,3rd Year,P,
2026-09-18,24UAD227,SAIRAM R M,3rd Year,P,
2026-09-21,24UAD227,SAIRAM R M,3rd Year,P,
2026-09-22,24UAD227,SAIRAM R M,3rd Year,P,
2026-09-23,24UAD227,SAIRAM R M,3rd Year,P,
2026-09-24,24UAD227,SAIRAM R M,3rd Year,A,
2026-09-25,24UAD227,SAIRAM R M,3rd Year,P,
2026-09-28,24UAD227,SAIRAM R M,3rd Year,P,
2026-09-29,24UAD227,SAIRAM R M,3rd Year,P,
2026-09-30,24UAD227,SAIRAM R M,3rd Year,A,
2026-10-01,24UAD227,SAIRAM R M,3rd Year,A,
2026-10-05,24UAD227,SAIRAM R M,3rd Year,A,
2026-08-03,24UAD228,SAMAYA KEERTHIKA V,3rd Year,A,
2026-08-04,24UAD228,SAMAYA KEERTHIKA V,3rd Year,A,
2026-08-05,24UAD228,SAMAYA KEERTHIKA V,3rd Year,A,
2026-08-06,24UAD228,SAMAYA KEERTHIKA V,3rd Year,P,
2026-08-07,24UAD228,SAMAYA KEERTHIKA V,3rd Year,A,
2026-08-10,24UAD228,SAMAYA KEERTHIKA V,3rd Year,P,
2026-08-11,24UAD228,SAMAYA KEERTHIKA V,3rd Year,A,
2026-08-12,24UAD228,SAMAYA KEERTHIKA V,3rd Year,P,
2026-08-13,24UAD228,SAMAYA KEERTHIKA V,3rd Year,A,
2026-08-14,24UAD228,SAMAYA KEERTHIKA V,3rd Year,A,
2026-08-18,24UAD228,SAMAYA KEERTHIKA V,3rd Year,P,
2026-08-19,24UAD228,SAMAYA KEERTHIKA V,3rd Year,P,
2026-08-21,24UAD228,SAMAYA KEERTHIKA V,3rd Year,P,
2026-08-24,24UAD228,SAMAYA KEERTHIKA V,3rd Year,P,
2026-08-25,24UAD228,SAMAYA KEERTHIKA V,3rd Year,A,
2026-09-07,24UAD228,SAMAYA KEERTHIKA V,3rd Year,A,
2026-09-08,24UAD228,SAMAYA KEERTHIKA V,3rd Year,P,
2026-09-09,24UAD228,SAMAYA KEERTHIKA V,3rd Year,P,
2026-09-10,24UAD228,SAMAYA KEERTHIKA V,3rd Year,P,
2026-09-11,24UAD228,SAMAYA KEERTHIKA V,3rd Year,P,
2026-09-15,24UAD228,SAMAYA KEERTHIKA V,3rd Year,P,
2026-09-16,24UAD228,SAMAYA KEERTHIKA V,3rd Year,P,
2026-09-17,24UAD228,SAMAYA KEERTHIKA V,3rd Year,A,
2026-09-18,24UAD228,SAMAYA KEERTHIKA V,3rd Year,P,
2026-09-21,24UAD228,SAMAYA KEERTHIKA V,3rd Year,P,
2026-09-22,24UAD228,SAMAYA KEERTHIKA V,3rd Year,P,
2026-09-23,24UAD228,SAMAYA KEERTHIKA V,3rd Year,P,
2026-09-24,24UAD228,SAMAYA KEERTHIKA V,3rd Year,P,
2026-09-25,24UAD228,SAMAYA KEERTHIKA V,3rd Year,P,
2026-09-28,24UAD228,SAMAYA KEERTHIKA V,3rd Year,P,
2026-09-29,24UAD228,SAMAYA KEERTHIKA V,3rd Year,P,
2026-09-30,24UAD228,SAMAYA KEERTHIKA V,3rd Year,P,
2026-10-01,24UAD228,SAMAYA KEERTHIKA V,3rd Year,P,
2026-10-05,24UAD228,SAMAYA KEERTHIKA V,3rd Year,P,
2026-08-03,24UAD230,SAMUTHIRA V L,3rd Year,A,
2026-08-04,24UAD230,SAMUTHIRA V L,3rd Year,A,
2026-08-05,24UAD230,SAMUTHIRA V L,3rd Year,A,
2026-08-06,24UAD230,SAMUTHIRA V L,3rd Year,P,
2026-08-07,24UAD230,SAMUTHIRA V L,3rd Year,A,
2026-08-10,24UAD230,SAMUTHIRA V L,3rd Year,P,
2026-08-11,24UAD230,SAMUTHIRA V L,3rd Year,A,
2026-08-12,24UAD230,SAMUTHIRA V L,3rd Year,P,
2026-08-13,24UAD230,SAMUTHIRA V L,3rd Year,A,
2026-08-14,24UAD230,SAMUTHIRA V L,3rd Year,A,
2026-08-18,24UAD230,SAMUTHIRA V L,3rd Year,P,
2026-08-19,24UAD230,SAMUTHIRA V L,3rd Year,A,
2026-08-21,24UAD230,SAMUTHIRA V L,3rd Year,P,
2026-08-24,24UAD230,SAMUTHIRA V L,3rd Year,P,
2026-08-25,24UAD230,SAMUTHIRA V L,3rd Year,A,
2026-09-07,24UAD230,SAMUTHIRA V L,3rd Year,P,
2026-09-08,24UAD230,SAMUTHIRA V L,3rd Year,P,
2026-09-09,24UAD230,SAMUTHIRA V L,3rd Year,P,
2026-09-10,24UAD230,SAMUTHIRA V L,3rd Year,P,
2026-09-11,24UAD230,SAMUTHIRA V L,3rd Year,P,
2026-09-15,24UAD230,SAMUTHIRA V L,3rd Year,P,
2026-09-16,24UAD230,SAMUTHIRA V L,3rd Year,P,
2026-09-17,24UAD230,SAMUTHIRA V L,3rd Year,P,
2026-09-18,24UAD230,SAMUTHIRA V L,3rd Year,P,
2026-09-21,24UAD230,SAMUTHIRA V L,3rd Year,P,
2026-09-22,24UAD230,SAMUTHIRA V L,3rd Year,P,
2026-09-23,24UAD230,SAMUTHIRA V L,3rd Year,P,
2026-09-24,24UAD230,SAMUTHIRA V L,3rd Year,A,
2026-09-25,24UAD230,SAMUTHIRA V L,3rd Year,A,
2026-09-28,24UAD230,SAMUTHIRA V L,3rd Year,P,
2026-09-29,24UAD230,SAMUTHIRA V L,3rd Year,P,
2026-09-30,24UAD230,SAMUTHIRA V L,3rd Year,P,
2026-10-01,24UAD230,SAMUTHIRA V L,3rd Year,P,
2026-10-05,24UAD230,SAMUTHIRA V L,3rd Year,P,
2026-08-03,24UAD238,SHARAN B,3rd Year,P,
2026-08-04,24UAD238,SHARAN B,3rd Year,A,
2026-08-05,24UAD238,SHARAN B,3rd Year,P,
2026-08-06,24UAD238,SHARAN B,3rd Year,P,
2026-08-07,24UAD238,SHARAN B,3rd Year,P,
2026-08-10,24UAD238,SHARAN B,3rd Year,P,
2026-08-11,24UAD238,SHARAN B,3rd Year,A,
2026-08-12,24UAD238,SHARAN B,3rd Year,P,
2026-08-13,24UAD238,SHARAN B,3rd Year,A,
2026-08-14,24UAD238,SHARAN B,3rd Year,A,
2026-08-18,24UAD238,SHARAN B,3rd Year,P,
2026-08-19,24UAD238,SHARAN B,3rd Year,P,
2026-08-21,24UAD238,SHARAN B,3rd Year,P,
2026-08-24,24UAD238,SHARAN B,3rd Year,P,
2026-08-25,24UAD238,SHARAN B,3rd Year,A,
2026-09-07,24UAD238,SHARAN B,3rd Year,P,
2026-09-08,24UAD238,SHARAN B,3rd Year,P,
2026-09-09,24UAD238,SHARAN B,3rd Year,P,
2026-09-10,24UAD238,SHARAN B,3rd Year,P,
2026-09-11,24UAD238,SHARAN B,3rd Year,P,
2026-09-15,24UAD238,SHARAN B,3rd Year,A,
2026-09-16,24UAD238,SHARAN B,3rd Year,P,
2026-09-17,24UAD238,SHARAN B,3rd Year,P,
2026-09-18,24UAD238,SHARAN B,3rd Year,P,
2026-09-21,24UAD238,SHARAN B,3rd Year,P,
2026-09-22,24UAD238,SHARAN B,3rd Year,P,
2026-09-23,24UAD238,SHARAN B,3rd Year,P,
2026-09-24,24UAD238,SHARAN B,3rd Year,P,
2026-09-25,24UAD238,SHARAN B,3rd Year,P,
2026-09-28,24UAD238,SHARAN B,3rd Year,P,
2026-09-29,24UAD238,SHARAN B,3rd Year,P,
2026-09-30,24UAD238,SHARAN B,3rd Year,P,
2026-10-01,24UAD238,SHARAN B,3rd Year,P,
2026-10-05,24UAD238,SHARAN B,3rd Year,P,
2026-08-03,24UAD242,SRI BARATH G,3rd Year,A,
2026-08-04,24UAD242,SRI BARATH G,3rd Year,A,
2026-08-05,24UAD242,SRI BARATH G,3rd Year,A,
2026-08-06,24UAD242,SRI BARATH G,3rd Year,P,
2026-08-07,24UAD242,SRI BARATH G,3rd Year,P,
2026-08-10,24UAD242,SRI BARATH G,3rd Year,P,
2026-08-11,24UAD242,SRI BARATH G,3rd Year,A,
2026-08-12,24UAD242,SRI BARATH G,3rd Year,A,
2026-08-13,24UAD242,SRI BARATH G,3rd Year,P,
2026-08-14,24UAD242,SRI BARATH G,3rd Year,P,
2026-08-18,24UAD242,SRI BARATH G,3rd Year,A,
2026-08-19,24UAD242,SRI BARATH G,3rd Year,A,
2026-08-21,24UAD242,SRI BARATH G,3rd Year,A,
2026-08-24,24UAD242,SRI BARATH G,3rd Year,A,
2026-08-25,24UAD242,SRI BARATH G,3rd Year,A,
2026-09-07,24UAD242,SRI BARATH G,3rd Year,A,
2026-09-08,24UAD242,SRI BARATH G,3rd Year,A,
2026-09-09,24UAD242,SRI BARATH G,3rd Year,A,
2026-09-10,24UAD242,SRI BARATH G,3rd Year,A,
2026-09-11,24UAD242,SRI BARATH G,3rd Year,A,
2026-09-15,24UAD242,SRI BARATH G,3rd Year,A,
2026-09-16,24UAD242,SRI BARATH G,3rd Year,A,
2026-09-17,24UAD242,SRI BARATH G,3rd Year,A,
2026-09-18,24UAD242,SRI BARATH G,3rd Year,A,
2026-09-21,24UAD242,SRI BARATH G,3rd Year,A,
2026-09-22,24UAD242,SRI BARATH G,3rd Year,A,
2026-09-23,24UAD242,SRI BARATH G,3rd Year,A,
2026-09-24,24UAD242,SRI BARATH G,3rd Year,A,
2026-09-25,24UAD242,SRI BARATH G,3rd Year,A,
2026-09-28,24UAD242,SRI BARATH G,3rd Year,A,
2026-09-29,24UAD242,SRI BARATH G,3rd Year,A,
2026-09-30,24UAD242,SRI BARATH G,3rd Year,A,
2026-10-01,24UAD242,SRI BARATH G,3rd Year,P,
2026-10-05,24UAD242,SRI BARATH G,3rd Year,A,
2026-08-03,24UAD243,SRI VARSHA T,3rd Year,P,
2026-08-04,24UAD243,SRI VARSHA T,3rd Year,A,
2026-08-05,24UAD243,SRI VARSHA T,3rd Year,P,
2026-08-06,24UAD243,SRI VARSHA T,3rd Year,P,
2026-08-07,24UAD243,SRI VARSHA T,3rd Year,A,
2026-08-10,24UAD243,SRI VARSHA T,3rd Year,P,
2026-08-11,24UAD243,SRI VARSHA T,3rd Year,A,
2026-08-12,24UAD243,SRI VARSHA T,3rd Year,A,
2026-08-13,24UAD243,SRI VARSHA T,3rd Year,A,
2026-08-14,24UAD243,SRI VARSHA T,3rd Year,A,
2026-08-18,24UAD243,SRI VARSHA T,3rd Year,P,
2026-08-19,24UAD243,SRI VARSHA T,3rd Year,A,
2026-08-21,24UAD243,SRI VARSHA T,3rd Year,P,
2026-08-24,24UAD243,SRI VARSHA T,3rd Year,P,
2026-08-25,24UAD243,SRI VARSHA T,3rd Year,A,
2026-09-07,24UAD243,SRI VARSHA T,3rd Year,P,
2026-09-08,24UAD243,SRI VARSHA T,3rd Year,P,
2026-09-09,24UAD243,SRI VARSHA T,3rd Year,P,
2026-09-10,24UAD243,SRI VARSHA T,3rd Year,P,
2026-09-11,24UAD243,SRI VARSHA T,3rd Year,P,
2026-09-15,24UAD243,SRI VARSHA T,3rd Year,P,
2026-09-16,24UAD243,SRI VARSHA T,3rd Year,P,
2026-09-17,24UAD243,SRI VARSHA T,3rd Year,P,
2026-09-18,24UAD243,SRI VARSHA T,3rd Year,P,
2026-09-21,24UAD243,SRI VARSHA T,3rd Year,P,
2026-09-22,24UAD243,SRI VARSHA T,3rd Year,P,
2026-09-23,24UAD243,SRI VARSHA T,3rd Year,P,
2026-09-24,24UAD243,SRI VARSHA T,3rd Year,P,
2026-09-25,24UAD243,SRI VARSHA T,3rd Year,A,
2026-09-28,24UAD243,SRI VARSHA T,3rd Year,A,
2026-09-29,24UAD243,SRI VARSHA T,3rd Year,P,
2026-09-30,24UAD243,SRI VARSHA T,3rd Year,P,
2026-10-01,24UAD243,SRI VARSHA T,3rd Year,P,
2026-10-05,24UAD243,SRI VARSHA T,3rd Year,P,
2026-08-03,24UAD246,SUBHASINI M,3rd Year,A,
2026-08-04,24UAD246,SUBHASINI M,3rd Year,A,
2026-08-05,24UAD246,SUBHASINI M,3rd Year,P,
2026-08-06,24UAD246,SUBHASINI M,3rd Year,P,
2026-08-07,24UAD246,SUBHASINI M,3rd Year,P,
2026-08-10,24UAD246,SUBHASINI M,3rd Year,P,
2026-08-11,24UAD246,SUBHASINI M,3rd Year,A,
2026-08-12,24UAD246,SUBHASINI M,3rd Year,A,
2026-08-13,24UAD246,SUBHASINI M,3rd Year,A,
2026-08-14,24UAD246,SUBHASINI M,3rd Year,A,
2026-08-18,24UAD246,SUBHASINI M,3rd Year,A,
2026-08-19,24UAD246,SUBHASINI M,3rd Year,P,
2026-08-21,24UAD246,SUBHASINI M,3rd Year,A,
2026-08-24,24UAD246,SUBHASINI M,3rd Year,A,
2026-08-25,24UAD246,SUBHASINI M,3rd Year,A,
2026-09-07,24UAD246,SUBHASINI M,3rd Year,A,
2026-09-08,24UAD246,SUBHASINI M,3rd Year,A,
2026-09-09,24UAD246,SUBHASINI M,3rd Year,A,
2026-09-10,24UAD246,SUBHASINI M,3rd Year,A,
2026-09-11,24UAD246,SUBHASINI M,3rd Year,A,
2026-09-15,24UAD246,SUBHASINI M,3rd Year,A,
2026-09-16,24UAD246,SUBHASINI M,3rd Year,A,
2026-09-17,24UAD246,SUBHASINI M,3rd Year,A,
2026-09-18,24UAD246,SUBHASINI M,3rd Year,A,
2026-09-21,24UAD246,SUBHASINI M,3rd Year,A,
2026-09-22,24UAD246,SUBHASINI M,3rd Year,A,
2026-09-23,24UAD246,SUBHASINI M,3rd Year,A,
2026-09-24,24UAD246,SUBHASINI M,3rd Year,A,
2026-09-25,24UAD246,SUBHASINI M,3rd Year,A,
2026-09-28,24UAD246,SUBHASINI M,3rd Year,A,
2026-09-29,24UAD246,SUBHASINI M,3rd Year,A,
2026-09-30,24UAD246,SUBHASINI M,3rd Year,A,
2026-10-01,24UAD246,SUBHASINI M,3rd Year,A,
2026-10-05,24UAD246,SUBHASINI M,3rd Year,A,
2026-08-03,24UAD247,SUBIKSHA R,3rd Year,P,
2026-08-04,24UAD247,SUBIKSHA R,3rd Year,A,
2026-08-05,24UAD247,SUBIKSHA R,3rd Year,P,
2026-08-06,24UAD247,SUBIKSHA R,3rd Year,P,
2026-08-07,24UAD247,SUBIKSHA R,3rd Year,P,
2026-08-10,24UAD247,SUBIKSHA R,3rd Year,P,
2026-08-11,24UAD247,SUBIKSHA R,3rd Year,A,
2026-08-12,24UAD247,SUBIKSHA R,3rd Year,P,
2026-08-13,24UAD247,SUBIKSHA R,3rd Year,A,
2026-08-14,24UAD247,SUBIKSHA R,3rd Year,A,
2026-08-18,24UAD247,SUBIKSHA R,3rd Year,P,
2026-08-19,24UAD247,SUBIKSHA R,3rd Year,P,
2026-08-21,24UAD247,SUBIKSHA R,3rd Year,P,
2026-08-24,24UAD247,SUBIKSHA R,3rd Year,P,
2026-08-25,24UAD247,SUBIKSHA R,3rd Year,A,
2026-09-07,24UAD247,SUBIKSHA R,3rd Year,P,
2026-09-08,24UAD247,SUBIKSHA R,3rd Year,P,
2026-09-09,24UAD247,SUBIKSHA R,3rd Year,P,
2026-09-10,24UAD247,SUBIKSHA R,3rd Year,P,
2026-09-11,24UAD247,SUBIKSHA R,3rd Year,P,
2026-09-15,24UAD247,SUBIKSHA R,3rd Year,P,
2026-09-16,24UAD247,SUBIKSHA R,3rd Year,P,
2026-09-17,24UAD247,SUBIKSHA R,3rd Year,P,
2026-09-18,24UAD247,SUBIKSHA R,3rd Year,P,
2026-09-21,24UAD247,SUBIKSHA R,3rd Year,P,
2026-09-22,24UAD247,SUBIKSHA R,3rd Year,P,
2026-09-23,24UAD247,SUBIKSHA R,3rd Year,P,
2026-09-24,24UAD247,SUBIKSHA R,3rd Year,P,
2026-09-25,24UAD247,SUBIKSHA R,3rd Year,P,
2026-09-28,24UAD247,SUBIKSHA R,3rd Year,P,
2026-09-29,24UAD247,SUBIKSHA R,3rd Year,P,
2026-09-30,24UAD247,SUBIKSHA R,3rd Year,P,
2026-10-01,24UAD247,SUBIKSHA R,3rd Year,P,
2026-10-05,24UAD247,SUBIKSHA R,3rd Year,P,
2026-08-03,24UAD252,TAMIZHILINIYAN M,3rd Year,P,
2026-08-04,24UAD252,TAMIZHILINIYAN M,3rd Year,A,
2026-08-05,24UAD252,TAMIZHILINIYAN M,3rd Year,P,
2026-08-06,24UAD252,TAMIZHILINIYAN M,3rd Year,P,
2026-08-07,24UAD252,TAMIZHILINIYAN M,3rd Year,P,
2026-08-10,24UAD252,TAMIZHILINIYAN M,3rd Year,P,
2026-08-11,24UAD252,TAMIZHILINIYAN M,3rd Year,A,
2026-08-12,24UAD252,TAMIZHILINIYAN M,3rd Year,P,
2026-08-13,24UAD252,TAMIZHILINIYAN M,3rd Year,P,
2026-08-14,24UAD252,TAMIZHILINIYAN M,3rd Year,A,
2026-08-18,24UAD252,TAMIZHILINIYAN M,3rd Year,P,
2026-08-19,24UAD252,TAMIZHILINIYAN M,3rd Year,A,
2026-08-21,24UAD252,TAMIZHILINIYAN M,3rd Year,A,
2026-08-24,24UAD252,TAMIZHILINIYAN M,3rd Year,P,
2026-08-25,24UAD252,TAMIZHILINIYAN M,3rd Year,A,
2026-09-07,24UAD252,TAMIZHILINIYAN M,3rd Year,P,
2026-09-08,24UAD252,TAMIZHILINIYAN M,3rd Year,P,
2026-09-09,24UAD252,TAMIZHILINIYAN M,3rd Year,P,
2026-09-10,24UAD252,TAMIZHILINIYAN M,3rd Year,P,
2026-09-11,24UAD252,TAMIZHILINIYAN M,3rd Year,P,
2026-09-15,24UAD252,TAMIZHILINIYAN M,3rd Year,A,
2026-09-16,24UAD252,TAMIZHILINIYAN M,3rd Year,P,
2026-09-17,24UAD252,TAMIZHILINIYAN M,3rd Year,P,
2026-09-18,24UAD252,TAMIZHILINIYAN M,3rd Year,P,
2026-09-21,24UAD252,TAMIZHILINIYAN M,3rd Year,P,
2026-09-22,24UAD252,TAMIZHILINIYAN M,3rd Year,P,
2026-09-23,24UAD252,TAMIZHILINIYAN M,3rd Year,P,
2026-09-24,24UAD252,TAMIZHILINIYAN M,3rd Year,P,
2026-09-25,24UAD252,TAMIZHILINIYAN M,3rd Year,P,
2026-09-28,24UAD252,TAMIZHILINIYAN M,3rd Year,A,
2026-09-29,24UAD252,TAMIZHILINIYAN M,3rd Year,A,
2026-09-30,24UAD252,TAMIZHILINIYAN M,3rd Year,A,
2026-10-01,24UAD252,TAMIZHILINIYAN M,3rd Year,A,
2026-10-05,24UAD252,TAMIZHILINIYAN M,3rd Year,P,
2026-08-03,24UAD255,THARMARAJ M,3rd Year,P,
2026-08-04,24UAD255,THARMARAJ M,3rd Year,A,
2026-08-05,24UAD255,THARMARAJ M,3rd Year,P,
2026-08-06,24UAD255,THARMARAJ M,3rd Year,P,
2026-08-07,24UAD255,THARMARAJ M,3rd Year,P,
2026-08-10,24UAD255,THARMARAJ M,3rd Year,P,
2026-08-11,24UAD255,THARMARAJ M,3rd Year,A,
2026-08-12,24UAD255,THARMARAJ M,3rd Year,P,
2026-08-13,24UAD255,THARMARAJ M,3rd Year,A,
2026-08-14,24UAD255,THARMARAJ M,3rd Year,A,
2026-08-18,24UAD255,THARMARAJ M,3rd Year,P,
2026-08-19,24UAD255,THARMARAJ M,3rd Year,A,
2026-08-21,24UAD255,THARMARAJ M,3rd Year,P,
2026-08-24,24UAD255,THARMARAJ M,3rd Year,P,
2026-08-25,24UAD255,THARMARAJ M,3rd Year,P,
2026-09-07,24UAD255,THARMARAJ M,3rd Year,P,
2026-09-08,24UAD255,THARMARAJ M,3rd Year,P,
2026-09-09,24UAD255,THARMARAJ M,3rd Year,P,
2026-09-10,24UAD255,THARMARAJ M,3rd Year,P,
2026-09-11,24UAD255,THARMARAJ M,3rd Year,P,
2026-09-15,24UAD255,THARMARAJ M,3rd Year,P,
2026-09-16,24UAD255,THARMARAJ M,3rd Year,P,
2026-09-17,24UAD255,THARMARAJ M,3rd Year,P,
2026-09-18,24UAD255,THARMARAJ M,3rd Year,A,
2026-09-21,24UAD255,THARMARAJ M,3rd Year,P,
2026-09-22,24UAD255,THARMARAJ M,3rd Year,P,
2026-09-23,24UAD255,THARMARAJ M,3rd Year,P,
2026-09-24,24UAD255,THARMARAJ M,3rd Year,P,
2026-09-25,24UAD255,THARMARAJ M,3rd Year,P,
2026-09-28,24UAD255,THARMARAJ M,3rd Year,P,
2026-09-29,24UAD255,THARMARAJ M,3rd Year,P,
2026-09-30,24UAD255,THARMARAJ M,3rd Year,P,
2026-10-01,24UAD255,THARMARAJ M,3rd Year,P,
2026-10-05,24UAD255,THARMARAJ M,3rd Year,P,
2026-08-03,24UAD256,THEDHEISH B R,3rd Year,P,
2026-08-04,24UAD256,THEDHEISH B R,3rd Year,A,
2026-08-05,24UAD256,THEDHEISH B R,3rd Year,P,
2026-08-06,24UAD256,THEDHEISH B R,3rd Year,A,
2026-08-07,24UAD256,THEDHEISH B R,3rd Year,P,
2026-08-10,24UAD256,THEDHEISH B R,3rd Year,P,
2026-08-11,24UAD256,THEDHEISH B R,3rd Year,A,
2026-08-12,24UAD256,THEDHEISH B R,3rd Year,P,
2026-08-13,24UAD256,THEDHEISH B R,3rd Year,A,
2026-08-14,24UAD256,THEDHEISH B R,3rd Year,A,
2026-08-18,24UAD256,THEDHEISH B R,3rd Year,P,
2026-08-19,24UAD256,THEDHEISH B R,3rd Year,P,
2026-08-21,24UAD256,THEDHEISH B R,3rd Year,P,
2026-08-24,24UAD256,THEDHEISH B R,3rd Year,A,
2026-08-25,24UAD256,THEDHEISH B R,3rd Year,P,
2026-09-07,24UAD256,THEDHEISH B R,3rd Year,P,
2026-09-08,24UAD256,THEDHEISH B R,3rd Year,P,
2026-09-09,24UAD256,THEDHEISH B R,3rd Year,P,
2026-09-10,24UAD256,THEDHEISH B R,3rd Year,P,
2026-09-11,24UAD256,THEDHEISH B R,3rd Year,P,
2026-09-15,24UAD256,THEDHEISH B R,3rd Year,P,
2026-09-16,24UAD256,THEDHEISH B R,3rd Year,P,
2026-09-17,24UAD256,THEDHEISH B R,3rd Year,P,
2026-09-18,24UAD256,THEDHEISH B R,3rd Year,P,
2026-09-21,24UAD256,THEDHEISH B R,3rd Year,P,
2026-09-22,24UAD256,THEDHEISH B R,3rd Year,P,
2026-09-23,24UAD256,THEDHEISH B R,3rd Year,A,
2026-09-24,24UAD256,THEDHEISH B R,3rd Year,A,
2026-09-25,24UAD256,THEDHEISH B R,3rd Year,A,
2026-09-28,24UAD256,THEDHEISH B R,3rd Year,P,
2026-09-29,24UAD256,THEDHEISH B R,3rd Year,P,
2026-09-30,24UAD256,THEDHEISH B R,3rd Year,P,
2026-10-01,24UAD256,THEDHEISH B R,3rd Year,P,
2026-10-05,24UAD256,THEDHEISH B R,3rd Year,P,
2026-08-03,24UAD257,UMAMAGESHWARI K,3rd Year,P,
2026-08-04,24UAD257,UMAMAGESHWARI K,3rd Year,A,
2026-08-05,24UAD257,UMAMAGESHWARI K,3rd Year,A,
2026-08-06,24UAD257,UMAMAGESHWARI K,3rd Year,P,
2026-08-07,24UAD257,UMAMAGESHWARI K,3rd Year,A,
2026-08-10,24UAD257,UMAMAGESHWARI K,3rd Year,A,
2026-08-11,24UAD257,UMAMAGESHWARI K,3rd Year,A,
2026-08-12,24UAD257,UMAMAGESHWARI K,3rd Year,A,
2026-08-13,24UAD257,UMAMAGESHWARI K,3rd Year,A,
2026-08-14,24UAD257,UMAMAGESHWARI K,3rd Year,A,
2026-08-18,24UAD257,UMAMAGESHWARI K,3rd Year,A,
2026-08-19,24UAD257,UMAMAGESHWARI K,3rd Year,A,
2026-08-21,24UAD257,UMAMAGESHWARI K,3rd Year,A,
2026-08-24,24UAD257,UMAMAGESHWARI K,3rd Year,A,
2026-08-25,24UAD257,UMAMAGESHWARI K,3rd Year,A,
2026-09-07,24UAD257,UMAMAGESHWARI K,3rd Year,A,
2026-09-08,24UAD257,UMAMAGESHWARI K,3rd Year,A,
2026-09-09,24UAD257,UMAMAGESHWARI K,3rd Year,A,
2026-09-10,24UAD257,UMAMAGESHWARI K,3rd Year,A,
2026-09-11,24UAD257,UMAMAGESHWARI K,3rd Year,A,
2026-09-15,24UAD257,UMAMAGESHWARI K,3rd Year,A,
2026-09-16,24UAD257,UMAMAGESHWARI K,3rd Year,A,
2026-09-17,24UAD257,UMAMAGESHWARI K,3rd Year,A,
2026-09-18,24UAD257,UMAMAGESHWARI K,3rd Year,A,
2026-09-21,24UAD257,UMAMAGESHWARI K,3rd Year,P,
2026-09-22,24UAD257,UMAMAGESHWARI K,3rd Year,P,
2026-09-23,24UAD257,UMAMAGESHWARI K,3rd Year,A,
2026-09-24,24UAD257,UMAMAGESHWARI K,3rd Year,A,
2026-09-25,24UAD257,UMAMAGESHWARI K,3rd Year,A,
2026-09-28,24UAD257,UMAMAGESHWARI K,3rd Year,A,
2026-09-29,24UAD257,UMAMAGESHWARI K,3rd Year,P,
2026-09-30,24UAD257,UMAMAGESHWARI K,3rd Year,P,
2026-10-01,24UAD257,UMAMAGESHWARI K,3rd Year,P,
2026-10-05,24UAD257,UMAMAGESHWARI K,3rd Year,P,
2026-08-03,24UAD259,VIBIN M,3rd Year,P,
2026-08-04,24UAD259,VIBIN M,3rd Year,A,
2026-08-05,24UAD259,VIBIN M,3rd Year,A,
2026-08-06,24UAD259,VIBIN M,3rd Year,A,
2026-08-07,24UAD259,VIBIN M,3rd Year,A,
2026-08-10,24UAD259,VIBIN M,3rd Year,P,
2026-08-11,24UAD259,VIBIN M,3rd Year,A,
2026-08-12,24UAD259,VIBIN M,3rd Year,A,
2026-08-13,24UAD259,VIBIN M,3rd Year,A,
2026-08-14,24UAD259,VIBIN M,3rd Year,A,
2026-08-18,24UAD259,VIBIN M,3rd Year,P,
2026-08-19,24UAD259,VIBIN M,3rd Year,A,
2026-08-21,24UAD259,VIBIN M,3rd Year,A,
2026-08-24,24UAD259,VIBIN M,3rd Year,P,
2026-08-25,24UAD259,VIBIN M,3rd Year,A,
2026-09-07,24UAD259,VIBIN M,3rd Year,A,
2026-09-08,24UAD259,VIBIN M,3rd Year,A,
2026-09-09,24UAD259,VIBIN M,3rd Year,P,
2026-09-10,24UAD259,VIBIN M,3rd Year,A,
2026-09-11,24UAD259,VIBIN M,3rd Year,A,
2026-09-15,24UAD259,VIBIN M,3rd Year,A,
2026-09-16,24UAD259,VIBIN M,3rd Year,P,
2026-09-17,24UAD259,VIBIN M,3rd Year,A,
2026-09-18,24UAD259,VIBIN M,3rd Year,P,
2026-09-21,24UAD259,VIBIN M,3rd Year,A,
2026-09-22,24UAD259,VIBIN M,3rd Year,P,
2026-09-23,24UAD259,VIBIN M,3rd Year,A,
2026-09-24,24UAD259,VIBIN M,3rd Year,P,
2026-09-25,24UAD259,VIBIN M,3rd Year,A,
2026-09-28,24UAD259,VIBIN M,3rd Year,P,
2026-09-29,24UAD259,VIBIN M,3rd Year,P,
2026-09-30,24UAD259,VIBIN M,3rd Year,P,
2026-10-01,24UAD259,VIBIN M,3rd Year,P,
2026-10-05,24UAD259,VIBIN M,3rd Year,A,
2026-08-03,24UAM108,ANISH SURIYA J,3rd Year,A,
2026-08-04,24UAM108,ANISH SURIYA J,3rd Year,A,
2026-08-05,24UAM108,ANISH SURIYA J,3rd Year,P,
2026-08-06,24UAM108,ANISH SURIYA J,3rd Year,P,
2026-08-07,24UAM108,ANISH SURIYA J,3rd Year,P,
2026-08-10,24UAM108,ANISH SURIYA J,3rd Year,A,
2026-08-11,24UAM108,ANISH SURIYA J,3rd Year,A,
2026-08-12,24UAM108,ANISH SURIYA J,3rd Year,A,
2026-08-13,24UAM108,ANISH SURIYA J,3rd Year,A,
2026-08-14,24UAM108,ANISH SURIYA J,3rd Year,A,
2026-08-18,24UAM108,ANISH SURIYA J,3rd Year,A,
2026-08-19,24UAM108,ANISH SURIYA J,3rd Year,A,
2026-08-21,24UAM108,ANISH SURIYA J,3rd Year,P,
2026-08-24,24UAM108,ANISH SURIYA J,3rd Year,A,
2026-08-25,24UAM108,ANISH SURIYA J,3rd Year,A,
2026-09-07,24UAM108,ANISH SURIYA J,3rd Year,P,
2026-09-08,24UAM108,ANISH SURIYA J,3rd Year,P,
2026-09-09,24UAM108,ANISH SURIYA J,3rd Year,P,
2026-09-10,24UAM108,ANISH SURIYA J,3rd Year,P,
2026-09-11,24UAM108,ANISH SURIYA J,3rd Year,P,
2026-09-15,24UAM108,ANISH SURIYA J,3rd Year,A,
2026-09-16,24UAM108,ANISH SURIYA J,3rd Year,A,
2026-09-17,24UAM108,ANISH SURIYA J,3rd Year,P,
2026-09-18,24UAM108,ANISH SURIYA J,3rd Year,P,
2026-09-21,24UAM108,ANISH SURIYA J,3rd Year,P,
2026-09-22,24UAM108,ANISH SURIYA J,3rd Year,P,
2026-09-23,24UAM108,ANISH SURIYA J,3rd Year,P,
2026-09-24,24UAM108,ANISH SURIYA J,3rd Year,P,
2026-09-25,24UAM108,ANISH SURIYA J,3rd Year,P,
2026-09-28,24UAM108,ANISH SURIYA J,3rd Year,P,
2026-09-29,24UAM108,ANISH SURIYA J,3rd Year,P,
2026-09-30,24UAM108,ANISH SURIYA J,3rd Year,P,
2026-10-01,24UAM108,ANISH SURIYA J,3rd Year,P,
2026-10-05,24UAM108,ANISH SURIYA J,3rd Year,P,
2026-08-03,24UAM109,ARCHANA V,3rd Year,A,
2026-08-04,24UAM109,ARCHANA V,3rd Year,A,
2026-08-05,24UAM109,ARCHANA V,3rd Year,P,
2026-08-06,24UAM109,ARCHANA V,3rd Year,P,
2026-08-07,24UAM109,ARCHANA V,3rd Year,P,
2026-08-10,24UAM109,ARCHANA V,3rd Year,P,
2026-08-11,24UAM109,ARCHANA V,3rd Year,A,
2026-08-12,24UAM109,ARCHANA V,3rd Year,P,
2026-08-13,24UAM109,ARCHANA V,3rd Year,P,
2026-08-14,24UAM109,ARCHANA V,3rd Year,P,
2026-08-18,24UAM109,ARCHANA V,3rd Year,P,
2026-08-19,24UAM109,ARCHANA V,3rd Year,P,
2026-08-21,24UAM109,ARCHANA V,3rd Year,P,
2026-08-24,24UAM109,ARCHANA V,3rd Year,A,
2026-08-25,24UAM109,ARCHANA V,3rd Year,A,
2026-09-07,24UAM109,ARCHANA V,3rd Year,P,
2026-09-08,24UAM109,ARCHANA V,3rd Year,P,
2026-09-09,24UAM109,ARCHANA V,3rd Year,P,
2026-09-10,24UAM109,ARCHANA V,3rd Year,P,
2026-09-11,24UAM109,ARCHANA V,3rd Year,P,
2026-09-15,24UAM109,ARCHANA V,3rd Year,P,
2026-09-16,24UAM109,ARCHANA V,3rd Year,P,
2026-09-17,24UAM109,ARCHANA V,3rd Year,P,
2026-09-18,24UAM109,ARCHANA V,3rd Year,P,
2026-09-21,24UAM109,ARCHANA V,3rd Year,P,
2026-09-22,24UAM109,ARCHANA V,3rd Year,P,
2026-09-23,24UAM109,ARCHANA V,3rd Year,P,
2026-09-24,24UAM109,ARCHANA V,3rd Year,P,
2026-09-25,24UAM109,ARCHANA V,3rd Year,P,
2026-09-28,24UAM109,ARCHANA V,3rd Year,P,
2026-09-29,24UAM109,ARCHANA V,3rd Year,P,
2026-09-30,24UAM109,ARCHANA V,3rd Year,P,
2026-10-01,24UAM109,ARCHANA V,3rd Year,P,
2026-10-05,24UAM109,ARCHANA V,3rd Year,P,
2026-08-03,24UAM110,BALAMURUGAN S,3rd Year,A,
2026-08-04,24UAM110,BALAMURUGAN S,3rd Year,A,
2026-08-05,24UAM110,BALAMURUGAN S,3rd Year,P,
2026-08-06,24UAM110,BALAMURUGAN S,3rd Year,P,
2026-08-07,24UAM110,BALAMURUGAN S,3rd Year,P,
2026-08-10,24UAM110,BALAMURUGAN S,3rd Year,P,
2026-08-11,24UAM110,BALAMURUGAN S,3rd Year,A,
2026-08-12,24UAM110,BALAMURUGAN S,3rd Year,A,
2026-08-13,24UAM110,BALAMURUGAN S,3rd Year,A,
2026-08-14,24UAM110,BALAMURUGAN S,3rd Year,A,
2026-08-18,24UAM110,BALAMURUGAN S,3rd Year,A,
2026-08-19,24UAM110,BALAMURUGAN S,3rd Year,A,
2026-08-21,24UAM110,BALAMURUGAN S,3rd Year,A,
2026-08-24,24UAM110,BALAMURUGAN S,3rd Year,A,
2026-08-25,24UAM110,BALAMURUGAN S,3rd Year,A,
2026-09-07,24UAM110,BALAMURUGAN S,3rd Year,A,
2026-09-08,24UAM110,BALAMURUGAN S,3rd Year,P,
2026-09-09,24UAM110,BALAMURUGAN S,3rd Year,P,
2026-09-10,24UAM110,BALAMURUGAN S,3rd Year,P,
2026-09-11,24UAM110,BALAMURUGAN S,3rd Year,A,
2026-09-15,24UAM110,BALAMURUGAN S,3rd Year,A,
2026-09-16,24UAM110,BALAMURUGAN S,3rd Year,A,
2026-09-17,24UAM110,BALAMURUGAN S,3rd Year,A,
2026-09-18,24UAM110,BALAMURUGAN S,3rd Year,P,
2026-09-21,24UAM110,BALAMURUGAN S,3rd Year,P,
2026-09-22,24UAM110,BALAMURUGAN S,3rd Year,P,
2026-09-23,24UAM110,BALAMURUGAN S,3rd Year,P,
2026-09-24,24UAM110,BALAMURUGAN S,3rd Year,P,
2026-09-25,24UAM110,BALAMURUGAN S,3rd Year,A,
2026-09-28,24UAM110,BALAMURUGAN S,3rd Year,P,
2026-09-29,24UAM110,BALAMURUGAN S,3rd Year,P,
2026-09-30,24UAM110,BALAMURUGAN S,3rd Year,A,
2026-10-01,24UAM110,BALAMURUGAN S,3rd Year,A,
2026-10-05,24UAM110,BALAMURUGAN S,3rd Year,A,
2026-08-03,24UAM120,Harisbalaji G,3rd Year,P,
2026-08-04,24UAM120,Harisbalaji G,3rd Year,P,
2026-08-05,24UAM120,Harisbalaji G,3rd Year,P,
2026-08-06,24UAM120,Harisbalaji G,3rd Year,P,
2026-08-07,24UAM120,Harisbalaji G,3rd Year,P,
2026-08-10,24UAM120,Harisbalaji G,3rd Year,P,
2026-08-11,24UAM120,Harisbalaji G,3rd Year,P,
2026-08-12,24UAM120,Harisbalaji G,3rd Year,P,
2026-08-13,24UAM120,Harisbalaji G,3rd Year,P,
2026-08-14,24UAM120,Harisbalaji G,3rd Year,P,
2026-08-18,24UAM120,Harisbalaji G,3rd Year,P,
2026-08-19,24UAM120,Harisbalaji G,3rd Year,P,
2026-08-21,24UAM120,Harisbalaji G,3rd Year,P,
2026-08-24,24UAM120,Harisbalaji G,3rd Year,P,
2026-08-25,24UAM120,Harisbalaji G,3rd Year,P,
2026-09-07,24UAM120,Harisbalaji G,3rd Year,P,
2026-09-08,24UAM120,Harisbalaji G,3rd Year,P,
2026-09-09,24UAM120,Harisbalaji G,3rd Year,P,
2026-09-10,24UAM120,Harisbalaji G,3rd Year,P,
2026-09-11,24UAM120,Harisbalaji G,3rd Year,P,
2026-09-15,24UAM120,Harisbalaji G,3rd Year,A,
2026-09-16,24UAM120,Harisbalaji G,3rd Year,A,
2026-09-17,24UAM120,Harisbalaji G,3rd Year,A,
2026-09-18,24UAM120,Harisbalaji G,3rd Year,P,
2026-09-21,24UAM120,Harisbalaji G,3rd Year,P,
2026-09-22,24UAM120,Harisbalaji G,3rd Year,P,
2026-09-23,24UAM120,Harisbalaji G,3rd Year,P,
2026-09-24,24UAM120,Harisbalaji G,3rd Year,P,
2026-09-25,24UAM120,Harisbalaji G,3rd Year,P,
2026-09-28,24UAM120,Harisbalaji G,3rd Year,P,
2026-09-29,24UAM120,Harisbalaji G,3rd Year,P,
2026-09-30,24UAM120,Harisbalaji G,3rd Year,P,
2026-10-01,24UAM120,Harisbalaji G,3rd Year,P,
2026-10-05,24UAM120,Harisbalaji G,3rd Year,P,
2026-08-03,24UAM121,HEMAPRABU P,3rd Year,A,
2026-08-04,24UAM121,HEMAPRABU P,3rd Year,A,
2026-08-05,24UAM121,HEMAPRABU P,3rd Year,P,
2026-08-06,24UAM121,HEMAPRABU P,3rd Year,P,
2026-08-07,24UAM121,HEMAPRABU P,3rd Year,P,
2026-08-10,24UAM121,HEMAPRABU P,3rd Year,A,
2026-08-11,24UAM121,HEMAPRABU P,3rd Year,A,
2026-08-12,24UAM121,HEMAPRABU P,3rd Year,P,
2026-08-13,24UAM121,HEMAPRABU P,3rd Year,P,
2026-08-14,24UAM121,HEMAPRABU P,3rd Year,P,
2026-08-18,24UAM121,HEMAPRABU P,3rd Year,A,
2026-08-19,24UAM121,HEMAPRABU P,3rd Year,A,
2026-08-21,24UAM121,HEMAPRABU P,3rd Year,A,
2026-08-24,24UAM121,HEMAPRABU P,3rd Year,A,
2026-08-25,24UAM121,HEMAPRABU P,3rd Year,A,
2026-09-07,24UAM121,HEMAPRABU P,3rd Year,A,
2026-09-08,24UAM121,HEMAPRABU P,3rd Year,P,
2026-09-09,24UAM121,HEMAPRABU P,3rd Year,P,
2026-09-10,24UAM121,HEMAPRABU P,3rd Year,A,
2026-09-11,24UAM121,HEMAPRABU P,3rd Year,A,
2026-09-15,24UAM121,HEMAPRABU P,3rd Year,A,
2026-09-16,24UAM121,HEMAPRABU P,3rd Year,A,
2026-09-17,24UAM121,HEMAPRABU P,3rd Year,A,
2026-09-18,24UAM121,HEMAPRABU P,3rd Year,A,
2026-09-21,24UAM121,HEMAPRABU P,3rd Year,P,
2026-09-22,24UAM121,HEMAPRABU P,3rd Year,P,
2026-09-23,24UAM121,HEMAPRABU P,3rd Year,P,
2026-09-24,24UAM121,HEMAPRABU P,3rd Year,P,
2026-09-25,24UAM121,HEMAPRABU P,3rd Year,P,
2026-09-28,24UAM121,HEMAPRABU P,3rd Year,A,
2026-09-29,24UAM121,HEMAPRABU P,3rd Year,P,
2026-09-30,24UAM121,HEMAPRABU P,3rd Year,P,
2026-10-01,24UAM121,HEMAPRABU P,3rd Year,A,
2026-10-05,24UAM121,HEMAPRABU P,3rd Year,A,
2026-08-03,24UAM123,KARNIKA V,3rd Year,P,
2026-08-04,24UAM123,KARNIKA V,3rd Year,P,
2026-08-05,24UAM123,KARNIKA V,3rd Year,P,
2026-08-06,24UAM123,KARNIKA V,3rd Year,P,
2026-08-07,24UAM123,KARNIKA V,3rd Year,P,
2026-08-10,24UAM123,KARNIKA V,3rd Year,P,
2026-08-11,24UAM123,KARNIKA V,3rd Year,P,
2026-08-12,24UAM123,KARNIKA V,3rd Year,P,
2026-08-13,24UAM123,KARNIKA V,3rd Year,P,
2026-08-14,24UAM123,KARNIKA V,3rd Year,P,
2026-08-18,24UAM123,KARNIKA V,3rd Year,P,
2026-08-19,24UAM123,KARNIKA V,3rd Year,P,
2026-08-21,24UAM123,KARNIKA V,3rd Year,P,
2026-08-24,24UAM123,KARNIKA V,3rd Year,P,
2026-08-25,24UAM123,KARNIKA V,3rd Year,P,
2026-09-07,24UAM123,KARNIKA V,3rd Year,P,
2026-09-08,24UAM123,KARNIKA V,3rd Year,P,
2026-09-09,24UAM123,KARNIKA V,3rd Year,P,
2026-09-10,24UAM123,KARNIKA V,3rd Year,P,
2026-09-11,24UAM123,KARNIKA V,3rd Year,P,
2026-09-15,24UAM123,KARNIKA V,3rd Year,P,
2026-09-16,24UAM123,KARNIKA V,3rd Year,P,
2026-09-17,24UAM123,KARNIKA V,3rd Year,P,
2026-09-18,24UAM123,KARNIKA V,3rd Year,P,
2026-09-21,24UAM123,KARNIKA V,3rd Year,P,
2026-09-22,24UAM123,KARNIKA V,3rd Year,P,
2026-09-23,24UAM123,KARNIKA V,3rd Year,P,
2026-09-24,24UAM123,KARNIKA V,3rd Year,P,
2026-09-25,24UAM123,KARNIKA V,3rd Year,P,
2026-09-28,24UAM123,KARNIKA V,3rd Year,P,
2026-09-29,24UAM123,KARNIKA V,3rd Year,P,
2026-09-30,24UAM123,KARNIKA V,3rd Year,P,
2026-10-01,24UAM123,KARNIKA V,3rd Year,P,
2026-10-05,24UAM123,KARNIKA V,3rd Year,P,
2026-08-03,24UAM124,KARTHIKEYAN M,3rd Year,A,
2026-08-04,24UAM124,KARTHIKEYAN M,3rd Year,A,
2026-08-05,24UAM124,KARTHIKEYAN M,3rd Year,P,
2026-08-06,24UAM124,KARTHIKEYAN M,3rd Year,P,
2026-08-07,24UAM124,KARTHIKEYAN M,3rd Year,A,
2026-08-10,24UAM124,KARTHIKEYAN M,3rd Year,P,
2026-08-11,24UAM124,KARTHIKEYAN M,3rd Year,A,
2026-08-12,24UAM124,KARTHIKEYAN M,3rd Year,P,
2026-08-13,24UAM124,KARTHIKEYAN M,3rd Year,P,
2026-08-14,24UAM124,KARTHIKEYAN M,3rd Year,P,
2026-08-18,24UAM124,KARTHIKEYAN M,3rd Year,P,
2026-08-19,24UAM124,KARTHIKEYAN M,3rd Year,P,
2026-08-21,24UAM124,KARTHIKEYAN M,3rd Year,P,
2026-08-24,24UAM124,KARTHIKEYAN M,3rd Year,P,
2026-08-25,24UAM124,KARTHIKEYAN M,3rd Year,A,
2026-09-07,24UAM124,KARTHIKEYAN M,3rd Year,P,
2026-09-08,24UAM124,KARTHIKEYAN M,3rd Year,P,
2026-09-09,24UAM124,KARTHIKEYAN M,3rd Year,P,
2026-09-10,24UAM124,KARTHIKEYAN M,3rd Year,P,
2026-09-11,24UAM124,KARTHIKEYAN M,3rd Year,P,
2026-09-15,24UAM124,KARTHIKEYAN M,3rd Year,P,
2026-09-16,24UAM124,KARTHIKEYAN M,3rd Year,P,
2026-09-17,24UAM124,KARTHIKEYAN M,3rd Year,P,
2026-09-18,24UAM124,KARTHIKEYAN M,3rd Year,P,
2026-09-21,24UAM124,KARTHIKEYAN M,3rd Year,P,
2026-09-22,24UAM124,KARTHIKEYAN M,3rd Year,P,
2026-09-23,24UAM124,KARTHIKEYAN M,3rd Year,P,
2026-09-24,24UAM124,KARTHIKEYAN M,3rd Year,P,
2026-09-25,24UAM124,KARTHIKEYAN M,3rd Year,P,
2026-09-28,24UAM124,KARTHIKEYAN M,3rd Year,P,
2026-09-29,24UAM124,KARTHIKEYAN M,3rd Year,P,
2026-09-30,24UAM124,KARTHIKEYAN M,3rd Year,P,
2026-10-01,24UAM124,KARTHIKEYAN M,3rd Year,P,
2026-10-05,24UAM124,KARTHIKEYAN M,3rd Year,P,
2026-08-03,24UAM125,KEERTHANAPRIYA S,3rd Year,A,
2026-08-04,24UAM125,KEERTHANAPRIYA S,3rd Year,A,
2026-08-05,24UAM125,KEERTHANAPRIYA S,3rd Year,P,
2026-08-06,24UAM125,KEERTHANAPRIYA S,3rd Year,P,
2026-08-07,24UAM125,KEERTHANAPRIYA S,3rd Year,P,
2026-08-10,24UAM125,KEERTHANAPRIYA S,3rd Year,P,
2026-08-11,24UAM125,KEERTHANAPRIYA S,3rd Year,A,
2026-08-12,24UAM125,KEERTHANAPRIYA S,3rd Year,P,
2026-08-13,24UAM125,KEERTHANAPRIYA S,3rd Year,P,
2026-08-14,24UAM125,KEERTHANAPRIYA S,3rd Year,P,
2026-08-18,24UAM125,KEERTHANAPRIYA S,3rd Year,P,
2026-08-19,24UAM125,KEERTHANAPRIYA S,3rd Year,P,
2026-08-21,24UAM125,KEERTHANAPRIYA S,3rd Year,P,
2026-08-24,24UAM125,KEERTHANAPRIYA S,3rd Year,A,
2026-08-25,24UAM125,KEERTHANAPRIYA S,3rd Year,A,
2026-09-07,24UAM125,KEERTHANAPRIYA S,3rd Year,P,
2026-09-08,24UAM125,KEERTHANAPRIYA S,3rd Year,P,
2026-09-09,24UAM125,KEERTHANAPRIYA S,3rd Year,P,
2026-09-10,24UAM125,KEERTHANAPRIYA S,3rd Year,P,
2026-09-11,24UAM125,KEERTHANAPRIYA S,3rd Year,P,
2026-09-15,24UAM125,KEERTHANAPRIYA S,3rd Year,P,
2026-09-16,24UAM125,KEERTHANAPRIYA S,3rd Year,A,
2026-09-17,24UAM125,KEERTHANAPRIYA S,3rd Year,A,
2026-09-18,24UAM125,KEERTHANAPRIYA S,3rd Year,A,
2026-09-21,24UAM125,KEERTHANAPRIYA S,3rd Year,A,
2026-09-22,24UAM125,KEERTHANAPRIYA S,3rd Year,P,
2026-09-23,24UAM125,KEERTHANAPRIYA S,3rd Year,P,
2026-09-24,24UAM125,KEERTHANAPRIYA S,3rd Year,P,
2026-09-25,24UAM125,KEERTHANAPRIYA S,3rd Year,P,
2026-09-28,24UAM125,KEERTHANAPRIYA S,3rd Year,P,
2026-09-29,24UAM125,KEERTHANAPRIYA S,3rd Year,P,
2026-09-30,24UAM125,KEERTHANAPRIYA S,3rd Year,P,
2026-10-01,24UAM125,KEERTHANAPRIYA S,3rd Year,P,
2026-10-05,24UAM125,KEERTHANAPRIYA S,3rd Year,P,
2026-08-03,24UAM126,KRITHIKA N,3rd Year,P,
2026-08-04,24UAM126,KRITHIKA N,3rd Year,A,
2026-08-05,24UAM126,KRITHIKA N,3rd Year,A,
2026-08-06,24UAM126,KRITHIKA N,3rd Year,P,
2026-08-07,24UAM126,KRITHIKA N,3rd Year,P,
2026-08-10,24UAM126,KRITHIKA N,3rd Year,P,
2026-08-11,24UAM126,KRITHIKA N,3rd Year,A,
2026-08-12,24UAM126,KRITHIKA N,3rd Year,P,
2026-08-13,24UAM126,KRITHIKA N,3rd Year,P,
2026-08-14,24UAM126,KRITHIKA N,3rd Year,P,
2026-08-18,24UAM126,KRITHIKA N,3rd Year,P,
2026-08-19,24UAM126,KRITHIKA N,3rd Year,P,
2026-08-21,24UAM126,KRITHIKA N,3rd Year,P,
2026-08-24,24UAM126,KRITHIKA N,3rd Year,A,
2026-08-25,24UAM126,KRITHIKA N,3rd Year,A,
2026-09-07,24UAM126,KRITHIKA N,3rd Year,P,
2026-09-08,24UAM126,KRITHIKA N,3rd Year,P,
2026-09-09,24UAM126,KRITHIKA N,3rd Year,P,
2026-09-10,24UAM126,KRITHIKA N,3rd Year,P,
2026-09-11,24UAM126,KRITHIKA N,3rd Year,P,
2026-09-15,24UAM126,KRITHIKA N,3rd Year,P,
2026-09-16,24UAM126,KRITHIKA N,3rd Year,P,
2026-09-17,24UAM126,KRITHIKA N,3rd Year,P,
2026-09-18,24UAM126,KRITHIKA N,3rd Year,P,
2026-09-21,24UAM126,KRITHIKA N,3rd Year,P,
2026-09-22,24UAM126,KRITHIKA N,3rd Year,A,
2026-09-23,24UAM126,KRITHIKA N,3rd Year,P,
2026-09-24,24UAM126,KRITHIKA N,3rd Year,P,
2026-09-25,24UAM126,KRITHIKA N,3rd Year,P,
2026-09-28,24UAM126,KRITHIKA N,3rd Year,P,
2026-09-29,24UAM126,KRITHIKA N,3rd Year,P,
2026-09-30,24UAM126,KRITHIKA N,3rd Year,P,
2026-10-01,24UAM126,KRITHIKA N,3rd Year,P,
2026-10-05,24UAM126,KRITHIKA N,3rd Year,P,
2026-08-03,24UAM133,Mohammed Minhaj .A,3rd Year,P,
2026-08-04,24UAM133,Mohammed Minhaj .A,3rd Year,P,
2026-08-05,24UAM133,Mohammed Minhaj .A,3rd Year,P,
2026-08-06,24UAM133,Mohammed Minhaj .A,3rd Year,P,
2026-08-07,24UAM133,Mohammed Minhaj .A,3rd Year,P,
2026-08-10,24UAM133,Mohammed Minhaj .A,3rd Year,P,
2026-08-11,24UAM133,Mohammed Minhaj .A,3rd Year,P,
2026-08-12,24UAM133,Mohammed Minhaj .A,3rd Year,P,
2026-08-13,24UAM133,Mohammed Minhaj .A,3rd Year,P,
2026-08-14,24UAM133,Mohammed Minhaj .A,3rd Year,P,
2026-08-18,24UAM133,Mohammed Minhaj .A,3rd Year,A,
2026-08-19,24UAM133,Mohammed Minhaj .A,3rd Year,P,
2026-08-21,24UAM133,Mohammed Minhaj .A,3rd Year,P,
2026-08-24,24UAM133,Mohammed Minhaj .A,3rd Year,P,
2026-08-25,24UAM133,Mohammed Minhaj .A,3rd Year,P,
2026-09-07,24UAM133,Mohammed Minhaj .A,3rd Year,P,
2026-09-08,24UAM133,Mohammed Minhaj .A,3rd Year,P,
2026-09-09,24UAM133,Mohammed Minhaj .A,3rd Year,P,
2026-09-10,24UAM133,Mohammed Minhaj .A,3rd Year,P,
2026-09-11,24UAM133,Mohammed Minhaj .A,3rd Year,P,
2026-09-15,24UAM133,Mohammed Minhaj .A,3rd Year,P,
2026-09-16,24UAM133,Mohammed Minhaj .A,3rd Year,P,
2026-09-17,24UAM133,Mohammed Minhaj .A,3rd Year,A,
2026-09-18,24UAM133,Mohammed Minhaj .A,3rd Year,P,
2026-09-21,24UAM133,Mohammed Minhaj .A,3rd Year,P,
2026-09-22,24UAM133,Mohammed Minhaj .A,3rd Year,P,
2026-09-23,24UAM133,Mohammed Minhaj .A,3rd Year,P,
2026-09-24,24UAM133,Mohammed Minhaj .A,3rd Year,P,
2026-09-25,24UAM133,Mohammed Minhaj .A,3rd Year,P,
2026-09-28,24UAM133,Mohammed Minhaj .A,3rd Year,P,
2026-09-29,24UAM133,Mohammed Minhaj .A,3rd Year,P,
2026-09-30,24UAM133,Mohammed Minhaj .A,3rd Year,P,
2026-10-01,24UAM133,Mohammed Minhaj .A,3rd Year,P,
2026-10-05,24UAM133,Mohammed Minhaj .A,3rd Year,P,
2026-08-03,24UAM134,NANDHINI S,3rd Year,P,
2026-08-04,24UAM134,NANDHINI S,3rd Year,P,
2026-08-05,24UAM134,NANDHINI S,3rd Year,P,
2026-08-06,24UAM134,NANDHINI S,3rd Year,P,
2026-08-07,24UAM134,NANDHINI S,3rd Year,P,
2026-08-10,24UAM134,NANDHINI S,3rd Year,P,
2026-08-11,24UAM134,NANDHINI S,3rd Year,P,
2026-08-12,24UAM134,NANDHINI S,3rd Year,P,
2026-08-13,24UAM134,NANDHINI S,3rd Year,P,
2026-08-14,24UAM134,NANDHINI S,3rd Year,P,
2026-08-18,24UAM134,NANDHINI S,3rd Year,A,
2026-08-19,24UAM134,NANDHINI S,3rd Year,P,
2026-08-21,24UAM134,NANDHINI S,3rd Year,P,
2026-08-24,24UAM134,NANDHINI S,3rd Year,P,
2026-08-25,24UAM134,NANDHINI S,3rd Year,P,
2026-09-07,24UAM134,NANDHINI S,3rd Year,P,
2026-09-08,24UAM134,NANDHINI S,3rd Year,P,
2026-09-09,24UAM134,NANDHINI S,3rd Year,P,
2026-09-10,24UAM134,NANDHINI S,3rd Year,P,
2026-09-11,24UAM134,NANDHINI S,3rd Year,P,
2026-09-15,24UAM134,NANDHINI S,3rd Year,P,
2026-09-16,24UAM134,NANDHINI S,3rd Year,A,
2026-09-17,24UAM134,NANDHINI S,3rd Year,P,
2026-09-18,24UAM134,NANDHINI S,3rd Year,P,
2026-09-21,24UAM134,NANDHINI S,3rd Year,P,
2026-09-22,24UAM134,NANDHINI S,3rd Year,P,
2026-09-23,24UAM134,NANDHINI S,3rd Year,P,
2026-09-24,24UAM134,NANDHINI S,3rd Year,P,
2026-09-25,24UAM134,NANDHINI S,3rd Year,P,
2026-09-28,24UAM134,NANDHINI S,3rd Year,P,
2026-09-29,24UAM134,NANDHINI S,3rd Year,P,
2026-09-30,24UAM134,NANDHINI S,3rd Year,P,
2026-10-01,24UAM134,NANDHINI S,3rd Year,P,
2026-10-05,24UAM134,NANDHINI S,3rd Year,P,
2026-08-03,24UAM135,NITHISH A,3rd Year,A,
2026-08-04,24UAM135,NITHISH A,3rd Year,A,
2026-08-05,24UAM135,NITHISH A,3rd Year,A,
2026-08-06,24UAM135,NITHISH A,3rd Year,A,
2026-08-07,24UAM135,NITHISH A,3rd Year,A,
2026-08-10,24UAM135,NITHISH A,3rd Year,A,
2026-08-11,24UAM135,NITHISH A,3rd Year,A,
2026-08-12,24UAM135,NITHISH A,3rd Year,A,
2026-08-13,24UAM135,NITHISH A,3rd Year,A,
2026-08-14,24UAM135,NITHISH A,3rd Year,A,
2026-08-18,24UAM135,NITHISH A,3rd Year,A,
2026-08-19,24UAM135,NITHISH A,3rd Year,A,
2026-08-21,24UAM135,NITHISH A,3rd Year,A,
2026-08-24,24UAM135,NITHISH A,3rd Year,A,
2026-08-25,24UAM135,NITHISH A,3rd Year,A,
2026-09-07,24UAM135,NITHISH A,3rd Year,A,
2026-09-08,24UAM135,NITHISH A,3rd Year,A,
2026-09-09,24UAM135,NITHISH A,3rd Year,A,
2026-09-10,24UAM135,NITHISH A,3rd Year,A,
2026-09-11,24UAM135,NITHISH A,3rd Year,A,
2026-09-15,24UAM135,NITHISH A,3rd Year,P,
2026-09-16,24UAM135,NITHISH A,3rd Year,P,
2026-09-17,24UAM135,NITHISH A,3rd Year,P,
2026-09-18,24UAM135,NITHISH A,3rd Year,P,
2026-09-21,24UAM135,NITHISH A,3rd Year,P,
2026-09-22,24UAM135,NITHISH A,3rd Year,P,
2026-09-23,24UAM135,NITHISH A,3rd Year,P,
2026-09-24,24UAM135,NITHISH A,3rd Year,P,
2026-09-25,24UAM135,NITHISH A,3rd Year,P,
2026-09-28,24UAM135,NITHISH A,3rd Year,A,
2026-09-29,24UAM135,NITHISH A,3rd Year,A,
2026-09-30,24UAM135,NITHISH A,3rd Year,A,
2026-10-01,24UAM135,NITHISH A,3rd Year,A,
2026-10-05,24UAM135,NITHISH A,3rd Year,A,
2026-08-03,24UAM140,RATHISH T,3rd Year,A,
2026-08-04,24UAM140,RATHISH T,3rd Year,A,
2026-08-05,24UAM140,RATHISH T,3rd Year,A,
2026-08-06,24UAM140,RATHISH T,3rd Year,A,
2026-08-07,24UAM140,RATHISH T,3rd Year,A,
2026-08-10,24UAM140,RATHISH T,3rd Year,A,
2026-08-11,24UAM140,RATHISH T,3rd Year,A,
2026-08-12,24UAM140,RATHISH T,3rd Year,A,
2026-08-13,24UAM140,RATHISH T,3rd Year,A,
2026-08-14,24UAM140,RATHISH T,3rd Year,A,
2026-08-18,24UAM140,RATHISH T,3rd Year,P,
2026-08-19,24UAM140,RATHISH T,3rd Year,P,
2026-08-21,24UAM140,RATHISH T,3rd Year,P,
2026-08-24,24UAM140,RATHISH T,3rd Year,P,
2026-08-25,24UAM140,RATHISH T,3rd Year,P,
2026-09-07,24UAM140,RATHISH T,3rd Year,P,
2026-09-08,24UAM140,RATHISH T,3rd Year,P,
2026-09-09,24UAM140,RATHISH T,3rd Year,P,
2026-09-10,24UAM140,RATHISH T,3rd Year,P,
2026-09-11,24UAM140,RATHISH T,3rd Year,P,
2026-09-15,24UAM140,RATHISH T,3rd Year,P,
2026-09-16,24UAM140,RATHISH T,3rd Year,P,
2026-09-17,24UAM140,RATHISH T,3rd Year,P,
2026-09-18,24UAM140,RATHISH T,3rd Year,P,
2026-09-21,24UAM140,RATHISH T,3rd Year,P,
2026-09-22,24UAM140,RATHISH T,3rd Year,P,
2026-09-23,24UAM140,RATHISH T,3rd Year,P,
2026-09-24,24UAM140,RATHISH T,3rd Year,P,
2026-09-25,24UAM140,RATHISH T,3rd Year,P,
2026-09-28,24UAM140,RATHISH T,3rd Year,P,
2026-09-29,24UAM140,RATHISH T,3rd Year,P,
2026-09-30,24UAM140,RATHISH T,3rd Year,P,
2026-10-01,24UAM140,RATHISH T,3rd Year,P,
2026-10-05,24UAM140,RATHISH T,3rd Year,P,
2026-08-03,24UAM147,SANTHIYA M,3rd Year,P,
2026-08-04,24UAM147,SANTHIYA M,3rd Year,P,
2026-08-05,24UAM147,SANTHIYA M,3rd Year,P,
2026-08-06,24UAM147,SANTHIYA M,3rd Year,P,
2026-08-07,24UAM147,SANTHIYA M,3rd Year,P,
2026-08-10,24UAM147,SANTHIYA M,3rd Year,P,
2026-08-11,24UAM147,SANTHIYA M,3rd Year,P,
2026-08-12,24UAM147,SANTHIYA M,3rd Year,P,
2026-08-13,24UAM147,SANTHIYA M,3rd Year,P,
2026-08-14,24UAM147,SANTHIYA M,3rd Year,P,
2026-08-18,24UAM147,SANTHIYA M,3rd Year,P,
2026-08-19,24UAM147,SANTHIYA M,3rd Year,P,
2026-08-21,24UAM147,SANTHIYA M,3rd Year,P,
2026-08-24,24UAM147,SANTHIYA M,3rd Year,P,
2026-08-25,24UAM147,SANTHIYA M,3rd Year,P,
2026-09-07,24UAM147,SANTHIYA M,3rd Year,P,
2026-09-08,24UAM147,SANTHIYA M,3rd Year,P,
2026-09-09,24UAM147,SANTHIYA M,3rd Year,P,
2026-09-10,24UAM147,SANTHIYA M,3rd Year,P,
2026-09-11,24UAM147,SANTHIYA M,3rd Year,P,
2026-09-15,24UAM147,SANTHIYA M,3rd Year,P,
2026-09-16,24UAM147,SANTHIYA M,3rd Year,P,
2026-09-17,24UAM147,SANTHIYA M,3rd Year,P,
2026-09-18,24UAM147,SANTHIYA M,3rd Year,P,
2026-09-21,24UAM147,SANTHIYA M,3rd Year,P,
2026-09-22,24UAM147,SANTHIYA M,3rd Year,P,
2026-09-23,24UAM147,SANTHIYA M,3rd Year,P,
2026-09-24,24UAM147,SANTHIYA M,3rd Year,P,
2026-09-25,24UAM147,SANTHIYA M,3rd Year,P,
2026-09-28,24UAM147,SANTHIYA M,3rd Year,P,
2026-09-29,24UAM147,SANTHIYA M,3rd Year,P,
2026-09-30,24UAM147,SANTHIYA M,3rd Year,P,
2026-10-01,24UAM147,SANTHIYA M,3rd Year,P,
2026-10-05,24UAM147,SANTHIYA M,3rd Year,A,
2026-08-03,24UAM151,SHWETHA S,3rd Year,P,
2026-08-04,24UAM151,SHWETHA S,3rd Year,A,
2026-08-05,24UAM151,SHWETHA S,3rd Year,P,
2026-08-06,24UAM151,SHWETHA S,3rd Year,P,
2026-08-07,24UAM151,SHWETHA S,3rd Year,P,
2026-08-10,24UAM151,SHWETHA S,3rd Year,P,
2026-08-11,24UAM151,SHWETHA S,3rd Year,A,
2026-08-12,24UAM151,SHWETHA S,3rd Year,P,
2026-08-13,24UAM151,SHWETHA S,3rd Year,P,
2026-08-14,24UAM151,SHWETHA S,3rd Year,P,
2026-08-18,24UAM151,SHWETHA S,3rd Year,P,
2026-08-19,24UAM151,SHWETHA S,3rd Year,P,
2026-08-21,24UAM151,SHWETHA S,3rd Year,P,
2026-08-24,24UAM151,SHWETHA S,3rd Year,A,
2026-08-25,24UAM151,SHWETHA S,3rd Year,A,
2026-09-07,24UAM151,SHWETHA S,3rd Year,P,
2026-09-08,24UAM151,SHWETHA S,3rd Year,P,
2026-09-09,24UAM151,SHWETHA S,3rd Year,P,
2026-09-10,24UAM151,SHWETHA S,3rd Year,P,
2026-09-11,24UAM151,SHWETHA S,3rd Year,A,
2026-09-15,24UAM151,SHWETHA S,3rd Year,A,
2026-09-16,24UAM151,SHWETHA S,3rd Year,P,
2026-09-17,24UAM151,SHWETHA S,3rd Year,P,
2026-09-18,24UAM151,SHWETHA S,3rd Year,P,
2026-09-21,24UAM151,SHWETHA S,3rd Year,P,
2026-09-22,24UAM151,SHWETHA S,3rd Year,P,
2026-09-23,24UAM151,SHWETHA S,3rd Year,P,
2026-09-24,24UAM151,SHWETHA S,3rd Year,P,
2026-09-25,24UAM151,SHWETHA S,3rd Year,P,
2026-09-28,24UAM151,SHWETHA S,3rd Year,P,
2026-09-29,24UAM151,SHWETHA S,3rd Year,P,
2026-09-30,24UAM151,SHWETHA S,3rd Year,A,
2026-10-01,24UAM151,SHWETHA S,3rd Year,P,
2026-10-05,24UAM151,SHWETHA S,3rd Year,P,
2026-08-03,24UAM159,SRUTHI R,3rd Year,P,
2026-08-04,24UAM159,SRUTHI R,3rd Year,A,
2026-08-05,24UAM159,SRUTHI R,3rd Year,P,
2026-08-06,24UAM159,SRUTHI R,3rd Year,P,
2026-08-07,24UAM159,SRUTHI R,3rd Year,P,
2026-08-10,24UAM159,SRUTHI R,3rd Year,P,
2026-08-11,24UAM159,SRUTHI R,3rd Year,P,
2026-08-12,24UAM159,SRUTHI R,3rd Year,P,
2026-08-13,24UAM159,SRUTHI R,3rd Year,P,
2026-08-14,24UAM159,SRUTHI R,3rd Year,P,
2026-08-18,24UAM159,SRUTHI R,3rd Year,P,
2026-08-19,24UAM159,SRUTHI R,3rd Year,P,
2026-08-21,24UAM159,SRUTHI R,3rd Year,P,
2026-08-24,24UAM159,SRUTHI R,3rd Year,A,
2026-08-25,24UAM159,SRUTHI R,3rd Year,A,
2026-09-07,24UAM159,SRUTHI R,3rd Year,A,
2026-09-08,24UAM159,SRUTHI R,3rd Year,P,
2026-09-09,24UAM159,SRUTHI R,3rd Year,P,
2026-09-10,24UAM159,SRUTHI R,3rd Year,P,
2026-09-11,24UAM159,SRUTHI R,3rd Year,A,
2026-09-15,24UAM159,SRUTHI R,3rd Year,A,
2026-09-16,24UAM159,SRUTHI R,3rd Year,A,
2026-09-17,24UAM159,SRUTHI R,3rd Year,A,
2026-09-18,24UAM159,SRUTHI R,3rd Year,A,
2026-09-21,24UAM159,SRUTHI R,3rd Year,A,
2026-09-22,24UAM159,SRUTHI R,3rd Year,A,
2026-09-23,24UAM159,SRUTHI R,3rd Year,A,
2026-09-24,24UAM159,SRUTHI R,3rd Year,A,
2026-09-25,24UAM159,SRUTHI R,3rd Year,A,
2026-09-28,24UAM159,SRUTHI R,3rd Year,A,
2026-09-29,24UAM159,SRUTHI R,3rd Year,A,
2026-09-30,24UAM159,SRUTHI R,3rd Year,A,
2026-10-01,24UAM159,SRUTHI R,3rd Year,A,
2026-10-05,24UAM159,SRUTHI R,3rd Year,A,
2026-08-03,24UAM160,VAISHNAVI S,3rd Year,P,
2026-08-04,24UAM160,VAISHNAVI S,3rd Year,P,
2026-08-05,24UAM160,VAISHNAVI S,3rd Year,P,
2026-08-06,24UAM160,VAISHNAVI S,3rd Year,P,
2026-08-07,24UAM160,VAISHNAVI S,3rd Year,P,
2026-08-10,24UAM160,VAISHNAVI S,3rd Year,P,
2026-08-11,24UAM160,VAISHNAVI S,3rd Year,P,
2026-08-12,24UAM160,VAISHNAVI S,3rd Year,P,
2026-08-13,24UAM160,VAISHNAVI S,3rd Year,P,
2026-08-14,24UAM160,VAISHNAVI S,3rd Year,P,
2026-08-18,24UAM160,VAISHNAVI S,3rd Year,P,
2026-08-19,24UAM160,VAISHNAVI S,3rd Year,P,
2026-08-21,24UAM160,VAISHNAVI S,3rd Year,P,
2026-08-24,24UAM160,VAISHNAVI S,3rd Year,P,
2026-08-25,24UAM160,VAISHNAVI S,3rd Year,P,
2026-09-07,24UAM160,VAISHNAVI S,3rd Year,P,
2026-09-08,24UAM160,VAISHNAVI S,3rd Year,P,
2026-09-09,24UAM160,VAISHNAVI S,3rd Year,P,
2026-09-10,24UAM160,VAISHNAVI S,3rd Year,P,
2026-09-11,24UAM160,VAISHNAVI S,3rd Year,P,
2026-09-15,24UAM160,VAISHNAVI S,3rd Year,P,
2026-09-16,24UAM160,VAISHNAVI S,3rd Year,P,
2026-09-17,24UAM160,VAISHNAVI S,3rd Year,P,
2026-09-18,24UAM160,VAISHNAVI S,3rd Year,P,
2026-09-21,24UAM160,VAISHNAVI S,3rd Year,P,
2026-09-22,24UAM160,VAISHNAVI S,3rd Year,P,
2026-09-23,24UAM160,VAISHNAVI S,3rd Year,P,
2026-09-24,24UAM160,VAISHNAVI S,3rd Year,P,
2026-09-25,24UAM160,VAISHNAVI S,3rd Year,P,
2026-09-28,24UAM160,VAISHNAVI S,3rd Year,P,
2026-09-29,24UAM160,VAISHNAVI S,3rd Year,A,
2026-09-30,24UAM160,VAISHNAVI S,3rd Year,P,
2026-10-01,24UAM160,VAISHNAVI S,3rd Year,P,
2026-10-05,24UAM160,VAISHNAVI S,3rd Year,P,
2026-08-03,24UAM701,KISHORE M,3rd Year,A,
2026-08-04,24UAM701,KISHORE M,3rd Year,A,
2026-08-05,24UAM701,KISHORE M,3rd Year,A,
2026-08-06,24UAM701,KISHORE M,3rd Year,A,
2026-08-07,24UAM701,KISHORE M,3rd Year,A,
2026-08-10,24UAM701,KISHORE M,3rd Year,A,
2026-08-11,24UAM701,KISHORE M,3rd Year,A,
2026-08-12,24UAM701,KISHORE M,3rd Year,A,
2026-08-13,24UAM701,KISHORE M,3rd Year,A,
2026-08-14,24UAM701,KISHORE M,3rd Year,A,
2026-08-17,24UAM701,KISHORE M,3rd Year,A,
2026-08-18,24UAM701,KISHORE M,3rd Year,A,
2026-08-19,24UAM701,KISHORE M,3rd Year,A,
2026-08-21,24UAM701,KISHORE M,3rd Year,A,
2026-08-24,24UAM701,KISHORE M,3rd Year,A,
2026-08-25,24UAM701,KISHORE M,3rd Year,A,
2026-09-07,24UAM701,KISHORE M,3rd Year,P,
2026-09-08,24UAM701,KISHORE M,3rd Year,A,
2026-09-09,24UAM701,KISHORE M,3rd Year,P,
2026-09-10,24UAM701,KISHORE M,3rd Year,P,
2026-09-11,24UAM701,KISHORE M,3rd Year,P,
2026-09-15,24UAM701,KISHORE M,3rd Year,A,
2026-09-16,24UAM701,KISHORE M,3rd Year,A,
2026-09-17,24UAM701,KISHORE M,3rd Year,A,
2026-09-18,24UAM701,KISHORE M,3rd Year,A,
2026-09-21,24UAM701,KISHORE M,3rd Year,A,
2026-09-22,24UAM701,KISHORE M,3rd Year,A,
2026-09-23,24UAM701,KISHORE M,3rd Year,A,
2026-09-24,24UAM701,KISHORE M,3rd Year,P,
2026-09-25,24UAM701,KISHORE M,3rd Year,A,
2026-09-28,24UAM701,KISHORE M,3rd Year,A,
2026-09-29,24UAM701,KISHORE M,3rd Year,A,
2026-09-30,24UAM701,KISHORE M,3rd Year,A,
2026-10-01,24UAM701,KISHORE M,3rd Year,A,
2026-10-05,24UAM701,KISHORE M,3rd Year,A,
2026-08-03,24UCB101,ABDUL RAHMAN U,3rd Year,A,
2026-08-04,24UCB101,ABDUL RAHMAN U,3rd Year,A,
2026-08-05,24UCB101,ABDUL RAHMAN U,3rd Year,P,
2026-08-06,24UCB101,ABDUL RAHMAN U,3rd Year,P,
2026-08-07,24UCB101,ABDUL RAHMAN U,3rd Year,P,
2026-08-10,24UCB101,ABDUL RAHMAN U,3rd Year,P,
2026-08-11,24UCB101,ABDUL RAHMAN U,3rd Year,A,
2026-08-12,24UCB101,ABDUL RAHMAN U,3rd Year,P,
2026-08-13,24UCB101,ABDUL RAHMAN U,3rd Year,P,
2026-08-14,24UCB101,ABDUL RAHMAN U,3rd Year,P,
2026-08-18,24UCB101,ABDUL RAHMAN U,3rd Year,P,
2026-08-19,24UCB101,ABDUL RAHMAN U,3rd Year,P,
2026-08-21,24UCB101,ABDUL RAHMAN U,3rd Year,P,
2026-08-24,24UCB101,ABDUL RAHMAN U,3rd Year,A,
2026-08-25,24UCB101,ABDUL RAHMAN U,3rd Year,A,
2026-09-07,24UCB101,ABDUL RAHMAN U,3rd Year,A,
2026-09-08,24UCB101,ABDUL RAHMAN U,3rd Year,P,
2026-09-09,24UCB101,ABDUL RAHMAN U,3rd Year,P,
2026-09-10,24UCB101,ABDUL RAHMAN U,3rd Year,P,
2026-09-11,24UCB101,ABDUL RAHMAN U,3rd Year,P,
2026-09-15,24UCB101,ABDUL RAHMAN U,3rd Year,P,
2026-09-16,24UCB101,ABDUL RAHMAN U,3rd Year,P,
2026-09-17,24UCB101,ABDUL RAHMAN U,3rd Year,A,
2026-09-18,24UCB101,ABDUL RAHMAN U,3rd Year,A,
2026-09-21,24UCB101,ABDUL RAHMAN U,3rd Year,P,
2026-09-22,24UCB101,ABDUL RAHMAN U,3rd Year,P,
2026-09-23,24UCB101,ABDUL RAHMAN U,3rd Year,A,
2026-09-24,24UCB101,ABDUL RAHMAN U,3rd Year,P,
2026-09-25,24UCB101,ABDUL RAHMAN U,3rd Year,P,
2026-09-28,24UCB101,ABDUL RAHMAN U,3rd Year,P,
2026-09-29,24UCB101,ABDUL RAHMAN U,3rd Year,P,
2026-09-30,24UCB101,ABDUL RAHMAN U,3rd Year,P,
2026-10-01,24UCB101,ABDUL RAHMAN U,3rd Year,P,
2026-10-05,24UCB101,ABDUL RAHMAN U,3rd Year,A,
2026-08-03,24UCB106,AMMUSRI A,3rd Year,A,
2026-08-04,24UCB106,AMMUSRI A,3rd Year,A,
2026-08-05,24UCB106,AMMUSRI A,3rd Year,P,
2026-08-06,24UCB106,AMMUSRI A,3rd Year,P,
2026-08-07,24UCB106,AMMUSRI A,3rd Year,P,
2026-08-10,24UCB106,AMMUSRI A,3rd Year,P,
2026-08-11,24UCB106,AMMUSRI A,3rd Year,A,
2026-08-12,24UCB106,AMMUSRI A,3rd Year,P,
2026-08-13,24UCB106,AMMUSRI A,3rd Year,P,
2026-08-14,24UCB106,AMMUSRI A,3rd Year,P,
2026-08-18,24UCB106,AMMUSRI A,3rd Year,P,
2026-08-19,24UCB106,AMMUSRI A,3rd Year,P,
2026-08-21,24UCB106,AMMUSRI A,3rd Year,P,
2026-08-24,24UCB106,AMMUSRI A,3rd Year,P,
2026-08-25,24UCB106,AMMUSRI A,3rd Year,P,
2026-09-07,24UCB106,AMMUSRI A,3rd Year,P,
2026-09-08,24UCB106,AMMUSRI A,3rd Year,A,
2026-09-09,24UCB106,AMMUSRI A,3rd Year,A,
2026-09-10,24UCB106,AMMUSRI A,3rd Year,A,
2026-09-11,24UCB106,AMMUSRI A,3rd Year,A,
2026-09-15,24UCB106,AMMUSRI A,3rd Year,P,
2026-09-16,24UCB106,AMMUSRI A,3rd Year,P,
2026-09-17,24UCB106,AMMUSRI A,3rd Year,P,
2026-09-18,24UCB106,AMMUSRI A,3rd Year,P,
2026-09-21,24UCB106,AMMUSRI A,3rd Year,P,
2026-09-22,24UCB106,AMMUSRI A,3rd Year,P,
2026-09-23,24UCB106,AMMUSRI A,3rd Year,P,
2026-09-24,24UCB106,AMMUSRI A,3rd Year,P,
2026-09-25,24UCB106,AMMUSRI A,3rd Year,P,
2026-09-28,24UCB106,AMMUSRI A,3rd Year,P,
2026-09-29,24UCB106,AMMUSRI A,3rd Year,P,
2026-09-30,24UCB106,AMMUSRI A,3rd Year,P,
2026-10-01,24UCB106,AMMUSRI A,3rd Year,P,
2026-10-05,24UCB106,AMMUSRI A,3rd Year,P,
2026-08-03,24UCB107,ASHVATTHAA J,3rd Year,A,
2026-08-04,24UCB107,ASHVATTHAA J,3rd Year,A,
2026-08-05,24UCB107,ASHVATTHAA J,3rd Year,P,
2026-08-06,24UCB107,ASHVATTHAA J,3rd Year,P,
2026-08-07,24UCB107,ASHVATTHAA J,3rd Year,P,
2026-08-10,24UCB107,ASHVATTHAA J,3rd Year,P,
2026-08-11,24UCB107,ASHVATTHAA J,3rd Year,A,
2026-08-12,24UCB107,ASHVATTHAA J,3rd Year,P,
2026-08-13,24UCB107,ASHVATTHAA J,3rd Year,P,
2026-08-14,24UCB107,ASHVATTHAA J,3rd Year,P,
2026-08-18,24UCB107,ASHVATTHAA J,3rd Year,A,
2026-08-19,24UCB107,ASHVATTHAA J,3rd Year,A,
2026-08-21,24UCB107,ASHVATTHAA J,3rd Year,P,
2026-08-24,24UCB107,ASHVATTHAA J,3rd Year,A,
2026-08-25,24UCB107,ASHVATTHAA J,3rd Year,A,
2026-09-07,24UCB107,ASHVATTHAA J,3rd Year,A,
2026-09-08,24UCB107,ASHVATTHAA J,3rd Year,A,
2026-09-09,24UCB107,ASHVATTHAA J,3rd Year,A,
2026-09-10,24UCB107,ASHVATTHAA J,3rd Year,A,
2026-09-11,24UCB107,ASHVATTHAA J,3rd Year,A,
2026-09-15,24UCB107,ASHVATTHAA J,3rd Year,A,
2026-09-16,24UCB107,ASHVATTHAA J,3rd Year,A,
2026-09-17,24UCB107,ASHVATTHAA J,3rd Year,A,
2026-09-18,24UCB107,ASHVATTHAA J,3rd Year,A,
2026-09-21,24UCB107,ASHVATTHAA J,3rd Year,A,
2026-09-22,24UCB107,ASHVATTHAA J,3rd Year,A,
2026-09-23,24UCB107,ASHVATTHAA J,3rd Year,P,
2026-09-24,24UCB107,ASHVATTHAA J,3rd Year,P,
2026-09-25,24UCB107,ASHVATTHAA J,3rd Year,P,
2026-09-28,24UCB107,ASHVATTHAA J,3rd Year,A,
2026-09-29,24UCB107,ASHVATTHAA J,3rd Year,A,
2026-09-30,24UCB107,ASHVATTHAA J,3rd Year,A,
2026-10-01,24UCB107,ASHVATTHAA J,3rd Year,A,
2026-10-05,24UCB107,ASHVATTHAA J,3rd Year,A,
2026-08-03,24UCB112,DURGA DEVI S,3rd Year,A,
2026-08-04,24UCB112,DURGA DEVI S,3rd Year,A,
2026-08-05,24UCB112,DURGA DEVI S,3rd Year,P,
2026-08-06,24UCB112,DURGA DEVI S,3rd Year,P,
2026-08-07,24UCB112,DURGA DEVI S,3rd Year,P,
2026-08-10,24UCB112,DURGA DEVI S,3rd Year,P,
2026-08-11,24UCB112,DURGA DEVI S,3rd Year,A,
2026-08-12,24UCB112,DURGA DEVI S,3rd Year,P,
2026-08-13,24UCB112,DURGA DEVI S,3rd Year,P,
2026-08-14,24UCB112,DURGA DEVI S,3rd Year,P,
2026-08-18,24UCB112,DURGA DEVI S,3rd Year,P,
2026-08-19,24UCB112,DURGA DEVI S,3rd Year,P,
2026-08-21,24UCB112,DURGA DEVI S,3rd Year,P,
2026-08-24,24UCB112,DURGA DEVI S,3rd Year,P,
2026-08-25,24UCB112,DURGA DEVI S,3rd Year,P,
2026-09-07,24UCB112,DURGA DEVI S,3rd Year,P,
2026-09-08,24UCB112,DURGA DEVI S,3rd Year,P,
2026-09-09,24UCB112,DURGA DEVI S,3rd Year,P,
2026-09-10,24UCB112,DURGA DEVI S,3rd Year,P,
2026-09-11,24UCB112,DURGA DEVI S,3rd Year,P,
2026-09-15,24UCB112,DURGA DEVI S,3rd Year,A,
2026-09-16,24UCB112,DURGA DEVI S,3rd Year,P,
2026-09-17,24UCB112,DURGA DEVI S,3rd Year,P,
2026-09-18,24UCB112,DURGA DEVI S,3rd Year,P,
2026-09-21,24UCB112,DURGA DEVI S,3rd Year,P,
2026-09-22,24UCB112,DURGA DEVI S,3rd Year,P,
2026-09-23,24UCB112,DURGA DEVI S,3rd Year,P,
2026-09-24,24UCB112,DURGA DEVI S,3rd Year,P,
2026-09-25,24UCB112,DURGA DEVI S,3rd Year,P,
2026-09-28,24UCB112,DURGA DEVI S,3rd Year,P,
2026-09-29,24UCB112,DURGA DEVI S,3rd Year,P,
2026-09-30,24UCB112,DURGA DEVI S,3rd Year,P,
2026-10-01,24UCB112,DURGA DEVI S,3rd Year,P,
2026-10-05,24UCB112,DURGA DEVI S,3rd Year,A,
2026-08-03,24UCB115,HARINI S,3rd Year,A,
2026-08-04,24UCB115,HARINI S,3rd Year,A,
2026-08-05,24UCB115,HARINI S,3rd Year,A,
2026-08-06,24UCB115,HARINI S,3rd Year,A,
2026-08-07,24UCB115,HARINI S,3rd Year,P,
2026-08-10,24UCB115,HARINI S,3rd Year,P,
2026-08-11,24UCB115,HARINI S,3rd Year,A,
2026-08-12,24UCB115,HARINI S,3rd Year,P,
2026-08-13,24UCB115,HARINI S,3rd Year,P,
2026-08-14,24UCB115,HARINI S,3rd Year,P,
2026-08-18,24UCB115,HARINI S,3rd Year,P,
2026-08-19,24UCB115,HARINI S,3rd Year,P,
2026-08-21,24UCB115,HARINI S,3rd Year,P,
2026-08-24,24UCB115,HARINI S,3rd Year,A,
2026-08-25,24UCB115,HARINI S,3rd Year,A,
2026-09-07,24UCB115,HARINI S,3rd Year,P,
2026-09-08,24UCB115,HARINI S,3rd Year,P,
2026-09-09,24UCB115,HARINI S,3rd Year,P,
2026-09-10,24UCB115,HARINI S,3rd Year,A,
2026-09-11,24UCB115,HARINI S,3rd Year,P,
2026-09-15,24UCB115,HARINI S,3rd Year,P,
2026-09-16,24UCB115,HARINI S,3rd Year,P,
2026-09-17,24UCB115,HARINI S,3rd Year,P,
2026-09-18,24UCB115,HARINI S,3rd Year,P,
2026-09-21,24UCB115,HARINI S,3rd Year,P,
2026-09-22,24UCB115,HARINI S,3rd Year,P,
2026-09-23,24UCB115,HARINI S,3rd Year,P,
2026-09-24,24UCB115,HARINI S,3rd Year,P,
2026-09-25,24UCB115,HARINI S,3rd Year,P,
2026-09-28,24UCB115,HARINI S,3rd Year,P,
2026-09-29,24UCB115,HARINI S,3rd Year,P,
2026-09-30,24UCB115,HARINI S,3rd Year,P,
2026-10-01,24UCB115,HARINI S,3rd Year,P,
2026-10-05,24UCB115,HARINI S,3rd Year,P,
2026-08-03,24UCB118,JENIFER R,3rd Year,P,
2026-08-04,24UCB118,JENIFER R,3rd Year,P,
2026-08-05,24UCB118,JENIFER R,3rd Year,P,
2026-08-06,24UCB118,JENIFER R,3rd Year,P,
2026-08-07,24UCB118,JENIFER R,3rd Year,P,
2026-08-10,24UCB118,JENIFER R,3rd Year,P,
2026-08-11,24UCB118,JENIFER R,3rd Year,P,
2026-08-12,24UCB118,JENIFER R,3rd Year,P,
2026-08-13,24UCB118,JENIFER R,3rd Year,P,
2026-08-14,24UCB118,JENIFER R,3rd Year,P,
2026-08-18,24UCB118,JENIFER R,3rd Year,P,
2026-08-19,24UCB118,JENIFER R,3rd Year,P,
2026-08-21,24UCB118,JENIFER R,3rd Year,P,
2026-08-24,24UCB118,JENIFER R,3rd Year,A,
2026-08-25,24UCB118,JENIFER R,3rd Year,P,
2026-09-07,24UCB118,JENIFER R,3rd Year,P,
2026-09-08,24UCB118,JENIFER R,3rd Year,P,
2026-09-09,24UCB118,JENIFER R,3rd Year,P,
2026-09-10,24UCB118,JENIFER R,3rd Year,P,
2026-09-11,24UCB118,JENIFER R,3rd Year,P,
2026-09-15,24UCB118,JENIFER R,3rd Year,A,
2026-09-16,24UCB118,JENIFER R,3rd Year,P,
2026-09-17,24UCB118,JENIFER R,3rd Year,P,
2026-09-18,24UCB118,JENIFER R,3rd Year,P,
2026-09-21,24UCB118,JENIFER R,3rd Year,P,
2026-09-22,24UCB118,JENIFER R,3rd Year,P,
2026-09-23,24UCB118,JENIFER R,3rd Year,P,
2026-09-24,24UCB118,JENIFER R,3rd Year,A,
2026-09-25,24UCB118,JENIFER R,3rd Year,A,
2026-09-28,24UCB118,JENIFER R,3rd Year,P,
2026-09-29,24UCB118,JENIFER R,3rd Year,P,
2026-09-30,24UCB118,JENIFER R,3rd Year,P,
2026-10-01,24UCB118,JENIFER R,3rd Year,P,
2026-10-05,24UCB118,JENIFER R,3rd Year,P,
2026-08-03,24UCB119,JERSHINA BLESSY P,3rd Year,A,
2026-08-04,24UCB119,JERSHINA BLESSY P,3rd Year,A,
2026-08-05,24UCB119,JERSHINA BLESSY P,3rd Year,A,
2026-08-06,24UCB119,JERSHINA BLESSY P,3rd Year,P,
2026-08-07,24UCB119,JERSHINA BLESSY P,3rd Year,P,
2026-08-10,24UCB119,JERSHINA BLESSY P,3rd Year,P,
2026-08-11,24UCB119,JERSHINA BLESSY P,3rd Year,A,
2026-08-12,24UCB119,JERSHINA BLESSY P,3rd Year,P,
2026-08-13,24UCB119,JERSHINA BLESSY P,3rd Year,P,
2026-08-14,24UCB119,JERSHINA BLESSY P,3rd Year,P,
2026-08-18,24UCB119,JERSHINA BLESSY P,3rd Year,P,
2026-08-19,24UCB119,JERSHINA BLESSY P,3rd Year,P,
2026-08-21,24UCB119,JERSHINA BLESSY P,3rd Year,P,
2026-08-24,24UCB119,JERSHINA BLESSY P,3rd Year,A,
2026-08-25,24UCB119,JERSHINA BLESSY P,3rd Year,A,
2026-09-07,24UCB119,JERSHINA BLESSY P,3rd Year,P,
2026-09-08,24UCB119,JERSHINA BLESSY P,3rd Year,P,
2026-09-09,24UCB119,JERSHINA BLESSY P,3rd Year,P,
2026-09-10,24UCB119,JERSHINA BLESSY P,3rd Year,P,
2026-09-11,24UCB119,JERSHINA BLESSY P,3rd Year,P,
2026-09-15,24UCB119,JERSHINA BLESSY P,3rd Year,P,
2026-09-16,24UCB119,JERSHINA BLESSY P,3rd Year,P,
2026-09-17,24UCB119,JERSHINA BLESSY P,3rd Year,P,
2026-09-18,24UCB119,JERSHINA BLESSY P,3rd Year,P,
2026-09-21,24UCB119,JERSHINA BLESSY P,3rd Year,P,
2026-09-22,24UCB119,JERSHINA BLESSY P,3rd Year,P,
2026-09-23,24UCB119,JERSHINA BLESSY P,3rd Year,P,
2026-09-24,24UCB119,JERSHINA BLESSY P,3rd Year,P,
2026-09-25,24UCB119,JERSHINA BLESSY P,3rd Year,P,
2026-09-28,24UCB119,JERSHINA BLESSY P,3rd Year,P,
2026-09-29,24UCB119,JERSHINA BLESSY P,3rd Year,P,
2026-09-30,24UCB119,JERSHINA BLESSY P,3rd Year,P,
2026-10-01,24UCB119,JERSHINA BLESSY P,3rd Year,P,
2026-10-05,24UCB119,JERSHINA BLESSY P,3rd Year,P,
2026-08-03,24UCB122,KAVIYA V,3rd Year,P,
2026-08-04,24UCB122,KAVIYA V,3rd Year,A,
2026-08-05,24UCB122,KAVIYA V,3rd Year,P,
2026-08-06,24UCB122,KAVIYA V,3rd Year,P,
2026-08-07,24UCB122,KAVIYA V,3rd Year,P,
2026-08-10,24UCB122,KAVIYA V,3rd Year,P,
2026-08-11,24UCB122,KAVIYA V,3rd Year,A,
2026-08-12,24UCB122,KAVIYA V,3rd Year,P,
2026-08-13,24UCB122,KAVIYA V,3rd Year,P,
2026-08-14,24UCB122,KAVIYA V,3rd Year,A,
2026-08-18,24UCB122,KAVIYA V,3rd Year,P,
2026-08-19,24UCB122,KAVIYA V,3rd Year,P,
2026-08-21,24UCB122,KAVIYA V,3rd Year,P,
2026-08-24,24UCB122,KAVIYA V,3rd Year,P,
2026-08-25,24UCB122,KAVIYA V,3rd Year,A,
2026-09-07,24UCB122,KAVIYA V,3rd Year,P,
2026-09-08,24UCB122,KAVIYA V,3rd Year,P,
2026-09-09,24UCB122,KAVIYA V,3rd Year,P,
2026-09-10,24UCB122,KAVIYA V,3rd Year,P,
2026-09-11,24UCB122,KAVIYA V,3rd Year,P,
2026-09-15,24UCB122,KAVIYA V,3rd Year,A,
2026-09-16,24UCB122,KAVIYA V,3rd Year,A,
2026-09-17,24UCB122,KAVIYA V,3rd Year,P,
2026-09-18,24UCB122,KAVIYA V,3rd Year,P,
2026-09-21,24UCB122,KAVIYA V,3rd Year,P,
2026-09-22,24UCB122,KAVIYA V,3rd Year,P,
2026-09-23,24UCB122,KAVIYA V,3rd Year,P,
2026-09-24,24UCB122,KAVIYA V,3rd Year,P,
2026-09-25,24UCB122,KAVIYA V,3rd Year,A,
2026-09-28,24UCB122,KAVIYA V,3rd Year,P,
2026-09-29,24UCB122,KAVIYA V,3rd Year,P,
2026-09-30,24UCB122,KAVIYA V,3rd Year,P,
2026-10-01,24UCB122,KAVIYA V,3rd Year,P,
2026-10-05,24UCB122,KAVIYA V,3rd Year,P,
2026-08-03,24UCB124,KISHORE JOTHISH N,3rd Year,A,
2026-08-04,24UCB124,KISHORE JOTHISH N,3rd Year,A,
2026-08-05,24UCB124,KISHORE JOTHISH N,3rd Year,A,
2026-08-06,24UCB124,KISHORE JOTHISH N,3rd Year,A,
2026-08-07,24UCB124,KISHORE JOTHISH N,3rd Year,A,
2026-08-10,24UCB124,KISHORE JOTHISH N,3rd Year,A,
2026-08-11,24UCB124,KISHORE JOTHISH N,3rd Year,A,
2026-08-12,24UCB124,KISHORE JOTHISH N,3rd Year,A,
2026-08-13,24UCB124,KISHORE JOTHISH N,3rd Year,A,
2026-08-14,24UCB124,KISHORE JOTHISH N,3rd Year,A,
2026-08-18,24UCB124,KISHORE JOTHISH N,3rd Year,P,
2026-08-19,24UCB124,KISHORE JOTHISH N,3rd Year,P,
2026-08-21,24UCB124,KISHORE JOTHISH N,3rd Year,P,
2026-08-24,24UCB124,KISHORE JOTHISH N,3rd Year,P,
2026-08-25,24UCB124,KISHORE JOTHISH N,3rd Year,A,
2026-09-07,24UCB124,KISHORE JOTHISH N,3rd Year,P,
2026-09-08,24UCB124,KISHORE JOTHISH N,3rd Year,A,
2026-09-09,24UCB124,KISHORE JOTHISH N,3rd Year,A,
2026-09-10,24UCB124,KISHORE JOTHISH N,3rd Year,P,
2026-09-11,24UCB124,KISHORE JOTHISH N,3rd Year,P,
2026-09-15,24UCB124,KISHORE JOTHISH N,3rd Year,P,
2026-09-16,24UCB124,KISHORE JOTHISH N,3rd Year,P,
2026-09-17,24UCB124,KISHORE JOTHISH N,3rd Year,P,
2026-09-18,24UCB124,KISHORE JOTHISH N,3rd Year,P,
2026-09-21,24UCB124,KISHORE JOTHISH N,3rd Year,P,
2026-09-22,24UCB124,KISHORE JOTHISH N,3rd Year,P,
2026-09-23,24UCB124,KISHORE JOTHISH N,3rd Year,P,
2026-09-24,24UCB124,KISHORE JOTHISH N,3rd Year,P,
2026-09-25,24UCB124,KISHORE JOTHISH N,3rd Year,P,
2026-09-28,24UCB124,KISHORE JOTHISH N,3rd Year,P,
2026-09-29,24UCB124,KISHORE JOTHISH N,3rd Year,P,
2026-09-30,24UCB124,KISHORE JOTHISH N,3rd Year,P,
2026-10-01,24UCB124,KISHORE JOTHISH N,3rd Year,P,
2026-10-05,24UCB124,KISHORE JOTHISH N,3rd Year,A,
2026-08-03,24UCB130,MOWNAVARSHINI S,3rd Year,P,
2026-08-04,24UCB130,MOWNAVARSHINI S,3rd Year,P,
2026-08-05,24UCB130,MOWNAVARSHINI S,3rd Year,P,
2026-08-06,24UCB130,MOWNAVARSHINI S,3rd Year,P,
2026-08-07,24UCB130,MOWNAVARSHINI S,3rd Year,P,
2026-08-10,24UCB130,MOWNAVARSHINI S,3rd Year,P,
2026-08-11,24UCB130,MOWNAVARSHINI S,3rd Year,P,
2026-08-12,24UCB130,MOWNAVARSHINI S,3rd Year,P,
2026-08-13,24UCB130,MOWNAVARSHINI S,3rd Year,P,
2026-08-14,24UCB130,MOWNAVARSHINI S,3rd Year,P,
2026-08-18,24UCB130,MOWNAVARSHINI S,3rd Year,P,
2026-08-19,24UCB130,MOWNAVARSHINI S,3rd Year,P,
2026-08-21,24UCB130,MOWNAVARSHINI S,3rd Year,P,
2026-08-24,24UCB130,MOWNAVARSHINI S,3rd Year,A,
2026-08-25,24UCB130,MOWNAVARSHINI S,3rd Year,P,
2026-09-07,24UCB130,MOWNAVARSHINI S,3rd Year,P,
2026-09-08,24UCB130,MOWNAVARSHINI S,3rd Year,P,
2026-09-09,24UCB130,MOWNAVARSHINI S,3rd Year,P,
2026-09-10,24UCB130,MOWNAVARSHINI S,3rd Year,P,
2026-09-11,24UCB130,MOWNAVARSHINI S,3rd Year,P,
2026-09-15,24UCB130,MOWNAVARSHINI S,3rd Year,P,
2026-09-16,24UCB130,MOWNAVARSHINI S,3rd Year,P,
2026-09-17,24UCB130,MOWNAVARSHINI S,3rd Year,P,
2026-09-18,24UCB130,MOWNAVARSHINI S,3rd Year,P,
2026-09-21,24UCB130,MOWNAVARSHINI S,3rd Year,A,
2026-09-22,24UCB130,MOWNAVARSHINI S,3rd Year,A,
2026-09-23,24UCB130,MOWNAVARSHINI S,3rd Year,P,
2026-09-24,24UCB130,MOWNAVARSHINI S,3rd Year,P,
2026-09-25,24UCB130,MOWNAVARSHINI S,3rd Year,P,
2026-09-28,24UCB130,MOWNAVARSHINI S,3rd Year,P,
2026-09-29,24UCB130,MOWNAVARSHINI S,3rd Year,P,
2026-09-30,24UCB130,MOWNAVARSHINI S,3rd Year,P,
2026-10-01,24UCB130,MOWNAVARSHINI S,3rd Year,P,
2026-10-05,24UCB130,MOWNAVARSHINI S,3rd Year,P,
2026-08-03,24UCB132,MUTHU PRIYA B,3rd Year,P,
2026-08-04,24UCB132,MUTHU PRIYA B,3rd Year,P,
2026-08-05,24UCB132,MUTHU PRIYA B,3rd Year,P,
2026-08-06,24UCB132,MUTHU PRIYA B,3rd Year,P,
2026-08-07,24UCB132,MUTHU PRIYA B,3rd Year,P,
2026-08-10,24UCB132,MUTHU PRIYA B,3rd Year,P,
2026-08-11,24UCB132,MUTHU PRIYA B,3rd Year,P,
2026-08-12,24UCB132,MUTHU PRIYA B,3rd Year,P,
2026-08-13,24UCB132,MUTHU PRIYA B,3rd Year,P,
2026-08-14,24UCB132,MUTHU PRIYA B,3rd Year,P,
2026-08-18,24UCB132,MUTHU PRIYA B,3rd Year,P,
2026-08-19,24UCB132,MUTHU PRIYA B,3rd Year,P,
2026-08-21,24UCB132,MUTHU PRIYA B,3rd Year,P,
2026-08-24,24UCB132,MUTHU PRIYA B,3rd Year,A,
2026-08-25,24UCB132,MUTHU PRIYA B,3rd Year,A,
2026-09-07,24UCB132,MUTHU PRIYA B,3rd Year,P,
2026-09-08,24UCB132,MUTHU PRIYA B,3rd Year,P,
2026-09-09,24UCB132,MUTHU PRIYA B,3rd Year,P,
2026-09-10,24UCB132,MUTHU PRIYA B,3rd Year,P,
2026-09-11,24UCB132,MUTHU PRIYA B,3rd Year,P,
2026-09-15,24UCB132,MUTHU PRIYA B,3rd Year,A,
2026-09-16,24UCB132,MUTHU PRIYA B,3rd Year,P,
2026-09-17,24UCB132,MUTHU PRIYA B,3rd Year,P,
2026-09-18,24UCB132,MUTHU PRIYA B,3rd Year,P,
2026-09-21,24UCB132,MUTHU PRIYA B,3rd Year,P,
2026-09-22,24UCB132,MUTHU PRIYA B,3rd Year,P,
2026-09-23,24UCB132,MUTHU PRIYA B,3rd Year,P,
2026-09-24,24UCB132,MUTHU PRIYA B,3rd Year,A,
2026-09-25,24UCB132,MUTHU PRIYA B,3rd Year,A,
2026-09-28,24UCB132,MUTHU PRIYA B,3rd Year,P,
2026-09-29,24UCB132,MUTHU PRIYA B,3rd Year,P,
2026-09-30,24UCB132,MUTHU PRIYA B,3rd Year,P,
2026-10-01,24UCB132,MUTHU PRIYA B,3rd Year,P,
2026-10-05,24UCB132,MUTHU PRIYA B,3rd Year,P,
2026-08-03,24UCB133,NAKSHATHRA S,3rd Year,P,
2026-08-04,24UCB133,NAKSHATHRA S,3rd Year,P,
2026-08-05,24UCB133,NAKSHATHRA S,3rd Year,P,
2026-08-06,24UCB133,NAKSHATHRA S,3rd Year,P,
2026-08-07,24UCB133,NAKSHATHRA S,3rd Year,P,
2026-08-10,24UCB133,NAKSHATHRA S,3rd Year,P,
2026-08-11,24UCB133,NAKSHATHRA S,3rd Year,P,
2026-08-12,24UCB133,NAKSHATHRA S,3rd Year,P,
2026-08-13,24UCB133,NAKSHATHRA S,3rd Year,P,
2026-08-14,24UCB133,NAKSHATHRA S,3rd Year,P,
2026-08-18,24UCB133,NAKSHATHRA S,3rd Year,A,
2026-08-19,24UCB133,NAKSHATHRA S,3rd Year,P,
2026-08-21,24UCB133,NAKSHATHRA S,3rd Year,P,
2026-08-24,24UCB133,NAKSHATHRA S,3rd Year,P,
2026-08-25,24UCB133,NAKSHATHRA S,3rd Year,A,
2026-09-07,24UCB133,NAKSHATHRA S,3rd Year,P,
2026-09-08,24UCB133,NAKSHATHRA S,3rd Year,P,
2026-09-09,24UCB133,NAKSHATHRA S,3rd Year,P,
2026-09-10,24UCB133,NAKSHATHRA S,3rd Year,A,
2026-09-11,24UCB133,NAKSHATHRA S,3rd Year,P,
2026-09-15,24UCB133,NAKSHATHRA S,3rd Year,P,
2026-09-16,24UCB133,NAKSHATHRA S,3rd Year,P,
2026-09-17,24UCB133,NAKSHATHRA S,3rd Year,P,
2026-09-18,24UCB133,NAKSHATHRA S,3rd Year,P,
2026-09-21,24UCB133,NAKSHATHRA S,3rd Year,P,
2026-09-22,24UCB133,NAKSHATHRA S,3rd Year,P,
2026-09-23,24UCB133,NAKSHATHRA S,3rd Year,P,
2026-09-24,24UCB133,NAKSHATHRA S,3rd Year,A,
2026-09-25,24UCB133,NAKSHATHRA S,3rd Year,P,
2026-09-28,24UCB133,NAKSHATHRA S,3rd Year,P,
2026-09-29,24UCB133,NAKSHATHRA S,3rd Year,P,
2026-09-30,24UCB133,NAKSHATHRA S,3rd Year,P,
2026-10-01,24UCB133,NAKSHATHRA S,3rd Year,P,
2026-10-05,24UCB133,NAKSHATHRA S,3rd Year,P,
2026-08-03,24UCB135,NISHANTHI S,3rd Year,P,
2026-08-04,24UCB135,NISHANTHI S,3rd Year,P,
2026-08-05,24UCB135,NISHANTHI S,3rd Year,P,
2026-08-06,24UCB135,NISHANTHI S,3rd Year,P,
2026-08-07,24UCB135,NISHANTHI S,3rd Year,P,
2026-08-10,24UCB135,NISHANTHI S,3rd Year,P,
2026-08-11,24UCB135,NISHANTHI S,3rd Year,P,
2026-08-12,24UCB135,NISHANTHI S,3rd Year,P,
2026-08-13,24UCB135,NISHANTHI S,3rd Year,P,
2026-08-14,24UCB135,NISHANTHI S,3rd Year,P,
2026-08-18,24UCB135,NISHANTHI S,3rd Year,P,
2026-08-19,24UCB135,NISHANTHI S,3rd Year,P,
2026-08-21,24UCB135,NISHANTHI S,3rd Year,P,
2026-08-24,24UCB135,NISHANTHI S,3rd Year,A,
2026-08-25,24UCB135,NISHANTHI S,3rd Year,P,
2026-09-07,24UCB135,NISHANTHI S,3rd Year,P,
2026-09-08,24UCB135,NISHANTHI S,3rd Year,P,
2026-09-09,24UCB135,NISHANTHI S,3rd Year,P,
2026-09-10,24UCB135,NISHANTHI S,3rd Year,P,
2026-09-11,24UCB135,NISHANTHI S,3rd Year,A,
2026-09-15,24UCB135,NISHANTHI S,3rd Year,P,
2026-09-16,24UCB135,NISHANTHI S,3rd Year,P,
2026-09-17,24UCB135,NISHANTHI S,3rd Year,A,
2026-09-18,24UCB135,NISHANTHI S,3rd Year,P,
2026-09-21,24UCB135,NISHANTHI S,3rd Year,P,
2026-09-22,24UCB135,NISHANTHI S,3rd Year,P,
2026-09-23,24UCB135,NISHANTHI S,3rd Year,P,
2026-09-24,24UCB135,NISHANTHI S,3rd Year,P,
2026-09-25,24UCB135,NISHANTHI S,3rd Year,P,
2026-09-28,24UCB135,NISHANTHI S,3rd Year,P,
2026-09-29,24UCB135,NISHANTHI S,3rd Year,P,
2026-09-30,24UCB135,NISHANTHI S,3rd Year,P,
2026-10-01,24UCB135,NISHANTHI S,3rd Year,P,
2026-10-05,24UCB135,NISHANTHI S,3rd Year,P,
2026-08-03,24UCB137,PRAGATI A,3rd Year,A,
2026-08-04,24UCB137,PRAGATI A,3rd Year,A,
2026-08-05,24UCB137,PRAGATI A,3rd Year,A,
2026-08-06,24UCB137,PRAGATI A,3rd Year,P,
2026-08-07,24UCB137,PRAGATI A,3rd Year,A,
2026-08-10,24UCB137,PRAGATI A,3rd Year,P,
2026-08-11,24UCB137,PRAGATI A,3rd Year,A,
2026-08-12,24UCB137,PRAGATI A,3rd Year,P,
2026-08-13,24UCB137,PRAGATI A,3rd Year,P,
2026-08-14,24UCB137,PRAGATI A,3rd Year,A,
2026-08-18,24UCB137,PRAGATI A,3rd Year,A,
2026-08-19,24UCB137,PRAGATI A,3rd Year,P,
2026-08-21,24UCB137,PRAGATI A,3rd Year,P,
2026-08-24,24UCB137,PRAGATI A,3rd Year,P,
2026-08-25,24UCB137,PRAGATI A,3rd Year,A,
2026-09-07,24UCB137,PRAGATI A,3rd Year,A,
2026-09-08,24UCB137,PRAGATI A,3rd Year,A,
2026-09-09,24UCB137,PRAGATI A,3rd Year,A,
2026-09-10,24UCB137,PRAGATI A,3rd Year,P,
2026-09-11,24UCB137,PRAGATI A,3rd Year,P,
2026-09-15,24UCB137,PRAGATI A,3rd Year,P,
2026-09-16,24UCB137,PRAGATI A,3rd Year,P,
2026-09-17,24UCB137,PRAGATI A,3rd Year,P,
2026-09-18,24UCB137,PRAGATI A,3rd Year,P,
2026-09-21,24UCB137,PRAGATI A,3rd Year,P,
2026-09-22,24UCB137,PRAGATI A,3rd Year,P,
2026-09-23,24UCB137,PRAGATI A,3rd Year,P,
2026-09-24,24UCB137,PRAGATI A,3rd Year,P,
2026-09-25,24UCB137,PRAGATI A,3rd Year,P,
2026-09-28,24UCB137,PRAGATI A,3rd Year,A,
2026-09-29,24UCB137,PRAGATI A,3rd Year,P,
2026-09-30,24UCB137,PRAGATI A,3rd Year,P,
2026-10-01,24UCB137,PRAGATI A,3rd Year,P,
2026-10-05,24UCB137,PRAGATI A,3rd Year,P,
2026-08-03,24UCB140,RESHMA B,3rd Year,A,
2026-08-04,24UCB140,RESHMA B,3rd Year,A,
2026-08-05,24UCB140,RESHMA B,3rd Year,A,
2026-08-06,24UCB140,RESHMA B,3rd Year,P,
2026-08-07,24UCB140,RESHMA B,3rd Year,A,
2026-08-10,24UCB140,RESHMA B,3rd Year,P,
2026-08-11,24UCB140,RESHMA B,3rd Year,A,
2026-08-12,24UCB140,RESHMA B,3rd Year,P,
2026-08-13,24UCB140,RESHMA B,3rd Year,P,
2026-08-14,24UCB140,RESHMA B,3rd Year,P,
2026-08-18,24UCB140,RESHMA B,3rd Year,P,
2026-08-19,24UCB140,RESHMA B,3rd Year,P,
2026-08-21,24UCB140,RESHMA B,3rd Year,P,
2026-08-24,24UCB140,RESHMA B,3rd Year,P,
2026-08-25,24UCB140,RESHMA B,3rd Year,A,
2026-09-07,24UCB140,RESHMA B,3rd Year,A,
2026-09-08,24UCB140,RESHMA B,3rd Year,P,
2026-09-09,24UCB140,RESHMA B,3rd Year,P,
2026-09-10,24UCB140,RESHMA B,3rd Year,P,
2026-09-11,24UCB140,RESHMA B,3rd Year,P,
2026-09-15,24UCB140,RESHMA B,3rd Year,P,
2026-09-16,24UCB140,RESHMA B,3rd Year,P,
2026-09-17,24UCB140,RESHMA B,3rd Year,A,
2026-09-18,24UCB140,RESHMA B,3rd Year,P,
2026-09-21,24UCB140,RESHMA B,3rd Year,P,
2026-09-22,24UCB140,RESHMA B,3rd Year,P,
2026-09-23,24UCB140,RESHMA B,3rd Year,P,
2026-09-24,24UCB140,RESHMA B,3rd Year,P,
2026-09-25,24UCB140,RESHMA B,3rd Year,P,
2026-09-28,24UCB140,RESHMA B,3rd Year,P,
2026-09-29,24UCB140,RESHMA B,3rd Year,P,
2026-09-30,24UCB140,RESHMA B,3rd Year,P,
2026-10-01,24UCB140,RESHMA B,3rd Year,P,
2026-10-05,24UCB140,RESHMA B,3rd Year,P,
2026-08-03,24UCB145,SANJANAA S G,3rd Year,A,
2026-08-04,24UCB145,SANJANAA S G,3rd Year,A,
2026-08-05,24UCB145,SANJANAA S G,3rd Year,A,
2026-08-06,24UCB145,SANJANAA S G,3rd Year,A,
2026-08-07,24UCB145,SANJANAA S G,3rd Year,A,
2026-08-10,24UCB145,SANJANAA S G,3rd Year,P,
2026-08-11,24UCB145,SANJANAA S G,3rd Year,A,
2026-08-12,24UCB145,SANJANAA S G,3rd Year,A,
2026-08-13,24UCB145,SANJANAA S G,3rd Year,A,
2026-08-14,24UCB145,SANJANAA S G,3rd Year,A,
2026-08-18,24UCB145,SANJANAA S G,3rd Year,P,
2026-08-19,24UCB145,SANJANAA S G,3rd Year,P,
2026-08-21,24UCB145,SANJANAA S G,3rd Year,P,
2026-08-24,24UCB145,SANJANAA S G,3rd Year,A,
2026-08-25,24UCB145,SANJANAA S G,3rd Year,P,
2026-09-07,24UCB145,SANJANAA S G,3rd Year,P,
2026-09-08,24UCB145,SANJANAA S G,3rd Year,P,
2026-09-09,24UCB145,SANJANAA S G,3rd Year,P,
2026-09-10,24UCB145,SANJANAA S G,3rd Year,P,
2026-09-11,24UCB145,SANJANAA S G,3rd Year,P,
2026-09-15,24UCB145,SANJANAA S G,3rd Year,P,
2026-09-16,24UCB145,SANJANAA S G,3rd Year,P,
2026-09-17,24UCB145,SANJANAA S G,3rd Year,P,
2026-09-18,24UCB145,SANJANAA S G,3rd Year,P,
2026-09-21,24UCB145,SANJANAA S G,3rd Year,A,
2026-09-22,24UCB145,SANJANAA S G,3rd Year,P,
2026-09-23,24UCB145,SANJANAA S G,3rd Year,P,
2026-09-24,24UCB145,SANJANAA S G,3rd Year,A,
2026-09-25,24UCB145,SANJANAA S G,3rd Year,A,
2026-09-28,24UCB145,SANJANAA S G,3rd Year,A,
2026-09-29,24UCB145,SANJANAA S G,3rd Year,A,
2026-09-30,24UCB145,SANJANAA S G,3rd Year,A,
2026-10-01,24UCB145,SANJANAA S G,3rd Year,P,
2026-10-05,24UCB145,SANJANAA S G,3rd Year,P,
2026-08-03,24UCB149,SARVAJIT M,3rd Year,A,
2026-08-04,24UCB149,SARVAJIT M,3rd Year,A,
2026-08-05,24UCB149,SARVAJIT M,3rd Year,A,
2026-08-06,24UCB149,SARVAJIT M,3rd Year,A,
2026-08-07,24UCB149,SARVAJIT M,3rd Year,P,
2026-08-10,24UCB149,SARVAJIT M,3rd Year,A,
2026-08-11,24UCB149,SARVAJIT M,3rd Year,P,
2026-08-12,24UCB149,SARVAJIT M,3rd Year,A,
2026-08-13,24UCB149,SARVAJIT M,3rd Year,P,
2026-08-14,24UCB149,SARVAJIT M,3rd Year,A,
2026-08-18,24UCB149,SARVAJIT M,3rd Year,A,
2026-08-19,24UCB149,SARVAJIT M,3rd Year,P,
2026-08-21,24UCB149,SARVAJIT M,3rd Year,P,
2026-08-24,24UCB149,SARVAJIT M,3rd Year,P,
2026-08-25,24UCB149,SARVAJIT M,3rd Year,A,
2026-09-07,24UCB149,SARVAJIT M,3rd Year,P,
2026-09-08,24UCB149,SARVAJIT M,3rd Year,P,
2026-09-09,24UCB149,SARVAJIT M,3rd Year,P,
2026-09-10,24UCB149,SARVAJIT M,3rd Year,P,
2026-09-11,24UCB149,SARVAJIT M,3rd Year,P,
2026-09-15,24UCB149,SARVAJIT M,3rd Year,A,
2026-09-16,24UCB149,SARVAJIT M,3rd Year,P,
2026-09-17,24UCB149,SARVAJIT M,3rd Year,A,
2026-09-18,24UCB149,SARVAJIT M,3rd Year,A,
2026-09-21,24UCB149,SARVAJIT M,3rd Year,A,
2026-09-22,24UCB149,SARVAJIT M,3rd Year,A,
2026-09-23,24UCB149,SARVAJIT M,3rd Year,A,
2026-09-24,24UCB149,SARVAJIT M,3rd Year,P,
2026-09-25,24UCB149,SARVAJIT M,3rd Year,A,
2026-09-28,24UCB149,SARVAJIT M,3rd Year,P,
2026-09-29,24UCB149,SARVAJIT M,3rd Year,A,
2026-09-30,24UCB149,SARVAJIT M,3rd Year,P,
2026-10-01,24UCB149,SARVAJIT M,3rd Year,P,
2026-10-05,24UCB149,SARVAJIT M,3rd Year,A,
2026-08-03,24UCB153,SHWETHA S,3rd Year,P,
2026-08-04,24UCB153,SHWETHA S,3rd Year,A,
2026-08-05,24UCB153,SHWETHA S,3rd Year,P,
2026-08-06,24UCB153,SHWETHA S,3rd Year,P,
2026-08-07,24UCB153,SHWETHA S,3rd Year,P,
2026-08-10,24UCB153,SHWETHA S,3rd Year,P,
2026-08-11,24UCB153,SHWETHA S,3rd Year,A,
2026-08-12,24UCB153,SHWETHA S,3rd Year,P,
2026-08-13,24UCB153,SHWETHA S,3rd Year,P,
2026-08-14,24UCB153,SHWETHA S,3rd Year,P,
2026-08-18,24UCB153,SHWETHA S,3rd Year,P,
2026-08-19,24UCB153,SHWETHA S,3rd Year,P,
2026-08-21,24UCB153,SHWETHA S,3rd Year,A,
2026-08-24,24UCB153,SHWETHA S,3rd Year,P,
2026-08-25,24UCB153,SHWETHA S,3rd Year,A,
2026-09-07,24UCB153,SHWETHA S,3rd Year,P,
2026-09-08,24UCB153,SHWETHA S,3rd Year,P,
2026-09-09,24UCB153,SHWETHA S,3rd Year,P,
2026-09-10,24UCB153,SHWETHA S,3rd Year,P,
2026-09-11,24UCB153,SHWETHA S,3rd Year,P,
2026-09-15,24UCB153,SHWETHA S,3rd Year,P,
2026-09-16,24UCB153,SHWETHA S,3rd Year,P,
2026-09-17,24UCB153,SHWETHA S,3rd Year,A,
2026-09-18,24UCB153,SHWETHA S,3rd Year,P,
2026-09-21,24UCB153,SHWETHA S,3rd Year,P,
2026-09-22,24UCB153,SHWETHA S,3rd Year,P,
2026-09-23,24UCB153,SHWETHA S,3rd Year,P,
2026-09-24,24UCB153,SHWETHA S,3rd Year,P,
2026-09-25,24UCB153,SHWETHA S,3rd Year,A,
2026-09-28,24UCB153,SHWETHA S,3rd Year,P,
2026-09-29,24UCB153,SHWETHA S,3rd Year,P,
2026-09-30,24UCB153,SHWETHA S,3rd Year,P,
2026-10-01,24UCB153,SHWETHA S,3rd Year,P,
2026-10-05,24UCB153,SHWETHA S,3rd Year,P,
2026-08-03,24UCB158,SUNIL CASTRO J,3rd Year,A,
2026-08-04,24UCB158,SUNIL CASTRO J,3rd Year,A,
2026-08-05,24UCB158,SUNIL CASTRO J,3rd Year,A,
2026-08-06,24UCB158,SUNIL CASTRO J,3rd Year,P,
2026-08-07,24UCB158,SUNIL CASTRO J,3rd Year,A,
2026-08-10,24UCB158,SUNIL CASTRO J,3rd Year,A,
2026-08-11,24UCB158,SUNIL CASTRO J,3rd Year,A,
2026-08-12,24UCB158,SUNIL CASTRO J,3rd Year,A,
2026-08-13,24UCB158,SUNIL CASTRO J,3rd Year,A,
2026-08-14,24UCB158,SUNIL CASTRO J,3rd Year,A,
2026-08-18,24UCB158,SUNIL CASTRO J,3rd Year,A,
2026-08-19,24UCB158,SUNIL CASTRO J,3rd Year,P,
2026-08-21,24UCB158,SUNIL CASTRO J,3rd Year,P,
2026-08-24,24UCB158,SUNIL CASTRO J,3rd Year,P,
2026-08-25,24UCB158,SUNIL CASTRO J,3rd Year,A,
2026-09-07,24UCB158,SUNIL CASTRO J,3rd Year,A,
2026-09-08,24UCB158,SUNIL CASTRO J,3rd Year,P,
2026-09-09,24UCB158,SUNIL CASTRO J,3rd Year,P,
2026-09-10,24UCB158,SUNIL CASTRO J,3rd Year,P,
2026-09-11,24UCB158,SUNIL CASTRO J,3rd Year,P,
2026-09-15,24UCB158,SUNIL CASTRO J,3rd Year,A,
2026-09-16,24UCB158,SUNIL CASTRO J,3rd Year,A,
2026-09-17,24UCB158,SUNIL CASTRO J,3rd Year,P,
2026-09-18,24UCB158,SUNIL CASTRO J,3rd Year,A,
2026-09-21,24UCB158,SUNIL CASTRO J,3rd Year,A,
2026-09-22,24UCB158,SUNIL CASTRO J,3rd Year,P,
2026-09-23,24UCB158,SUNIL CASTRO J,3rd Year,P,
2026-09-24,24UCB158,SUNIL CASTRO J,3rd Year,P,
2026-09-25,24UCB158,SUNIL CASTRO J,3rd Year,A,
2026-09-28,24UCB158,SUNIL CASTRO J,3rd Year,P,
2026-09-29,24UCB158,SUNIL CASTRO J,3rd Year,P,
2026-09-30,24UCB158,SUNIL CASTRO J,3rd Year,P,
2026-10-01,24UCB158,SUNIL CASTRO J,3rd Year,P,
2026-10-05,24UCB158,SUNIL CASTRO J,3rd Year,P,
2026-08-03,24UCB161,VARSHINI M,3rd Year,A,
2026-08-04,24UCB161,VARSHINI M,3rd Year,A,
2026-08-05,24UCB161,VARSHINI M,3rd Year,A,
2026-08-06,24UCB161,VARSHINI M,3rd Year,P,
2026-08-07,24UCB161,VARSHINI M,3rd Year,P,
2026-08-10,24UCB161,VARSHINI M,3rd Year,P,
2026-08-11,24UCB161,VARSHINI M,3rd Year,A,
2026-08-12,24UCB161,VARSHINI M,3rd Year,P,
2026-08-13,24UCB161,VARSHINI M,3rd Year,A,
2026-08-14,24UCB161,VARSHINI M,3rd Year,A,
2026-08-18,24UCB161,VARSHINI M,3rd Year,P,
2026-08-19,24UCB161,VARSHINI M,3rd Year,A,
2026-08-21,24UCB161,VARSHINI M,3rd Year,A,
2026-08-24,24UCB161,VARSHINI M,3rd Year,A,
2026-08-25,24UCB161,VARSHINI M,3rd Year,A,
2026-09-07,24UCB161,VARSHINI M,3rd Year,A,
2026-09-08,24UCB161,VARSHINI M,3rd Year,P,
2026-09-09,24UCB161,VARSHINI M,3rd Year,P,
2026-09-10,24UCB161,VARSHINI M,3rd Year,P,
2026-09-11,24UCB161,VARSHINI M,3rd Year,P,
2026-09-15,24UCB161,VARSHINI M,3rd Year,P,
2026-09-16,24UCB161,VARSHINI M,3rd Year,P,
2026-09-17,24UCB161,VARSHINI M,3rd Year,A,
2026-09-18,24UCB161,VARSHINI M,3rd Year,P,
2026-09-21,24UCB161,VARSHINI M,3rd Year,P,
2026-09-22,24UCB161,VARSHINI M,3rd Year,P,
2026-09-23,24UCB161,VARSHINI M,3rd Year,P,
2026-09-24,24UCB161,VARSHINI M,3rd Year,P,
2026-09-25,24UCB161,VARSHINI M,3rd Year,P,
2026-09-28,24UCB161,VARSHINI M,3rd Year,P,
2026-09-29,24UCB161,VARSHINI M,3rd Year,P,
2026-09-30,24UCB161,VARSHINI M,3rd Year,P,
2026-10-01,24UCB161,VARSHINI M,3rd Year,P,
2026-10-05,24UCB161,VARSHINI M,3rd Year,P,
2026-08-03,24UCB162,VINOSHIYA R,3rd Year,P,
2026-08-04,24UCB162,VINOSHIYA R,3rd Year,A,
2026-08-05,24UCB162,VINOSHIYA R,3rd Year,A,
2026-08-06,24UCB162,VINOSHIYA R,3rd Year,P,
2026-08-07,24UCB162,VINOSHIYA R,3rd Year,P,
2026-08-10,24UCB162,VINOSHIYA R,3rd Year,P,
2026-08-11,24UCB162,VINOSHIYA R,3rd Year,A,
2026-08-12,24UCB162,VINOSHIYA R,3rd Year,P,
2026-08-13,24UCB162,VINOSHIYA R,3rd Year,P,
2026-08-14,24UCB162,VINOSHIYA R,3rd Year,P,
2026-08-18,24UCB162,VINOSHIYA R,3rd Year,P,
2026-08-19,24UCB162,VINOSHIYA R,3rd Year,A,
2026-08-21,24UCB162,VINOSHIYA R,3rd Year,A,
2026-08-24,24UCB162,VINOSHIYA R,3rd Year,P,
2026-08-25,24UCB162,VINOSHIYA R,3rd Year,A,
2026-09-07,24UCB162,VINOSHIYA R,3rd Year,A,
2026-09-08,24UCB162,VINOSHIYA R,3rd Year,P,
2026-09-09,24UCB162,VINOSHIYA R,3rd Year,P,
2026-09-10,24UCB162,VINOSHIYA R,3rd Year,P,
2026-09-11,24UCB162,VINOSHIYA R,3rd Year,P,
2026-09-15,24UCB162,VINOSHIYA R,3rd Year,A,
2026-09-16,24UCB162,VINOSHIYA R,3rd Year,P,
2026-09-17,24UCB162,VINOSHIYA R,3rd Year,P,
2026-09-18,24UCB162,VINOSHIYA R,3rd Year,P,
2026-09-21,24UCB162,VINOSHIYA R,3rd Year,P,
2026-09-22,24UCB162,VINOSHIYA R,3rd Year,P,
2026-09-23,24UCB162,VINOSHIYA R,3rd Year,P,
2026-09-24,24UCB162,VINOSHIYA R,3rd Year,P,
2026-09-25,24UCB162,VINOSHIYA R,3rd Year,P,
2026-09-28,24UCB162,VINOSHIYA R,3rd Year,P,
2026-09-29,24UCB162,VINOSHIYA R,3rd Year,P,
2026-09-30,24UCB162,VINOSHIYA R,3rd Year,P,
2026-10-01,24UCB162,VINOSHIYA R,3rd Year,P,
2026-10-05,24UCB162,VINOSHIYA R,3rd Year,P,
2026-08-03,24UCS101,AADHIRA M,3rd Year,A,
2026-08-04,24UCS101,AADHIRA M,3rd Year,A,
2026-08-05,24UCS101,AADHIRA M,3rd Year,P,
2026-08-06,24UCS101,AADHIRA M,3rd Year,P,
2026-08-07,24UCS101,AADHIRA M,3rd Year,P,
2026-08-10,24UCS101,AADHIRA M,3rd Year,P,
2026-08-11,24UCS101,AADHIRA M,3rd Year,A,
2026-08-12,24UCS101,AADHIRA M,3rd Year,P,
2026-08-13,24UCS101,AADHIRA M,3rd Year,P,
2026-08-14,24UCS101,AADHIRA M,3rd Year,P,
2026-08-18,24UCS101,AADHIRA M,3rd Year,A,
2026-08-19,24UCS101,AADHIRA M,3rd Year,P,
2026-08-21,24UCS101,AADHIRA M,3rd Year,P,
2026-08-24,24UCS101,AADHIRA M,3rd Year,A,
2026-08-25,24UCS101,AADHIRA M,3rd Year,A,
2026-09-07,24UCS101,AADHIRA M,3rd Year,A,
2026-09-08,24UCS101,AADHIRA M,3rd Year,P,
2026-09-09,24UCS101,AADHIRA M,3rd Year,P,
2026-09-10,24UCS101,AADHIRA M,3rd Year,P,
2026-09-11,24UCS101,AADHIRA M,3rd Year,P,
2026-09-15,24UCS101,AADHIRA M,3rd Year,P,
2026-09-16,24UCS101,AADHIRA M,3rd Year,P,
2026-09-17,24UCS101,AADHIRA M,3rd Year,P,
2026-09-18,24UCS101,AADHIRA M,3rd Year,P,
2026-09-21,24UCS101,AADHIRA M,3rd Year,P,
2026-09-22,24UCS101,AADHIRA M,3rd Year,P,
2026-09-23,24UCS101,AADHIRA M,3rd Year,P,
2026-09-24,24UCS101,AADHIRA M,3rd Year,P,
2026-09-25,24UCS101,AADHIRA M,3rd Year,P,
2026-09-28,24UCS101,AADHIRA M,3rd Year,P,
2026-09-29,24UCS101,AADHIRA M,3rd Year,P,
2026-09-30,24UCS101,AADHIRA M,3rd Year,P,
2026-10-01,24UCS101,AADHIRA M,3rd Year,P,
2026-10-05,24UCS101,AADHIRA M,3rd Year,P,
2026-08-03,24UCS102,ABDUL RAFI N,3rd Year,A,
2026-08-04,24UCS102,ABDUL RAFI N,3rd Year,A,
2026-08-05,24UCS102,ABDUL RAFI N,3rd Year,P,
2026-08-06,24UCS102,ABDUL RAFI N,3rd Year,P,
2026-08-07,24UCS102,ABDUL RAFI N,3rd Year,P,
2026-08-10,24UCS102,ABDUL RAFI N,3rd Year,P,
2026-08-11,24UCS102,ABDUL RAFI N,3rd Year,A,
2026-08-12,24UCS102,ABDUL RAFI N,3rd Year,P,
2026-08-13,24UCS102,ABDUL RAFI N,3rd Year,P,
2026-08-14,24UCS102,ABDUL RAFI N,3rd Year,P,
2026-08-18,24UCS102,ABDUL RAFI N,3rd Year,P,
2026-08-19,24UCS102,ABDUL RAFI N,3rd Year,A,
2026-08-21,24UCS102,ABDUL RAFI N,3rd Year,P,
2026-08-24,24UCS102,ABDUL RAFI N,3rd Year,P,
2026-08-25,24UCS102,ABDUL RAFI N,3rd Year,A,
2026-09-07,24UCS102,ABDUL RAFI N,3rd Year,P,
2026-09-08,24UCS102,ABDUL RAFI N,3rd Year,P,
2026-09-09,24UCS102,ABDUL RAFI N,3rd Year,P,
2026-09-10,24UCS102,ABDUL RAFI N,3rd Year,P,
2026-09-11,24UCS102,ABDUL RAFI N,3rd Year,P,
2026-09-15,24UCS102,ABDUL RAFI N,3rd Year,P,
2026-09-16,24UCS102,ABDUL RAFI N,3rd Year,P,
2026-09-17,24UCS102,ABDUL RAFI N,3rd Year,P,
2026-09-18,24UCS102,ABDUL RAFI N,3rd Year,A,
2026-09-21,24UCS102,ABDUL RAFI N,3rd Year,P,
2026-09-22,24UCS102,ABDUL RAFI N,3rd Year,P,
2026-09-23,24UCS102,ABDUL RAFI N,3rd Year,P,
2026-09-24,24UCS102,ABDUL RAFI N,3rd Year,P,
2026-09-25,24UCS102,ABDUL RAFI N,3rd Year,P,
2026-09-28,24UCS102,ABDUL RAFI N,3rd Year,P,
2026-09-29,24UCS102,ABDUL RAFI N,3rd Year,P,
2026-09-30,24UCS102,ABDUL RAFI N,3rd Year,P,
2026-10-01,24UCS102,ABDUL RAFI N,3rd Year,P,
2026-10-05,24UCS102,ABDUL RAFI N,3rd Year,A,
2026-08-03,24UCS106,AMARNATH V,3rd Year,A,
2026-08-04,24UCS106,AMARNATH V,3rd Year,A,
2026-08-05,24UCS106,AMARNATH V,3rd Year,P,
2026-08-06,24UCS106,AMARNATH V,3rd Year,P,
2026-08-07,24UCS106,AMARNATH V,3rd Year,A,
2026-08-10,24UCS106,AMARNATH V,3rd Year,P,
2026-08-11,24UCS106,AMARNATH V,3rd Year,A,
2026-08-12,24UCS106,AMARNATH V,3rd Year,A,
2026-08-13,24UCS106,AMARNATH V,3rd Year,A,
2026-08-14,24UCS106,AMARNATH V,3rd Year,A,
2026-08-18,24UCS106,AMARNATH V,3rd Year,P,
2026-08-19,24UCS106,AMARNATH V,3rd Year,P,
2026-08-21,24UCS106,AMARNATH V,3rd Year,P,
2026-08-24,24UCS106,AMARNATH V,3rd Year,P,
2026-08-25,24UCS106,AMARNATH V,3rd Year,A,
2026-09-07,24UCS106,AMARNATH V,3rd Year,P,
2026-09-08,24UCS106,AMARNATH V,3rd Year,P,
2026-09-09,24UCS106,AMARNATH V,3rd Year,P,
2026-09-10,24UCS106,AMARNATH V,3rd Year,P,
2026-09-11,24UCS106,AMARNATH V,3rd Year,P,
2026-09-15,24UCS106,AMARNATH V,3rd Year,P,
2026-09-16,24UCS106,AMARNATH V,3rd Year,P,
2026-09-17,24UCS106,AMARNATH V,3rd Year,P,
2026-09-18,24UCS106,AMARNATH V,3rd Year,P,
2026-09-21,24UCS106,AMARNATH V,3rd Year,P,
2026-09-22,24UCS106,AMARNATH V,3rd Year,P,
2026-09-23,24UCS106,AMARNATH V,3rd Year,P,
2026-09-24,24UCS106,AMARNATH V,3rd Year,P,
2026-09-25,24UCS106,AMARNATH V,3rd Year,P,
2026-09-28,24UCS106,AMARNATH V,3rd Year,P,
2026-09-29,24UCS106,AMARNATH V,3rd Year,P,
2026-09-30,24UCS106,AMARNATH V,3rd Year,P,
2026-10-01,24UCS106,AMARNATH V,3rd Year,A,
2026-10-05,24UCS106,AMARNATH V,3rd Year,P,
2026-08-03,24UCS109,ANUDEEP C,3rd Year,A,
2026-08-04,24UCS109,ANUDEEP C,3rd Year,A,
2026-08-05,24UCS109,ANUDEEP C,3rd Year,P,
2026-08-06,24UCS109,ANUDEEP C,3rd Year,P,
2026-08-07,24UCS109,ANUDEEP C,3rd Year,P,
2026-08-10,24UCS109,ANUDEEP C,3rd Year,P,
2026-08-11,24UCS109,ANUDEEP C,3rd Year,A,
2026-08-12,24UCS109,ANUDEEP C,3rd Year,P,
2026-08-13,24UCS109,ANUDEEP C,3rd Year,P,
2026-08-14,24UCS109,ANUDEEP C,3rd Year,P,
2026-08-18,24UCS109,ANUDEEP C,3rd Year,P,
2026-08-19,24UCS109,ANUDEEP C,3rd Year,A,
2026-08-21,24UCS109,ANUDEEP C,3rd Year,P,
2026-08-24,24UCS109,ANUDEEP C,3rd Year,A,
2026-08-25,24UCS109,ANUDEEP C,3rd Year,A,
2026-09-07,24UCS109,ANUDEEP C,3rd Year,P,
2026-09-08,24UCS109,ANUDEEP C,3rd Year,P,
2026-09-09,24UCS109,ANUDEEP C,3rd Year,P,
2026-09-10,24UCS109,ANUDEEP C,3rd Year,P,
2026-09-11,24UCS109,ANUDEEP C,3rd Year,P,
2026-09-15,24UCS109,ANUDEEP C,3rd Year,P,
2026-09-16,24UCS109,ANUDEEP C,3rd Year,A,
2026-09-17,24UCS109,ANUDEEP C,3rd Year,P,
2026-09-18,24UCS109,ANUDEEP C,3rd Year,P,
2026-09-21,24UCS109,ANUDEEP C,3rd Year,P,
2026-09-22,24UCS109,ANUDEEP C,3rd Year,P,
2026-09-23,24UCS109,ANUDEEP C,3rd Year,P,
2026-09-24,24UCS109,ANUDEEP C,3rd Year,P,
2026-09-25,24UCS109,ANUDEEP C,3rd Year,P,
2026-09-28,24UCS109,ANUDEEP C,3rd Year,P,
2026-09-29,24UCS109,ANUDEEP C,3rd Year,P,
2026-09-30,24UCS109,ANUDEEP C,3rd Year,P,
2026-10-01,24UCS109,ANUDEEP C,3rd Year,P,
2026-10-05,24UCS109,ANUDEEP C,3rd Year,A,
2026-08-03,24UCS112,ASHMITA K R,3rd Year,A,
2026-08-04,24UCS112,ASHMITA K R,3rd Year,A,
2026-08-05,24UCS112,ASHMITA K R,3rd Year,P,
2026-08-06,24UCS112,ASHMITA K R,3rd Year,A,
2026-08-07,24UCS112,ASHMITA K R,3rd Year,P,
2026-08-10,24UCS112,ASHMITA K R,3rd Year,P,
2026-08-11,24UCS112,ASHMITA K R,3rd Year,A,
2026-08-12,24UCS112,ASHMITA K R,3rd Year,P,
2026-08-13,24UCS112,ASHMITA K R,3rd Year,P,
2026-08-14,24UCS112,ASHMITA K R,3rd Year,P,
2026-08-18,24UCS112,ASHMITA K R,3rd Year,P,
2026-08-19,24UCS112,ASHMITA K R,3rd Year,P,
2026-08-21,24UCS112,ASHMITA K R,3rd Year,P,
2026-08-24,24UCS112,ASHMITA K R,3rd Year,P,
2026-08-25,24UCS112,ASHMITA K R,3rd Year,P,
2026-09-07,24UCS112,ASHMITA K R,3rd Year,P,
2026-09-08,24UCS112,ASHMITA K R,3rd Year,P,
2026-09-09,24UCS112,ASHMITA K R,3rd Year,P,
2026-09-10,24UCS112,ASHMITA K R,3rd Year,P,
2026-09-11,24UCS112,ASHMITA K R,3rd Year,P,
2026-09-15,24UCS112,ASHMITA K R,3rd Year,P,
2026-09-16,24UCS112,ASHMITA K R,3rd Year,P,
2026-09-17,24UCS112,ASHMITA K R,3rd Year,P,
2026-09-18,24UCS112,ASHMITA K R,3rd Year,P,
2026-09-21,24UCS112,ASHMITA K R,3rd Year,P,
2026-09-22,24UCS112,ASHMITA K R,3rd Year,P,
2026-09-23,24UCS112,ASHMITA K R,3rd Year,P,
2026-09-24,24UCS112,ASHMITA K R,3rd Year,P,
2026-09-25,24UCS112,ASHMITA K R,3rd Year,P,
2026-09-28,24UCS112,ASHMITA K R,3rd Year,P,
2026-09-29,24UCS112,ASHMITA K R,3rd Year,P,
2026-09-30,24UCS112,ASHMITA K R,3rd Year,P,
2026-10-01,24UCS112,ASHMITA K R,3rd Year,P,
2026-10-05,24UCS112,ASHMITA K R,3rd Year,P,
2026-08-03,24UCS114,ASHWIN P M,3rd Year,A,
2026-08-04,24UCS114,ASHWIN P M,3rd Year,A,
2026-08-05,24UCS114,ASHWIN P M,3rd Year,P,
2026-08-06,24UCS114,ASHWIN P M,3rd Year,P,
2026-08-07,24UCS114,ASHWIN P M,3rd Year,P,
2026-08-10,24UCS114,ASHWIN P M,3rd Year,P,
2026-08-11,24UCS114,ASHWIN P M,3rd Year,A,
2026-08-12,24UCS114,ASHWIN P M,3rd Year,P,
2026-08-13,24UCS114,ASHWIN P M,3rd Year,P,
2026-08-14,24UCS114,ASHWIN P M,3rd Year,P,
2026-08-18,24UCS114,ASHWIN P M,3rd Year,P,
2026-08-19,24UCS114,ASHWIN P M,3rd Year,P,
2026-08-21,24UCS114,ASHWIN P M,3rd Year,P,
2026-08-24,24UCS114,ASHWIN P M,3rd Year,P,
2026-08-25,24UCS114,ASHWIN P M,3rd Year,A,
2026-09-07,24UCS114,ASHWIN P M,3rd Year,P,
2026-09-08,24UCS114,ASHWIN P M,3rd Year,P,
2026-09-09,24UCS114,ASHWIN P M,3rd Year,P,
2026-09-10,24UCS114,ASHWIN P M,3rd Year,P,
2026-09-11,24UCS114,ASHWIN P M,3rd Year,P,
2026-09-15,24UCS114,ASHWIN P M,3rd Year,P,
2026-09-16,24UCS114,ASHWIN P M,3rd Year,P,
2026-09-17,24UCS114,ASHWIN P M,3rd Year,P,
2026-09-18,24UCS114,ASHWIN P M,3rd Year,P,
2026-09-21,24UCS114,ASHWIN P M,3rd Year,P,
2026-09-22,24UCS114,ASHWIN P M,3rd Year,P,
2026-09-23,24UCS114,ASHWIN P M,3rd Year,P,
2026-09-24,24UCS114,ASHWIN P M,3rd Year,P,
2026-09-25,24UCS114,ASHWIN P M,3rd Year,P,
2026-09-28,24UCS114,ASHWIN P M,3rd Year,P,
2026-09-29,24UCS114,ASHWIN P M,3rd Year,P,
2026-09-30,24UCS114,ASHWIN P M,3rd Year,P,
2026-10-01,24UCS114,ASHWIN P M,3rd Year,P,
2026-10-05,24UCS114,ASHWIN P M,3rd Year,P,
2026-08-03,24UCS116,ATHISH K K,3rd Year,A,
2026-08-04,24UCS116,ATHISH K K,3rd Year,A,
2026-08-05,24UCS116,ATHISH K K,3rd Year,P,
2026-08-06,24UCS116,ATHISH K K,3rd Year,P,
2026-08-07,24UCS116,ATHISH K K,3rd Year,P,
2026-08-10,24UCS116,ATHISH K K,3rd Year,P,
2026-08-11,24UCS116,ATHISH K K,3rd Year,A,
2026-08-12,24UCS116,ATHISH K K,3rd Year,P,
2026-08-13,24UCS116,ATHISH K K,3rd Year,P,
2026-08-14,24UCS116,ATHISH K K,3rd Year,P,
2026-08-18,24UCS116,ATHISH K K,3rd Year,P,
2026-08-19,24UCS116,ATHISH K K,3rd Year,A,
2026-08-21,24UCS116,ATHISH K K,3rd Year,P,
2026-08-24,24UCS116,ATHISH K K,3rd Year,A,
2026-08-25,24UCS116,ATHISH K K,3rd Year,A,
2026-09-07,24UCS116,ATHISH K K,3rd Year,P,
2026-09-08,24UCS116,ATHISH K K,3rd Year,P,
2026-09-09,24UCS116,ATHISH K K,3rd Year,A,
2026-09-10,24UCS116,ATHISH K K,3rd Year,P,
2026-09-11,24UCS116,ATHISH K K,3rd Year,P,
2026-09-15,24UCS116,ATHISH K K,3rd Year,A,
2026-09-16,24UCS116,ATHISH K K,3rd Year,A,
2026-09-17,24UCS116,ATHISH K K,3rd Year,P,
2026-09-18,24UCS116,ATHISH K K,3rd Year,P,
2026-09-21,24UCS116,ATHISH K K,3rd Year,A,
2026-09-22,24UCS116,ATHISH K K,3rd Year,A,
2026-09-23,24UCS116,ATHISH K K,3rd Year,P,
2026-09-24,24UCS116,ATHISH K K,3rd Year,P,
2026-09-25,24UCS116,ATHISH K K,3rd Year,P,
2026-09-28,24UCS116,ATHISH K K,3rd Year,P,
2026-09-29,24UCS116,ATHISH K K,3rd Year,P,
2026-09-30,24UCS116,ATHISH K K,3rd Year,P,
2026-10-01,24UCS116,ATHISH K K,3rd Year,A,
2026-10-05,24UCS116,ATHISH K K,3rd Year,A,
2026-08-03,24UCS118,BEBINCY V K,3rd Year,A,
2026-08-04,24UCS118,BEBINCY V K,3rd Year,A,
2026-08-05,24UCS118,BEBINCY V K,3rd Year,P,
2026-08-06,24UCS118,BEBINCY V K,3rd Year,P,
2026-08-07,24UCS118,BEBINCY V K,3rd Year,P,
2026-08-10,24UCS118,BEBINCY V K,3rd Year,P,
2026-08-11,24UCS118,BEBINCY V K,3rd Year,A,
2026-08-12,24UCS118,BEBINCY V K,3rd Year,P,
2026-08-13,24UCS118,BEBINCY V K,3rd Year,P,
2026-08-14,24UCS118,BEBINCY V K,3rd Year,P,
2026-08-18,24UCS118,BEBINCY V K,3rd Year,P,
2026-08-19,24UCS118,BEBINCY V K,3rd Year,P,
2026-08-21,24UCS118,BEBINCY V K,3rd Year,P,
2026-08-24,24UCS118,BEBINCY V K,3rd Year,P,
2026-08-25,24UCS118,BEBINCY V K,3rd Year,P,
2026-09-07,24UCS118,BEBINCY V K,3rd Year,P,
2026-09-08,24UCS118,BEBINCY V K,3rd Year,P,
2026-09-09,24UCS118,BEBINCY V K,3rd Year,P,
2026-09-10,24UCS118,BEBINCY V K,3rd Year,P,
2026-09-11,24UCS118,BEBINCY V K,3rd Year,P,
2026-09-15,24UCS118,BEBINCY V K,3rd Year,P,
2026-09-16,24UCS118,BEBINCY V K,3rd Year,P,
2026-09-17,24UCS118,BEBINCY V K,3rd Year,P,
2026-09-18,24UCS118,BEBINCY V K,3rd Year,P,
2026-09-21,24UCS118,BEBINCY V K,3rd Year,P,
2026-09-22,24UCS118,BEBINCY V K,3rd Year,P,
2026-09-23,24UCS118,BEBINCY V K,3rd Year,P,
2026-09-24,24UCS118,BEBINCY V K,3rd Year,P,
2026-09-25,24UCS118,BEBINCY V K,3rd Year,P,
2026-09-28,24UCS118,BEBINCY V K,3rd Year,P,
2026-09-29,24UCS118,BEBINCY V K,3rd Year,P,
2026-09-30,24UCS118,BEBINCY V K,3rd Year,P,
2026-10-01,24UCS118,BEBINCY V K,3rd Year,P,
2026-10-05,24UCS118,BEBINCY V K,3rd Year,A,
2026-08-03,24UCS120,DARSHAN S,3rd Year,A,
2026-08-04,24UCS120,DARSHAN S,3rd Year,A,
2026-08-05,24UCS120,DARSHAN S,3rd Year,P,
2026-08-06,24UCS120,DARSHAN S,3rd Year,P,
2026-08-07,24UCS120,DARSHAN S,3rd Year,P,
2026-08-10,24UCS120,DARSHAN S,3rd Year,P,
2026-08-11,24UCS120,DARSHAN S,3rd Year,A,
2026-08-12,24UCS120,DARSHAN S,3rd Year,P,
2026-08-13,24UCS120,DARSHAN S,3rd Year,P,
2026-08-14,24UCS120,DARSHAN S,3rd Year,P,
2026-08-18,24UCS120,DARSHAN S,3rd Year,P,
2026-08-19,24UCS120,DARSHAN S,3rd Year,P,
2026-08-21,24UCS120,DARSHAN S,3rd Year,P,
2026-08-24,24UCS120,DARSHAN S,3rd Year,P,
2026-08-25,24UCS120,DARSHAN S,3rd Year,A,
2026-09-07,24UCS120,DARSHAN S,3rd Year,P,
2026-09-08,24UCS120,DARSHAN S,3rd Year,A,
2026-09-09,24UCS120,DARSHAN S,3rd Year,P,
2026-09-10,24UCS120,DARSHAN S,3rd Year,P,
2026-09-11,24UCS120,DARSHAN S,3rd Year,A,
2026-09-15,24UCS120,DARSHAN S,3rd Year,A,
2026-09-16,24UCS120,DARSHAN S,3rd Year,P,
2026-09-17,24UCS120,DARSHAN S,3rd Year,P,
2026-09-18,24UCS120,DARSHAN S,3rd Year,A,
2026-09-21,24UCS120,DARSHAN S,3rd Year,P,
2026-09-22,24UCS120,DARSHAN S,3rd Year,P,
2026-09-23,24UCS120,DARSHAN S,3rd Year,P,
2026-09-24,24UCS120,DARSHAN S,3rd Year,P,
2026-09-25,24UCS120,DARSHAN S,3rd Year,P,
2026-09-28,24UCS120,DARSHAN S,3rd Year,A,
2026-09-29,24UCS120,DARSHAN S,3rd Year,P,
2026-09-30,24UCS120,DARSHAN S,3rd Year,P,
2026-10-01,24UCS120,DARSHAN S,3rd Year,A,
2026-10-05,24UCS120,DARSHAN S,3rd Year,P,
2026-08-03,24UCS123,DHARSHANA A,3rd Year,A,
2026-08-04,24UCS123,DHARSHANA A,3rd Year,A,
2026-08-05,24UCS123,DHARSHANA A,3rd Year,A,
2026-08-06,24UCS123,DHARSHANA A,3rd Year,A,
2026-08-07,24UCS123,DHARSHANA A,3rd Year,P,
2026-08-10,24UCS123,DHARSHANA A,3rd Year,P,
2026-08-11,24UCS123,DHARSHANA A,3rd Year,A,
2026-08-12,24UCS123,DHARSHANA A,3rd Year,P,
2026-08-13,24UCS123,DHARSHANA A,3rd Year,P,
2026-08-14,24UCS123,DHARSHANA A,3rd Year,P,
2026-08-18,24UCS123,DHARSHANA A,3rd Year,P,
2026-08-19,24UCS123,DHARSHANA A,3rd Year,P,
2026-08-21,24UCS123,DHARSHANA A,3rd Year,P,
2026-08-24,24UCS123,DHARSHANA A,3rd Year,A,
2026-08-25,24UCS123,DHARSHANA A,3rd Year,A,
2026-09-07,24UCS123,DHARSHANA A,3rd Year,P,
2026-09-08,24UCS123,DHARSHANA A,3rd Year,P,
2026-09-09,24UCS123,DHARSHANA A,3rd Year,P,
2026-09-10,24UCS123,DHARSHANA A,3rd Year,P,
2026-09-11,24UCS123,DHARSHANA A,3rd Year,P,
2026-09-15,24UCS123,DHARSHANA A,3rd Year,A,
2026-09-16,24UCS123,DHARSHANA A,3rd Year,A,
2026-09-17,24UCS123,DHARSHANA A,3rd Year,P,
2026-09-18,24UCS123,DHARSHANA A,3rd Year,P,
2026-09-21,24UCS123,DHARSHANA A,3rd Year,A,
2026-09-22,24UCS123,DHARSHANA A,3rd Year,A,
2026-09-23,24UCS123,DHARSHANA A,3rd Year,A,
2026-09-24,24UCS123,DHARSHANA A,3rd Year,A,
2026-09-25,24UCS123,DHARSHANA A,3rd Year,A,
2026-09-28,24UCS123,DHARSHANA A,3rd Year,P,
2026-09-29,24UCS123,DHARSHANA A,3rd Year,P,
2026-09-30,24UCS123,DHARSHANA A,3rd Year,P,
2026-10-01,24UCS123,DHARSHANA A,3rd Year,P,
2026-10-05,24UCS123,DHARSHANA A,3rd Year,P,
2026-08-03,24UCS124,DHARSHANA S S,3rd Year,A,
2026-08-04,24UCS124,DHARSHANA S S,3rd Year,A,
2026-08-05,24UCS124,DHARSHANA S S,3rd Year,P,
2026-08-06,24UCS124,DHARSHANA S S,3rd Year,P,
2026-08-07,24UCS124,DHARSHANA S S,3rd Year,P,
2026-08-10,24UCS124,DHARSHANA S S,3rd Year,P,
2026-08-11,24UCS124,DHARSHANA S S,3rd Year,A,
2026-08-12,24UCS124,DHARSHANA S S,3rd Year,P,
2026-08-13,24UCS124,DHARSHANA S S,3rd Year,P,
2026-08-14,24UCS124,DHARSHANA S S,3rd Year,P,
2026-08-18,24UCS124,DHARSHANA S S,3rd Year,P,
2026-08-19,24UCS124,DHARSHANA S S,3rd Year,P,
2026-08-21,24UCS124,DHARSHANA S S,3rd Year,P,
2026-08-24,24UCS124,DHARSHANA S S,3rd Year,P,
2026-08-25,24UCS124,DHARSHANA S S,3rd Year,P,
2026-09-07,24UCS124,DHARSHANA S S,3rd Year,P,
2026-09-08,24UCS124,DHARSHANA S S,3rd Year,P,
2026-09-09,24UCS124,DHARSHANA S S,3rd Year,P,
2026-09-10,24UCS124,DHARSHANA S S,3rd Year,P,
2026-09-11,24UCS124,DHARSHANA S S,3rd Year,A,
2026-09-15,24UCS124,DHARSHANA S S,3rd Year,A,
2026-09-16,24UCS124,DHARSHANA S S,3rd Year,P,
2026-09-17,24UCS124,DHARSHANA S S,3rd Year,P,
2026-09-18,24UCS124,DHARSHANA S S,3rd Year,P,
2026-09-21,24UCS124,DHARSHANA S S,3rd Year,P,
2026-09-22,24UCS124,DHARSHANA S S,3rd Year,P,
2026-09-23,24UCS124,DHARSHANA S S,3rd Year,P,
2026-09-24,24UCS124,DHARSHANA S S,3rd Year,P,
2026-09-25,24UCS124,DHARSHANA S S,3rd Year,P,
2026-09-28,24UCS124,DHARSHANA S S,3rd Year,P,
2026-09-29,24UCS124,DHARSHANA S S,3rd Year,P,
2026-09-30,24UCS124,DHARSHANA S S,3rd Year,P,
2026-10-01,24UCS124,DHARSHANA S S,3rd Year,P,
2026-10-05,24UCS124,DHARSHANA S S,3rd Year,P,
2026-08-03,24UCS128,DURGA S,3rd Year,A,
2026-08-04,24UCS128,DURGA S,3rd Year,A,
2026-08-05,24UCS128,DURGA S,3rd Year,P,
2026-08-06,24UCS128,DURGA S,3rd Year,P,
2026-08-07,24UCS128,DURGA S,3rd Year,P,
2026-08-10,24UCS128,DURGA S,3rd Year,P,
2026-08-11,24UCS128,DURGA S,3rd Year,A,
2026-08-12,24UCS128,DURGA S,3rd Year,P,
2026-08-13,24UCS128,DURGA S,3rd Year,P,
2026-08-14,24UCS128,DURGA S,3rd Year,P,
2026-08-18,24UCS128,DURGA S,3rd Year,P,
2026-08-19,24UCS128,DURGA S,3rd Year,P,
2026-08-21,24UCS128,DURGA S,3rd Year,P,
2026-08-24,24UCS128,DURGA S,3rd Year,P,
2026-08-25,24UCS128,DURGA S,3rd Year,P,
2026-09-07,24UCS128,DURGA S,3rd Year,P,
2026-09-08,24UCS128,DURGA S,3rd Year,P,
2026-09-09,24UCS128,DURGA S,3rd Year,P,
2026-09-10,24UCS128,DURGA S,3rd Year,P,
2026-09-11,24UCS128,DURGA S,3rd Year,P,
2026-09-15,24UCS128,DURGA S,3rd Year,A,
2026-09-16,24UCS128,DURGA S,3rd Year,P,
2026-09-17,24UCS128,DURGA S,3rd Year,P,
2026-09-18,24UCS128,DURGA S,3rd Year,P,
2026-09-21,24UCS128,DURGA S,3rd Year,P,
2026-09-22,24UCS128,DURGA S,3rd Year,P,
2026-09-23,24UCS128,DURGA S,3rd Year,P,
2026-09-24,24UCS128,DURGA S,3rd Year,P,
2026-09-25,24UCS128,DURGA S,3rd Year,P,
2026-09-28,24UCS128,DURGA S,3rd Year,P,
2026-09-29,24UCS128,DURGA S,3rd Year,P,
2026-09-30,24UCS128,DURGA S,3rd Year,P,
2026-10-01,24UCS128,DURGA S,3rd Year,P,
2026-10-05,24UCS128,DURGA S,3rd Year,P,
2026-08-03,24UCS130,EBANCILIN JOFFE R,3rd Year,A,
2026-08-04,24UCS130,EBANCILIN JOFFE R,3rd Year,A,
2026-08-05,24UCS130,EBANCILIN JOFFE R,3rd Year,P,
2026-08-06,24UCS130,EBANCILIN JOFFE R,3rd Year,P,
2026-08-07,24UCS130,EBANCILIN JOFFE R,3rd Year,P,
2026-08-10,24UCS130,EBANCILIN JOFFE R,3rd Year,P,
2026-08-11,24UCS130,EBANCILIN JOFFE R,3rd Year,A,
2026-08-12,24UCS130,EBANCILIN JOFFE R,3rd Year,P,
2026-08-13,24UCS130,EBANCILIN JOFFE R,3rd Year,P,
2026-08-14,24UCS130,EBANCILIN JOFFE R,3rd Year,P,
2026-08-18,24UCS130,EBANCILIN JOFFE R,3rd Year,P,
2026-08-19,24UCS130,EBANCILIN JOFFE R,3rd Year,P,
2026-08-21,24UCS130,EBANCILIN JOFFE R,3rd Year,P,
2026-08-24,24UCS130,EBANCILIN JOFFE R,3rd Year,A,
2026-08-25,24UCS130,EBANCILIN JOFFE R,3rd Year,P,
2026-09-07,24UCS130,EBANCILIN JOFFE R,3rd Year,P,
2026-09-08,24UCS130,EBANCILIN JOFFE R,3rd Year,P,
2026-09-09,24UCS130,EBANCILIN JOFFE R,3rd Year,A,
2026-09-10,24UCS130,EBANCILIN JOFFE R,3rd Year,P,
2026-09-11,24UCS130,EBANCILIN JOFFE R,3rd Year,P,
2026-09-15,24UCS130,EBANCILIN JOFFE R,3rd Year,A,
2026-09-16,24UCS130,EBANCILIN JOFFE R,3rd Year,A,
2026-09-17,24UCS130,EBANCILIN JOFFE R,3rd Year,P,
2026-09-18,24UCS130,EBANCILIN JOFFE R,3rd Year,P,
2026-09-21,24UCS130,EBANCILIN JOFFE R,3rd Year,P,
2026-09-22,24UCS130,EBANCILIN JOFFE R,3rd Year,P,
2026-09-23,24UCS130,EBANCILIN JOFFE R,3rd Year,P,
2026-09-24,24UCS130,EBANCILIN JOFFE R,3rd Year,P,
2026-09-25,24UCS130,EBANCILIN JOFFE R,3rd Year,P,
2026-09-28,24UCS130,EBANCILIN JOFFE R,3rd Year,P,
2026-09-29,24UCS130,EBANCILIN JOFFE R,3rd Year,P,
2026-09-30,24UCS130,EBANCILIN JOFFE R,3rd Year,P,
2026-10-01,24UCS130,EBANCILIN JOFFE R,3rd Year,P,
2026-10-05,24UCS130,EBANCILIN JOFFE R,3rd Year,P,
2026-08-03,24UCS133,HARITHA D,3rd Year,A,
2026-08-04,24UCS133,HARITHA D,3rd Year,A,
2026-08-05,24UCS133,HARITHA D,3rd Year,A,
2026-08-06,24UCS133,HARITHA D,3rd Year,P,
2026-08-07,24UCS133,HARITHA D,3rd Year,P,
2026-08-10,24UCS133,HARITHA D,3rd Year,A,
2026-08-11,24UCS133,HARITHA D,3rd Year,A,
2026-08-12,24UCS133,HARITHA D,3rd Year,P,
2026-08-13,24UCS133,HARITHA D,3rd Year,P,
2026-08-14,24UCS133,HARITHA D,3rd Year,P,
2026-08-18,24UCS133,HARITHA D,3rd Year,P,
2026-08-19,24UCS133,HARITHA D,3rd Year,P,
2026-08-21,24UCS133,HARITHA D,3rd Year,P,
2026-08-24,24UCS133,HARITHA D,3rd Year,P,
2026-08-25,24UCS133,HARITHA D,3rd Year,P,
2026-09-07,24UCS133,HARITHA D,3rd Year,P,
2026-09-08,24UCS133,HARITHA D,3rd Year,P,
2026-09-09,24UCS133,HARITHA D,3rd Year,P,
2026-09-10,24UCS133,HARITHA D,3rd Year,P,
2026-09-11,24UCS133,HARITHA D,3rd Year,P,
2026-09-15,24UCS133,HARITHA D,3rd Year,P,
2026-09-16,24UCS133,HARITHA D,3rd Year,P,
2026-09-17,24UCS133,HARITHA D,3rd Year,P,
2026-09-18,24UCS133,HARITHA D,3rd Year,P,
2026-09-21,24UCS133,HARITHA D,3rd Year,P,
2026-09-22,24UCS133,HARITHA D,3rd Year,P,
2026-09-23,24UCS133,HARITHA D,3rd Year,P,
2026-09-24,24UCS133,HARITHA D,3rd Year,P,
2026-09-25,24UCS133,HARITHA D,3rd Year,P,
2026-09-28,24UCS133,HARITHA D,3rd Year,P,
2026-09-29,24UCS133,HARITHA D,3rd Year,P,
2026-09-30,24UCS133,HARITHA D,3rd Year,P,
2026-10-01,24UCS133,HARITHA D,3rd Year,P,
2026-10-05,24UCS133,HARITHA D,3rd Year,P,
2026-08-03,24UCS134,HARNIKA P,3rd Year,P,
2026-08-04,24UCS134,HARNIKA P,3rd Year,A,
2026-08-05,24UCS134,HARNIKA P,3rd Year,A,
2026-08-06,24UCS134,HARNIKA P,3rd Year,P,
2026-08-07,24UCS134,HARNIKA P,3rd Year,P,
2026-08-10,24UCS134,HARNIKA P,3rd Year,P,
2026-08-11,24UCS134,HARNIKA P,3rd Year,A,
2026-08-12,24UCS134,HARNIKA P,3rd Year,P,
2026-08-13,24UCS134,HARNIKA P,3rd Year,P,
2026-08-14,24UCS134,HARNIKA P,3rd Year,P,
2026-08-18,24UCS134,HARNIKA P,3rd Year,P,
2026-08-19,24UCS134,HARNIKA P,3rd Year,P,
2026-08-21,24UCS134,HARNIKA P,3rd Year,P,
2026-08-24,24UCS134,HARNIKA P,3rd Year,P,
2026-08-25,24UCS134,HARNIKA P,3rd Year,P,
2026-09-07,24UCS134,HARNIKA P,3rd Year,P,
2026-09-08,24UCS134,HARNIKA P,3rd Year,P,
2026-09-09,24UCS134,HARNIKA P,3rd Year,P,
2026-09-10,24UCS134,HARNIKA P,3rd Year,P,
2026-09-11,24UCS134,HARNIKA P,3rd Year,P,
2026-09-15,24UCS134,HARNIKA P,3rd Year,P,
2026-09-16,24UCS134,HARNIKA P,3rd Year,P,
2026-09-17,24UCS134,HARNIKA P,3rd Year,P,
2026-09-18,24UCS134,HARNIKA P,3rd Year,P,
2026-09-21,24UCS134,HARNIKA P,3rd Year,P,
2026-09-22,24UCS134,HARNIKA P,3rd Year,P,
2026-09-23,24UCS134,HARNIKA P,3rd Year,P,
2026-09-24,24UCS134,HARNIKA P,3rd Year,P,
2026-09-25,24UCS134,HARNIKA P,3rd Year,P,
2026-09-28,24UCS134,HARNIKA P,3rd Year,P,
2026-09-29,24UCS134,HARNIKA P,3rd Year,P,
2026-09-30,24UCS134,HARNIKA P,3rd Year,P,
2026-10-01,24UCS134,HARNIKA P,3rd Year,P,
2026-10-05,24UCS134,HARNIKA P,3rd Year,P,
2026-08-03,24UCS137,JAIWANTHI S R,3rd Year,P,
2026-08-04,24UCS137,JAIWANTHI S R,3rd Year,A,
2026-08-05,24UCS137,JAIWANTHI S R,3rd Year,P,
2026-08-06,24UCS137,JAIWANTHI S R,3rd Year,P,
2026-08-07,24UCS137,JAIWANTHI S R,3rd Year,P,
2026-08-10,24UCS137,JAIWANTHI S R,3rd Year,P,
2026-08-11,24UCS137,JAIWANTHI S R,3rd Year,A,
2026-08-12,24UCS137,JAIWANTHI S R,3rd Year,P,
2026-08-13,24UCS137,JAIWANTHI S R,3rd Year,P,
2026-08-14,24UCS137,JAIWANTHI S R,3rd Year,P,
2026-08-18,24UCS137,JAIWANTHI S R,3rd Year,P,
2026-08-19,24UCS137,JAIWANTHI S R,3rd Year,P,
2026-08-21,24UCS137,JAIWANTHI S R,3rd Year,P,
2026-08-24,24UCS137,JAIWANTHI S R,3rd Year,P,
2026-08-25,24UCS137,JAIWANTHI S R,3rd Year,P,
2026-09-07,24UCS137,JAIWANTHI S R,3rd Year,P,
2026-09-08,24UCS137,JAIWANTHI S R,3rd Year,A,
2026-09-09,24UCS137,JAIWANTHI S R,3rd Year,P,
2026-09-10,24UCS137,JAIWANTHI S R,3rd Year,P,
2026-09-11,24UCS137,JAIWANTHI S R,3rd Year,P,
2026-09-15,24UCS137,JAIWANTHI S R,3rd Year,P,
2026-09-16,24UCS137,JAIWANTHI S R,3rd Year,P,
2026-09-17,24UCS137,JAIWANTHI S R,3rd Year,P,
2026-09-18,24UCS137,JAIWANTHI S R,3rd Year,P,
2026-09-21,24UCS137,JAIWANTHI S R,3rd Year,P,
2026-09-22,24UCS137,JAIWANTHI S R,3rd Year,P,
2026-09-23,24UCS137,JAIWANTHI S R,3rd Year,P,
2026-09-24,24UCS137,JAIWANTHI S R,3rd Year,P,
2026-09-25,24UCS137,JAIWANTHI S R,3rd Year,P,
2026-09-28,24UCS137,JAIWANTHI S R,3rd Year,P,
2026-09-29,24UCS137,JAIWANTHI S R,3rd Year,P,
2026-09-30,24UCS137,JAIWANTHI S R,3rd Year,P,
2026-10-01,24UCS137,JAIWANTHI S R,3rd Year,P,
2026-10-05,24UCS137,JAIWANTHI S R,3rd Year,P,
2026-08-03,24UCS140,JAYASREE U,3rd Year,P,
2026-08-04,24UCS140,JAYASREE U,3rd Year,A,
2026-08-05,24UCS140,JAYASREE U,3rd Year,P,
2026-08-06,24UCS140,JAYASREE U,3rd Year,P,
2026-08-07,24UCS140,JAYASREE U,3rd Year,P,
2026-08-10,24UCS140,JAYASREE U,3rd Year,P,
2026-08-11,24UCS140,JAYASREE U,3rd Year,A,
2026-08-12,24UCS140,JAYASREE U,3rd Year,P,
2026-08-13,24UCS140,JAYASREE U,3rd Year,P,
2026-08-14,24UCS140,JAYASREE U,3rd Year,P,
2026-08-18,24UCS140,JAYASREE U,3rd Year,P,
2026-08-19,24UCS140,JAYASREE U,3rd Year,P,
2026-08-21,24UCS140,JAYASREE U,3rd Year,P,
2026-08-24,24UCS140,JAYASREE U,3rd Year,A,
2026-08-25,24UCS140,JAYASREE U,3rd Year,P,
2026-09-07,24UCS140,JAYASREE U,3rd Year,A,
2026-09-08,24UCS140,JAYASREE U,3rd Year,A,
2026-09-09,24UCS140,JAYASREE U,3rd Year,P,
2026-09-10,24UCS140,JAYASREE U,3rd Year,P,
2026-09-11,24UCS140,JAYASREE U,3rd Year,P,
2026-09-15,24UCS140,JAYASREE U,3rd Year,P,
2026-09-16,24UCS140,JAYASREE U,3rd Year,P,
2026-09-17,24UCS140,JAYASREE U,3rd Year,P,
2026-09-18,24UCS140,JAYASREE U,3rd Year,P,
2026-09-21,24UCS140,JAYASREE U,3rd Year,P,
2026-09-22,24UCS140,JAYASREE U,3rd Year,P,
2026-09-23,24UCS140,JAYASREE U,3rd Year,P,
2026-09-24,24UCS140,JAYASREE U,3rd Year,P,
2026-09-25,24UCS140,JAYASREE U,3rd Year,P,
2026-09-28,24UCS140,JAYASREE U,3rd Year,P,
2026-09-29,24UCS140,JAYASREE U,3rd Year,P,
2026-09-30,24UCS140,JAYASREE U,3rd Year,P,
2026-10-01,24UCS140,JAYASREE U,3rd Year,P,
2026-10-05,24UCS140,JAYASREE U,3rd Year,P,
2026-08-03,24UCS146,JOHAN MANOVA S R,3rd Year,P,
2026-08-04,24UCS146,JOHAN MANOVA S R,3rd Year,A,
2026-08-05,24UCS146,JOHAN MANOVA S R,3rd Year,P,
2026-08-06,24UCS146,JOHAN MANOVA S R,3rd Year,P,
2026-08-07,24UCS146,JOHAN MANOVA S R,3rd Year,P,
2026-08-10,24UCS146,JOHAN MANOVA S R,3rd Year,P,
2026-08-11,24UCS146,JOHAN MANOVA S R,3rd Year,A,
2026-08-12,24UCS146,JOHAN MANOVA S R,3rd Year,P,
2026-08-13,24UCS146,JOHAN MANOVA S R,3rd Year,P,
2026-08-14,24UCS146,JOHAN MANOVA S R,3rd Year,P,
2026-08-18,24UCS146,JOHAN MANOVA S R,3rd Year,P,
2026-08-19,24UCS146,JOHAN MANOVA S R,3rd Year,P,
2026-08-21,24UCS146,JOHAN MANOVA S R,3rd Year,P,
2026-08-24,24UCS146,JOHAN MANOVA S R,3rd Year,P,
2026-08-25,24UCS146,JOHAN MANOVA S R,3rd Year,P,
2026-09-07,24UCS146,JOHAN MANOVA S R,3rd Year,P,
2026-09-08,24UCS146,JOHAN MANOVA S R,3rd Year,P,
2026-09-09,24UCS146,JOHAN MANOVA S R,3rd Year,P,
2026-09-10,24UCS146,JOHAN MANOVA S R,3rd Year,P,
2026-09-11,24UCS146,JOHAN MANOVA S R,3rd Year,P,
2026-09-15,24UCS146,JOHAN MANOVA S R,3rd Year,A,
2026-09-16,24UCS146,JOHAN MANOVA S R,3rd Year,P,
2026-09-17,24UCS146,JOHAN MANOVA S R,3rd Year,A,
2026-09-18,24UCS146,JOHAN MANOVA S R,3rd Year,P,
2026-09-21,24UCS146,JOHAN MANOVA S R,3rd Year,P,
2026-09-22,24UCS146,JOHAN MANOVA S R,3rd Year,P,
2026-09-23,24UCS146,JOHAN MANOVA S R,3rd Year,P,
2026-09-24,24UCS146,JOHAN MANOVA S R,3rd Year,A,
2026-09-25,24UCS146,JOHAN MANOVA S R,3rd Year,P,
2026-09-28,24UCS146,JOHAN MANOVA S R,3rd Year,P,
2026-09-29,24UCS146,JOHAN MANOVA S R,3rd Year,P,
2026-09-30,24UCS146,JOHAN MANOVA S R,3rd Year,P,
2026-10-01,24UCS146,JOHAN MANOVA S R,3rd Year,P,
2026-10-05,24UCS146,JOHAN MANOVA S R,3rd Year,P,
2026-08-03,24UCS147,JOSHUA NITHIN D,3rd Year,P,
2026-08-04,24UCS147,JOSHUA NITHIN D,3rd Year,P,
2026-08-05,24UCS147,JOSHUA NITHIN D,3rd Year,P,
2026-08-06,24UCS147,JOSHUA NITHIN D,3rd Year,P,
2026-08-07,24UCS147,JOSHUA NITHIN D,3rd Year,P,
2026-08-10,24UCS147,JOSHUA NITHIN D,3rd Year,P,
2026-08-11,24UCS147,JOSHUA NITHIN D,3rd Year,A,
2026-08-12,24UCS147,JOSHUA NITHIN D,3rd Year,A,
2026-08-13,24UCS147,JOSHUA NITHIN D,3rd Year,P,
2026-08-14,24UCS147,JOSHUA NITHIN D,3rd Year,A,
2026-08-18,24UCS147,JOSHUA NITHIN D,3rd Year,P,
2026-08-19,24UCS147,JOSHUA NITHIN D,3rd Year,P,
2026-08-21,24UCS147,JOSHUA NITHIN D,3rd Year,P,
2026-08-24,24UCS147,JOSHUA NITHIN D,3rd Year,P,
2026-08-25,24UCS147,JOSHUA NITHIN D,3rd Year,P,
2026-09-07,24UCS147,JOSHUA NITHIN D,3rd Year,P,
2026-09-08,24UCS147,JOSHUA NITHIN D,3rd Year,P,
2026-09-09,24UCS147,JOSHUA NITHIN D,3rd Year,P,
2026-09-10,24UCS147,JOSHUA NITHIN D,3rd Year,P,
2026-09-11,24UCS147,JOSHUA NITHIN D,3rd Year,A,
2026-09-15,24UCS147,JOSHUA NITHIN D,3rd Year,P,
2026-09-16,24UCS147,JOSHUA NITHIN D,3rd Year,P,
2026-09-17,24UCS147,JOSHUA NITHIN D,3rd Year,P,
2026-09-18,24UCS147,JOSHUA NITHIN D,3rd Year,P,
2026-09-21,24UCS147,JOSHUA NITHIN D,3rd Year,P,
2026-09-22,24UCS147,JOSHUA NITHIN D,3rd Year,P,
2026-09-23,24UCS147,JOSHUA NITHIN D,3rd Year,P,
2026-09-24,24UCS147,JOSHUA NITHIN D,3rd Year,P,
2026-09-25,24UCS147,JOSHUA NITHIN D,3rd Year,P,
2026-09-28,24UCS147,JOSHUA NITHIN D,3rd Year,P,
2026-09-29,24UCS147,JOSHUA NITHIN D,3rd Year,P,
2026-09-30,24UCS147,JOSHUA NITHIN D,3rd Year,P,
2026-10-01,24UCS147,JOSHUA NITHIN D,3rd Year,P,
2026-10-05,24UCS147,JOSHUA NITHIN D,3rd Year,P,
2026-08-03,24UCS148,KAARTHIKA P,3rd Year,P,
2026-08-04,24UCS148,KAARTHIKA P,3rd Year,P,
2026-08-05,24UCS148,KAARTHIKA P,3rd Year,P,
2026-08-06,24UCS148,KAARTHIKA P,3rd Year,P,
2026-08-07,24UCS148,KAARTHIKA P,3rd Year,P,
2026-08-10,24UCS148,KAARTHIKA P,3rd Year,P,
2026-08-11,24UCS148,KAARTHIKA P,3rd Year,P,
2026-08-12,24UCS148,KAARTHIKA P,3rd Year,P,
2026-08-13,24UCS148,KAARTHIKA P,3rd Year,P,
2026-08-14,24UCS148,KAARTHIKA P,3rd Year,P,
2026-08-18,24UCS148,KAARTHIKA P,3rd Year,P,
2026-08-19,24UCS148,KAARTHIKA P,3rd Year,P,
2026-08-21,24UCS148,KAARTHIKA P,3rd Year,P,
2026-08-24,24UCS148,KAARTHIKA P,3rd Year,P,
2026-08-25,24UCS148,KAARTHIKA P,3rd Year,P,
2026-09-07,24UCS148,KAARTHIKA P,3rd Year,P,
2026-09-08,24UCS148,KAARTHIKA P,3rd Year,P,
2026-09-09,24UCS148,KAARTHIKA P,3rd Year,P,
2026-09-10,24UCS148,KAARTHIKA P,3rd Year,P,
2026-09-11,24UCS148,KAARTHIKA P,3rd Year,P,
2026-09-15,24UCS148,KAARTHIKA P,3rd Year,P,
2026-09-16,24UCS148,KAARTHIKA P,3rd Year,P,
2026-09-17,24UCS148,KAARTHIKA P,3rd Year,P,
2026-09-18,24UCS148,KAARTHIKA P,3rd Year,P,
2026-09-21,24UCS148,KAARTHIKA P,3rd Year,P,
2026-09-22,24UCS148,KAARTHIKA P,3rd Year,P,
2026-09-23,24UCS148,KAARTHIKA P,3rd Year,P,
2026-09-24,24UCS148,KAARTHIKA P,3rd Year,P,
2026-09-25,24UCS148,KAARTHIKA P,3rd Year,P,
2026-09-28,24UCS148,KAARTHIKA P,3rd Year,P,
2026-09-29,24UCS148,KAARTHIKA P,3rd Year,P,
2026-09-30,24UCS148,KAARTHIKA P,3rd Year,P,
2026-10-01,24UCS148,KAARTHIKA P,3rd Year,P,
2026-10-05,24UCS148,KAARTHIKA P,3rd Year,P,
2026-08-03,24UCS149,KABILAVAISHNAVI S,3rd Year,P,
2026-08-04,24UCS149,KABILAVAISHNAVI S,3rd Year,A,
2026-08-05,24UCS149,KABILAVAISHNAVI S,3rd Year,A,
2026-08-06,24UCS149,KABILAVAISHNAVI S,3rd Year,P,
2026-08-07,24UCS149,KABILAVAISHNAVI S,3rd Year,P,
2026-08-10,24UCS149,KABILAVAISHNAVI S,3rd Year,P,
2026-08-11,24UCS149,KABILAVAISHNAVI S,3rd Year,A,
2026-08-12,24UCS149,KABILAVAISHNAVI S,3rd Year,P,
2026-08-13,24UCS149,KABILAVAISHNAVI S,3rd Year,P,
2026-08-14,24UCS149,KABILAVAISHNAVI S,3rd Year,P,
2026-08-18,24UCS149,KABILAVAISHNAVI S,3rd Year,P,
2026-08-19,24UCS149,KABILAVAISHNAVI S,3rd Year,P,
2026-08-21,24UCS149,KABILAVAISHNAVI S,3rd Year,P,
2026-08-24,24UCS149,KABILAVAISHNAVI S,3rd Year,A,
2026-08-25,24UCS149,KABILAVAISHNAVI S,3rd Year,P,
2026-09-07,24UCS149,KABILAVAISHNAVI S,3rd Year,P,
2026-09-08,24UCS149,KABILAVAISHNAVI S,3rd Year,P,
2026-09-09,24UCS149,KABILAVAISHNAVI S,3rd Year,P,
2026-09-10,24UCS149,KABILAVAISHNAVI S,3rd Year,P,
2026-09-11,24UCS149,KABILAVAISHNAVI S,3rd Year,P,
2026-09-15,24UCS149,KABILAVAISHNAVI S,3rd Year,P,
2026-09-16,24UCS149,KABILAVAISHNAVI S,3rd Year,A,
2026-09-17,24UCS149,KABILAVAISHNAVI S,3rd Year,P,
2026-09-18,24UCS149,KABILAVAISHNAVI S,3rd Year,A,
2026-09-21,24UCS149,KABILAVAISHNAVI S,3rd Year,P,
2026-09-22,24UCS149,KABILAVAISHNAVI S,3rd Year,P,
2026-09-23,24UCS149,KABILAVAISHNAVI S,3rd Year,P,
2026-09-24,24UCS149,KABILAVAISHNAVI S,3rd Year,P,
2026-09-25,24UCS149,KABILAVAISHNAVI S,3rd Year,P,
2026-09-28,24UCS149,KABILAVAISHNAVI S,3rd Year,P,
2026-09-29,24UCS149,KABILAVAISHNAVI S,3rd Year,P,
2026-09-30,24UCS149,KABILAVAISHNAVI S,3rd Year,P,
2026-10-01,24UCS149,KABILAVAISHNAVI S,3rd Year,P,
2026-10-05,24UCS149,KABILAVAISHNAVI S,3rd Year,P,
2026-08-03,24UCS155,KISHOREKUMAR M,3rd Year,A,
2026-08-04,24UCS155,KISHOREKUMAR M,3rd Year,A,
2026-08-05,24UCS155,KISHOREKUMAR M,3rd Year,P,
2026-08-06,24UCS155,KISHOREKUMAR M,3rd Year,P,
2026-08-07,24UCS155,KISHOREKUMAR M,3rd Year,P,
2026-08-10,24UCS155,KISHOREKUMAR M,3rd Year,P,
2026-08-11,24UCS155,KISHOREKUMAR M,3rd Year,A,
2026-08-12,24UCS155,KISHOREKUMAR M,3rd Year,A,
2026-08-13,24UCS155,KISHOREKUMAR M,3rd Year,A,
2026-08-14,24UCS155,KISHOREKUMAR M,3rd Year,A,
2026-08-18,24UCS155,KISHOREKUMAR M,3rd Year,P,
2026-08-19,24UCS155,KISHOREKUMAR M,3rd Year,P,
2026-08-21,24UCS155,KISHOREKUMAR M,3rd Year,P,
2026-08-24,24UCS155,KISHOREKUMAR M,3rd Year,P,
2026-08-25,24UCS155,KISHOREKUMAR M,3rd Year,A,
2026-09-07,24UCS155,KISHOREKUMAR M,3rd Year,P,
2026-09-08,24UCS155,KISHOREKUMAR M,3rd Year,P,
2026-09-09,24UCS155,KISHOREKUMAR M,3rd Year,P,
2026-09-10,24UCS155,KISHOREKUMAR M,3rd Year,P,
2026-09-11,24UCS155,KISHOREKUMAR M,3rd Year,P,
2026-09-15,24UCS155,KISHOREKUMAR M,3rd Year,P,
2026-09-16,24UCS155,KISHOREKUMAR M,3rd Year,A,
2026-09-17,24UCS155,KISHOREKUMAR M,3rd Year,A,
2026-09-18,24UCS155,KISHOREKUMAR M,3rd Year,P,
2026-09-21,24UCS155,KISHOREKUMAR M,3rd Year,A,
2026-09-22,24UCS155,KISHOREKUMAR M,3rd Year,P,
2026-09-23,24UCS155,KISHOREKUMAR M,3rd Year,P,
2026-09-24,24UCS155,KISHOREKUMAR M,3rd Year,P,
2026-09-25,24UCS155,KISHOREKUMAR M,3rd Year,P,
2026-09-28,24UCS155,KISHOREKUMAR M,3rd Year,P,
2026-09-29,24UCS155,KISHOREKUMAR M,3rd Year,P,
2026-09-30,24UCS155,KISHOREKUMAR M,3rd Year,P,
2026-10-01,24UCS155,KISHOREKUMAR M,3rd Year,P,
2026-10-05,24UCS155,KISHOREKUMAR M,3rd Year,A,
2026-08-03,24UCS156,KRISHNA VENI M,3rd Year,P,
2026-08-04,24UCS156,KRISHNA VENI M,3rd Year,A,
2026-08-05,24UCS156,KRISHNA VENI M,3rd Year,P,
2026-08-06,24UCS156,KRISHNA VENI M,3rd Year,P,
2026-08-07,24UCS156,KRISHNA VENI M,3rd Year,P,
2026-08-10,24UCS156,KRISHNA VENI M,3rd Year,P,
2026-08-11,24UCS156,KRISHNA VENI M,3rd Year,A,
2026-08-12,24UCS156,KRISHNA VENI M,3rd Year,P,
2026-08-13,24UCS156,KRISHNA VENI M,3rd Year,P,
2026-08-14,24UCS156,KRISHNA VENI M,3rd Year,P,
2026-08-18,24UCS156,KRISHNA VENI M,3rd Year,P,
2026-08-19,24UCS156,KRISHNA VENI M,3rd Year,A,
2026-08-21,24UCS156,KRISHNA VENI M,3rd Year,P,
2026-08-24,24UCS156,KRISHNA VENI M,3rd Year,A,
2026-08-25,24UCS156,KRISHNA VENI M,3rd Year,A,
2026-09-07,24UCS156,KRISHNA VENI M,3rd Year,P,
2026-09-08,24UCS156,KRISHNA VENI M,3rd Year,P,
2026-09-09,24UCS156,KRISHNA VENI M,3rd Year,P,
2026-09-10,24UCS156,KRISHNA VENI M,3rd Year,P,
2026-09-11,24UCS156,KRISHNA VENI M,3rd Year,P,
2026-09-15,24UCS156,KRISHNA VENI M,3rd Year,A,
2026-09-16,24UCS156,KRISHNA VENI M,3rd Year,P,
2026-09-17,24UCS156,KRISHNA VENI M,3rd Year,A,
2026-09-18,24UCS156,KRISHNA VENI M,3rd Year,A,
2026-09-21,24UCS156,KRISHNA VENI M,3rd Year,A,
2026-09-22,24UCS156,KRISHNA VENI M,3rd Year,A,
2026-09-23,24UCS156,KRISHNA VENI M,3rd Year,A,
2026-09-24,24UCS156,KRISHNA VENI M,3rd Year,A,
2026-09-25,24UCS156,KRISHNA VENI M,3rd Year,A,
2026-09-28,24UCS156,KRISHNA VENI M,3rd Year,P,
2026-09-29,24UCS156,KRISHNA VENI M,3rd Year,P,
2026-09-30,24UCS156,KRISHNA VENI M,3rd Year,P,
2026-10-01,24UCS156,KRISHNA VENI M,3rd Year,P,
2026-10-05,24UCS156,KRISHNA VENI M,3rd Year,P,
2026-08-03,24UCS163,MIRUMATHAN J,3rd Year,P,
2026-08-04,24UCS163,MIRUMATHAN J,3rd Year,A,
2026-08-05,24UCS163,MIRUMATHAN J,3rd Year,P,
2026-08-06,24UCS163,MIRUMATHAN J,3rd Year,P,
2026-08-07,24UCS163,MIRUMATHAN J,3rd Year,P,
2026-08-10,24UCS163,MIRUMATHAN J,3rd Year,P,
2026-08-11,24UCS163,MIRUMATHAN J,3rd Year,A,
2026-08-12,24UCS163,MIRUMATHAN J,3rd Year,A,
2026-08-13,24UCS163,MIRUMATHAN J,3rd Year,P,
2026-08-14,24UCS163,MIRUMATHAN J,3rd Year,P,
2026-08-18,24UCS163,MIRUMATHAN J,3rd Year,P,
2026-08-19,24UCS163,MIRUMATHAN J,3rd Year,P,
2026-08-21,24UCS163,MIRUMATHAN J,3rd Year,P,
2026-08-24,24UCS163,MIRUMATHAN J,3rd Year,P,
2026-08-25,24UCS163,MIRUMATHAN J,3rd Year,A,
2026-09-07,24UCS163,MIRUMATHAN J,3rd Year,P,
2026-09-08,24UCS163,MIRUMATHAN J,3rd Year,P,
2026-09-09,24UCS163,MIRUMATHAN J,3rd Year,P,
2026-09-10,24UCS163,MIRUMATHAN J,3rd Year,P,
2026-09-11,24UCS163,MIRUMATHAN J,3rd Year,P,
2026-09-15,24UCS163,MIRUMATHAN J,3rd Year,P,
2026-09-16,24UCS163,MIRUMATHAN J,3rd Year,P,
2026-09-17,24UCS163,MIRUMATHAN J,3rd Year,P,
2026-09-18,24UCS163,MIRUMATHAN J,3rd Year,P,
2026-09-21,24UCS163,MIRUMATHAN J,3rd Year,P,
2026-09-22,24UCS163,MIRUMATHAN J,3rd Year,P,
2026-09-23,24UCS163,MIRUMATHAN J,3rd Year,P,
2026-09-24,24UCS163,MIRUMATHAN J,3rd Year,P,
2026-09-25,24UCS163,MIRUMATHAN J,3rd Year,P,
2026-09-28,24UCS163,MIRUMATHAN J,3rd Year,P,
2026-09-29,24UCS163,MIRUMATHAN J,3rd Year,P,
2026-09-30,24UCS163,MIRUMATHAN J,3rd Year,P,
2026-10-01,24UCS163,MIRUMATHAN J,3rd Year,P,
2026-10-05,24UCS163,MIRUMATHAN J,3rd Year,P,
2026-08-03,24UCS201,MOHAMED SALIS M,3rd Year,P,
2026-08-04,24UCS201,MOHAMED SALIS M,3rd Year,P,
2026-08-05,24UCS201,MOHAMED SALIS M,3rd Year,P,
2026-08-06,24UCS201,MOHAMED SALIS M,3rd Year,P,
2026-08-07,24UCS201,MOHAMED SALIS M,3rd Year,P,
2026-08-10,24UCS201,MOHAMED SALIS M,3rd Year,P,
2026-08-11,24UCS201,MOHAMED SALIS M,3rd Year,P,
2026-08-12,24UCS201,MOHAMED SALIS M,3rd Year,P,
2026-08-13,24UCS201,MOHAMED SALIS M,3rd Year,P,
2026-08-14,24UCS201,MOHAMED SALIS M,3rd Year,P,
2026-08-18,24UCS201,MOHAMED SALIS M,3rd Year,P,
2026-08-19,24UCS201,MOHAMED SALIS M,3rd Year,P,
2026-08-21,24UCS201,MOHAMED SALIS M,3rd Year,P,
2026-08-24,24UCS201,MOHAMED SALIS M,3rd Year,P,
2026-08-25,24UCS201,MOHAMED SALIS M,3rd Year,P,
2026-09-07,24UCS201,MOHAMED SALIS M,3rd Year,P,
2026-09-08,24UCS201,MOHAMED SALIS M,3rd Year,P,
2026-09-09,24UCS201,MOHAMED SALIS M,3rd Year,P,
2026-09-10,24UCS201,MOHAMED SALIS M,3rd Year,P,
2026-09-11,24UCS201,MOHAMED SALIS M,3rd Year,P,
2026-09-15,24UCS201,MOHAMED SALIS M,3rd Year,A,
2026-09-16,24UCS201,MOHAMED SALIS M,3rd Year,P,
2026-09-17,24UCS201,MOHAMED SALIS M,3rd Year,P,
2026-09-18,24UCS201,MOHAMED SALIS M,3rd Year,P,
2026-09-21,24UCS201,MOHAMED SALIS M,3rd Year,P,
2026-09-22,24UCS201,MOHAMED SALIS M,3rd Year,P,
2026-09-23,24UCS201,MOHAMED SALIS M,3rd Year,P,
2026-09-24,24UCS201,MOHAMED SALIS M,3rd Year,P,
2026-09-25,24UCS201,MOHAMED SALIS M,3rd Year,A,
2026-09-28,24UCS201,MOHAMED SALIS M,3rd Year,P,
2026-09-29,24UCS201,MOHAMED SALIS M,3rd Year,P,
2026-09-30,24UCS201,MOHAMED SALIS M,3rd Year,P,
2026-10-01,24UCS201,MOHAMED SALIS M,3rd Year,P,
2026-10-05,24UCS201,MOHAMED SALIS M,3rd Year,A,
2026-08-03,24UCS202,MOHAMED SHIEK ABDULLA I,3rd Year,A,
2026-08-04,24UCS202,MOHAMED SHIEK ABDULLA I,3rd Year,A,
2026-08-05,24UCS202,MOHAMED SHIEK ABDULLA I,3rd Year,P,
2026-08-06,24UCS202,MOHAMED SHIEK ABDULLA I,3rd Year,P,
2026-08-07,24UCS202,MOHAMED SHIEK ABDULLA I,3rd Year,P,
2026-08-10,24UCS202,MOHAMED SHIEK ABDULLA I,3rd Year,P,
2026-08-11,24UCS202,MOHAMED SHIEK ABDULLA I,3rd Year,A,
2026-08-12,24UCS202,MOHAMED SHIEK ABDULLA I,3rd Year,P,
2026-08-13,24UCS202,MOHAMED SHIEK ABDULLA I,3rd Year,P,
2026-08-14,24UCS202,MOHAMED SHIEK ABDULLA I,3rd Year,P,
2026-08-18,24UCS202,MOHAMED SHIEK ABDULLA I,3rd Year,A,
2026-08-19,24UCS202,MOHAMED SHIEK ABDULLA I,3rd Year,P,
2026-08-21,24UCS202,MOHAMED SHIEK ABDULLA I,3rd Year,P,
2026-08-24,24UCS202,MOHAMED SHIEK ABDULLA I,3rd Year,P,
2026-08-25,24UCS202,MOHAMED SHIEK ABDULLA I,3rd Year,A,
2026-09-07,24UCS202,MOHAMED SHIEK ABDULLA I,3rd Year,A,
2026-09-08,24UCS202,MOHAMED SHIEK ABDULLA I,3rd Year,P,
2026-09-09,24UCS202,MOHAMED SHIEK ABDULLA I,3rd Year,P,
2026-09-10,24UCS202,MOHAMED SHIEK ABDULLA I,3rd Year,P,
2026-09-11,24UCS202,MOHAMED SHIEK ABDULLA I,3rd Year,P,
2026-09-15,24UCS202,MOHAMED SHIEK ABDULLA I,3rd Year,P,
2026-09-16,24UCS202,MOHAMED SHIEK ABDULLA I,3rd Year,P,
2026-09-17,24UCS202,MOHAMED SHIEK ABDULLA I,3rd Year,P,
2026-09-18,24UCS202,MOHAMED SHIEK ABDULLA I,3rd Year,P,
2026-09-21,24UCS202,MOHAMED SHIEK ABDULLA I,3rd Year,A,
2026-09-22,24UCS202,MOHAMED SHIEK ABDULLA I,3rd Year,P,
2026-09-23,24UCS202,MOHAMED SHIEK ABDULLA I,3rd Year,P,
2026-09-24,24UCS202,MOHAMED SHIEK ABDULLA I,3rd Year,P,
2026-09-25,24UCS202,MOHAMED SHIEK ABDULLA I,3rd Year,P,
2026-09-28,24UCS202,MOHAMED SHIEK ABDULLA I,3rd Year,P,
2026-09-29,24UCS202,MOHAMED SHIEK ABDULLA I,3rd Year,P,
2026-09-30,24UCS202,MOHAMED SHIEK ABDULLA I,3rd Year,P,
2026-10-01,24UCS202,MOHAMED SHIEK ABDULLA I,3rd Year,P,
2026-10-05,24UCS202,MOHAMED SHIEK ABDULLA I,3rd Year,P,
2026-08-03,24UCS203,NANDHANA R S,3rd Year,A,
2026-08-04,24UCS203,NANDHANA R S,3rd Year,P,
2026-08-05,24UCS203,NANDHANA R S,3rd Year,P,
2026-08-06,24UCS203,NANDHANA R S,3rd Year,P,
2026-08-07,24UCS203,NANDHANA R S,3rd Year,P,
2026-08-10,24UCS203,NANDHANA R S,3rd Year,P,
2026-08-11,24UCS203,NANDHANA R S,3rd Year,P,
2026-08-12,24UCS203,NANDHANA R S,3rd Year,P,
2026-08-13,24UCS203,NANDHANA R S,3rd Year,A,
2026-08-14,24UCS203,NANDHANA R S,3rd Year,P,
2026-08-18,24UCS203,NANDHANA R S,3rd Year,P,
2026-08-19,24UCS203,NANDHANA R S,3rd Year,P,
2026-08-21,24UCS203,NANDHANA R S,3rd Year,P,
2026-08-24,24UCS203,NANDHANA R S,3rd Year,P,
2026-08-25,24UCS203,NANDHANA R S,3rd Year,P,
2026-09-07,24UCS203,NANDHANA R S,3rd Year,P,
2026-09-08,24UCS203,NANDHANA R S,3rd Year,P,
2026-09-09,24UCS203,NANDHANA R S,3rd Year,P,
2026-09-10,24UCS203,NANDHANA R S,3rd Year,A,
2026-09-11,24UCS203,NANDHANA R S,3rd Year,P,
2026-09-15,24UCS203,NANDHANA R S,3rd Year,P,
2026-09-16,24UCS203,NANDHANA R S,3rd Year,P,
2026-09-17,24UCS203,NANDHANA R S,3rd Year,P,
2026-09-18,24UCS203,NANDHANA R S,3rd Year,P,
2026-09-21,24UCS203,NANDHANA R S,3rd Year,P,
2026-09-22,24UCS203,NANDHANA R S,3rd Year,P,
2026-09-23,24UCS203,NANDHANA R S,3rd Year,P,
2026-09-24,24UCS203,NANDHANA R S,3rd Year,P,
2026-09-25,24UCS203,NANDHANA R S,3rd Year,A,
2026-09-28,24UCS203,NANDHANA R S,3rd Year,P,
2026-09-29,24UCS203,NANDHANA R S,3rd Year,P,
2026-09-30,24UCS203,NANDHANA R S,3rd Year,P,
2026-10-01,24UCS203,NANDHANA R S,3rd Year,P,
2026-10-05,24UCS203,NANDHANA R S,3rd Year,P,
2026-08-03,24UCS204,NARMADHA P,3rd Year,A,
2026-08-04,24UCS204,NARMADHA P,3rd Year,A,
2026-08-05,24UCS204,NARMADHA P,3rd Year,A,
2026-08-06,24UCS204,NARMADHA P,3rd Year,P,
2026-08-07,24UCS204,NARMADHA P,3rd Year,A,
2026-08-10,24UCS204,NARMADHA P,3rd Year,P,
2026-08-11,24UCS204,NARMADHA P,3rd Year,A,
2026-08-12,24UCS204,NARMADHA P,3rd Year,P,
2026-08-13,24UCS204,NARMADHA P,3rd Year,P,
2026-08-14,24UCS204,NARMADHA P,3rd Year,P,
2026-08-18,24UCS204,NARMADHA P,3rd Year,P,
2026-08-19,24UCS204,NARMADHA P,3rd Year,P,
2026-08-21,24UCS204,NARMADHA P,3rd Year,P,
2026-08-24,24UCS204,NARMADHA P,3rd Year,A,
2026-08-25,24UCS204,NARMADHA P,3rd Year,A,
2026-09-07,24UCS204,NARMADHA P,3rd Year,A,
2026-09-08,24UCS204,NARMADHA P,3rd Year,P,
2026-09-09,24UCS204,NARMADHA P,3rd Year,P,
2026-09-10,24UCS204,NARMADHA P,3rd Year,P,
2026-09-11,24UCS204,NARMADHA P,3rd Year,P,
2026-09-15,24UCS204,NARMADHA P,3rd Year,P,
2026-09-16,24UCS204,NARMADHA P,3rd Year,P,
2026-09-17,24UCS204,NARMADHA P,3rd Year,P,
2026-09-18,24UCS204,NARMADHA P,3rd Year,P,
2026-09-21,24UCS204,NARMADHA P,3rd Year,P,
2026-09-22,24UCS204,NARMADHA P,3rd Year,P,
2026-09-23,24UCS204,NARMADHA P,3rd Year,P,
2026-09-24,24UCS204,NARMADHA P,3rd Year,A,
2026-09-25,24UCS204,NARMADHA P,3rd Year,P,
2026-09-28,24UCS204,NARMADHA P,3rd Year,P,
2026-09-29,24UCS204,NARMADHA P,3rd Year,A,
2026-09-30,24UCS204,NARMADHA P,3rd Year,P,
2026-10-01,24UCS204,NARMADHA P,3rd Year,A,
2026-10-05,24UCS204,NARMADHA P,3rd Year,P,
2026-08-03,24UCS205,NATHIYA R,3rd Year,A,
2026-08-04,24UCS205,NATHIYA R,3rd Year,A,
2026-08-05,24UCS205,NATHIYA R,3rd Year,A,
2026-08-06,24UCS205,NATHIYA R,3rd Year,P,
2026-08-07,24UCS205,NATHIYA R,3rd Year,A,
2026-08-10,24UCS205,NATHIYA R,3rd Year,P,
2026-08-11,24UCS205,NATHIYA R,3rd Year,A,
2026-08-12,24UCS205,NATHIYA R,3rd Year,P,
2026-08-13,24UCS205,NATHIYA R,3rd Year,P,
2026-08-14,24UCS205,NATHIYA R,3rd Year,P,
2026-08-18,24UCS205,NATHIYA R,3rd Year,P,
2026-08-19,24UCS205,NATHIYA R,3rd Year,P,
2026-08-21,24UCS205,NATHIYA R,3rd Year,P,
2026-08-24,24UCS205,NATHIYA R,3rd Year,P,
2026-08-25,24UCS205,NATHIYA R,3rd Year,A,
2026-09-07,24UCS205,NATHIYA R,3rd Year,P,
2026-09-08,24UCS205,NATHIYA R,3rd Year,P,
2026-09-09,24UCS205,NATHIYA R,3rd Year,P,
2026-09-10,24UCS205,NATHIYA R,3rd Year,P,
2026-09-11,24UCS205,NATHIYA R,3rd Year,P,
2026-09-15,24UCS205,NATHIYA R,3rd Year,P,
2026-09-16,24UCS205,NATHIYA R,3rd Year,P,
2026-09-17,24UCS205,NATHIYA R,3rd Year,P,
2026-09-18,24UCS205,NATHIYA R,3rd Year,P,
2026-09-21,24UCS205,NATHIYA R,3rd Year,P,
2026-09-22,24UCS205,NATHIYA R,3rd Year,P,
2026-09-23,24UCS205,NATHIYA R,3rd Year,P,
2026-09-24,24UCS205,NATHIYA R,3rd Year,P,
2026-09-25,24UCS205,NATHIYA R,3rd Year,A,
2026-09-28,24UCS205,NATHIYA R,3rd Year,P,
2026-09-29,24UCS205,NATHIYA R,3rd Year,P,
2026-09-30,24UCS205,NATHIYA R,3rd Year,P,
2026-10-01,24UCS205,NATHIYA R,3rd Year,P,
2026-10-05,24UCS205,NATHIYA R,3rd Year,P,
2026-08-03,24UCS209,NISHANTH S,3rd Year,P,
2026-08-04,24UCS209,NISHANTH S,3rd Year,P,
2026-08-05,24UCS209,NISHANTH S,3rd Year,P,
2026-08-06,24UCS209,NISHANTH S,3rd Year,P,
2026-08-07,24UCS209,NISHANTH S,3rd Year,P,
2026-08-10,24UCS209,NISHANTH S,3rd Year,P,
2026-08-11,24UCS209,NISHANTH S,3rd Year,P,
2026-08-12,24UCS209,NISHANTH S,3rd Year,P,
2026-08-13,24UCS209,NISHANTH S,3rd Year,P,
2026-08-14,24UCS209,NISHANTH S,3rd Year,P,
2026-08-18,24UCS209,NISHANTH S,3rd Year,P,
2026-08-19,24UCS209,NISHANTH S,3rd Year,A,
2026-08-21,24UCS209,NISHANTH S,3rd Year,P,
2026-08-24,24UCS209,NISHANTH S,3rd Year,A,
2026-08-25,24UCS209,NISHANTH S,3rd Year,P,
2026-09-07,24UCS209,NISHANTH S,3rd Year,P,
2026-09-08,24UCS209,NISHANTH S,3rd Year,P,
2026-09-09,24UCS209,NISHANTH S,3rd Year,P,
2026-09-10,24UCS209,NISHANTH S,3rd Year,P,
2026-09-11,24UCS209,NISHANTH S,3rd Year,P,
2026-09-15,24UCS209,NISHANTH S,3rd Year,A,
2026-09-16,24UCS209,NISHANTH S,3rd Year,A,
2026-09-17,24UCS209,NISHANTH S,3rd Year,P,
2026-09-18,24UCS209,NISHANTH S,3rd Year,P,
2026-09-21,24UCS209,NISHANTH S,3rd Year,P,
2026-09-22,24UCS209,NISHANTH S,3rd Year,P,
2026-09-23,24UCS209,NISHANTH S,3rd Year,P,
2026-09-24,24UCS209,NISHANTH S,3rd Year,P,
2026-09-25,24UCS209,NISHANTH S,3rd Year,A,
2026-09-28,24UCS209,NISHANTH S,3rd Year,P,
2026-09-29,24UCS209,NISHANTH S,3rd Year,P,
2026-09-30,24UCS209,NISHANTH S,3rd Year,P,
2026-10-01,24UCS209,NISHANTH S,3rd Year,P,
2026-10-05,24UCS209,NISHANTH S,3rd Year,A,
2026-08-03,24UCS212,PAVISH P,3rd Year,P,
2026-08-04,24UCS212,PAVISH P,3rd Year,P,
2026-08-05,24UCS212,PAVISH P,3rd Year,P,
2026-08-06,24UCS212,PAVISH P,3rd Year,P,
2026-08-07,24UCS212,PAVISH P,3rd Year,P,
2026-08-10,24UCS212,PAVISH P,3rd Year,P,
2026-08-11,24UCS212,PAVISH P,3rd Year,P,
2026-08-12,24UCS212,PAVISH P,3rd Year,P,
2026-08-13,24UCS212,PAVISH P,3rd Year,P,
2026-08-14,24UCS212,PAVISH P,3rd Year,P,
2026-08-18,24UCS212,PAVISH P,3rd Year,P,
2026-08-19,24UCS212,PAVISH P,3rd Year,P,
2026-08-21,24UCS212,PAVISH P,3rd Year,P,
2026-08-24,24UCS212,PAVISH P,3rd Year,P,
2026-08-25,24UCS212,PAVISH P,3rd Year,P,
2026-09-07,24UCS212,PAVISH P,3rd Year,P,
2026-09-08,24UCS212,PAVISH P,3rd Year,P,
2026-09-09,24UCS212,PAVISH P,3rd Year,P,
2026-09-10,24UCS212,PAVISH P,3rd Year,P,
2026-09-11,24UCS212,PAVISH P,3rd Year,P,
2026-09-15,24UCS212,PAVISH P,3rd Year,P,
2026-09-16,24UCS212,PAVISH P,3rd Year,P,
2026-09-17,24UCS212,PAVISH P,3rd Year,P,
2026-09-18,24UCS212,PAVISH P,3rd Year,P,
2026-09-21,24UCS212,PAVISH P,3rd Year,P,
2026-09-22,24UCS212,PAVISH P,3rd Year,P,
2026-09-23,24UCS212,PAVISH P,3rd Year,P,
2026-09-24,24UCS212,PAVISH P,3rd Year,P,
2026-09-25,24UCS212,PAVISH P,3rd Year,A,
2026-09-28,24UCS212,PAVISH P,3rd Year,P,
2026-09-29,24UCS212,PAVISH P,3rd Year,P,
2026-09-30,24UCS212,PAVISH P,3rd Year,P,
2026-10-01,24UCS212,PAVISH P,3rd Year,P,
2026-10-05,24UCS212,PAVISH P,3rd Year,P,
2026-08-03,24UCS218,RAGHAVENDRA R,3rd Year,A,
2026-08-04,24UCS218,RAGHAVENDRA R,3rd Year,A,
2026-08-05,24UCS218,RAGHAVENDRA R,3rd Year,A,
2026-08-06,24UCS218,RAGHAVENDRA R,3rd Year,P,
2026-08-07,24UCS218,RAGHAVENDRA R,3rd Year,A,
2026-08-10,24UCS218,RAGHAVENDRA R,3rd Year,P,
2026-08-11,24UCS218,RAGHAVENDRA R,3rd Year,A,
2026-08-12,24UCS218,RAGHAVENDRA R,3rd Year,A,
2026-08-13,24UCS218,RAGHAVENDRA R,3rd Year,P,
2026-08-14,24UCS218,RAGHAVENDRA R,3rd Year,P,
2026-08-18,24UCS218,RAGHAVENDRA R,3rd Year,P,
2026-08-19,24UCS218,RAGHAVENDRA R,3rd Year,P,
2026-08-21,24UCS218,RAGHAVENDRA R,3rd Year,P,
2026-08-24,24UCS218,RAGHAVENDRA R,3rd Year,P,
2026-08-25,24UCS218,RAGHAVENDRA R,3rd Year,A,
2026-09-07,24UCS218,RAGHAVENDRA R,3rd Year,P,
2026-09-08,24UCS218,RAGHAVENDRA R,3rd Year,P,
2026-09-09,24UCS218,RAGHAVENDRA R,3rd Year,P,
2026-09-10,24UCS218,RAGHAVENDRA R,3rd Year,A,
2026-09-11,24UCS218,RAGHAVENDRA R,3rd Year,P,
2026-09-15,24UCS218,RAGHAVENDRA R,3rd Year,A,
2026-09-16,24UCS218,RAGHAVENDRA R,3rd Year,P,
2026-09-17,24UCS218,RAGHAVENDRA R,3rd Year,P,
2026-09-18,24UCS218,RAGHAVENDRA R,3rd Year,P,
2026-09-21,24UCS218,RAGHAVENDRA R,3rd Year,P,
2026-09-22,24UCS218,RAGHAVENDRA R,3rd Year,P,
2026-09-23,24UCS218,RAGHAVENDRA R,3rd Year,P,
2026-09-24,24UCS218,RAGHAVENDRA R,3rd Year,P,
2026-09-25,24UCS218,RAGHAVENDRA R,3rd Year,A,
2026-09-28,24UCS218,RAGHAVENDRA R,3rd Year,P,
2026-09-29,24UCS218,RAGHAVENDRA R,3rd Year,P,
2026-09-30,24UCS218,RAGHAVENDRA R,3rd Year,A,
2026-10-01,24UCS218,RAGHAVENDRA R,3rd Year,P,
2026-10-05,24UCS218,RAGHAVENDRA R,3rd Year,P,
2026-08-03,24UCS219,RAGUL S,3rd Year,A,
2026-08-04,24UCS219,RAGUL S,3rd Year,A,
2026-08-05,24UCS219,RAGUL S,3rd Year,P,
2026-08-06,24UCS219,RAGUL S,3rd Year,P,
2026-08-07,24UCS219,RAGUL S,3rd Year,P,
2026-08-10,24UCS219,RAGUL S,3rd Year,P,
2026-08-11,24UCS219,RAGUL S,3rd Year,P,
2026-08-12,24UCS219,RAGUL S,3rd Year,P,
2026-08-13,24UCS219,RAGUL S,3rd Year,P,
2026-08-14,24UCS219,RAGUL S,3rd Year,P,
2026-08-18,24UCS219,RAGUL S,3rd Year,P,
2026-08-19,24UCS219,RAGUL S,3rd Year,P,
2026-08-21,24UCS219,RAGUL S,3rd Year,P,
2026-08-24,24UCS219,RAGUL S,3rd Year,P,
2026-08-25,24UCS219,RAGUL S,3rd Year,A,
2026-09-07,24UCS219,RAGUL S,3rd Year,P,
2026-09-08,24UCS219,RAGUL S,3rd Year,P,
2026-09-09,24UCS219,RAGUL S,3rd Year,P,
2026-09-10,24UCS219,RAGUL S,3rd Year,A,
2026-09-11,24UCS219,RAGUL S,3rd Year,P,
2026-09-15,24UCS219,RAGUL S,3rd Year,A,
2026-09-16,24UCS219,RAGUL S,3rd Year,A,
2026-09-17,24UCS219,RAGUL S,3rd Year,P,
2026-09-18,24UCS219,RAGUL S,3rd Year,P,
2026-09-21,24UCS219,RAGUL S,3rd Year,P,
2026-09-22,24UCS219,RAGUL S,3rd Year,P,
2026-09-23,24UCS219,RAGUL S,3rd Year,P,
2026-09-24,24UCS219,RAGUL S,3rd Year,A,
2026-09-25,24UCS219,RAGUL S,3rd Year,A,
2026-09-28,24UCS219,RAGUL S,3rd Year,P,
2026-09-29,24UCS219,RAGUL S,3rd Year,P,
2026-09-30,24UCS219,RAGUL S,3rd Year,A,
2026-10-01,24UCS219,RAGUL S,3rd Year,P,
2026-10-05,24UCS219,RAGUL S,3rd Year,A,
2026-08-03,24UCS220,RAGUNATH R,3rd Year,A,
2026-08-04,24UCS220,RAGUNATH R,3rd Year,A,
2026-08-05,24UCS220,RAGUNATH R,3rd Year,A,
2026-08-06,24UCS220,RAGUNATH R,3rd Year,A,
2026-08-07,24UCS220,RAGUNATH R,3rd Year,A,
2026-08-10,24UCS220,RAGUNATH R,3rd Year,P,
2026-08-11,24UCS220,RAGUNATH R,3rd Year,A,
2026-08-12,24UCS220,RAGUNATH R,3rd Year,A,
2026-08-13,24UCS220,RAGUNATH R,3rd Year,P,
2026-08-14,24UCS220,RAGUNATH R,3rd Year,P,
2026-08-18,24UCS220,RAGUNATH R,3rd Year,P,
2026-08-19,24UCS220,RAGUNATH R,3rd Year,A,
2026-08-21,24UCS220,RAGUNATH R,3rd Year,P,
2026-08-24,24UCS220,RAGUNATH R,3rd Year,P,
2026-08-25,24UCS220,RAGUNATH R,3rd Year,A,
2026-09-07,24UCS220,RAGUNATH R,3rd Year,A,
2026-09-08,24UCS220,RAGUNATH R,3rd Year,P,
2026-09-09,24UCS220,RAGUNATH R,3rd Year,P,
2026-09-10,24UCS220,RAGUNATH R,3rd Year,P,
2026-09-11,24UCS220,RAGUNATH R,3rd Year,P,
2026-09-15,24UCS220,RAGUNATH R,3rd Year,A,
2026-09-16,24UCS220,RAGUNATH R,3rd Year,A,
2026-09-17,24UCS220,RAGUNATH R,3rd Year,P,
2026-09-18,24UCS220,RAGUNATH R,3rd Year,P,
2026-09-21,24UCS220,RAGUNATH R,3rd Year,A,
2026-09-22,24UCS220,RAGUNATH R,3rd Year,P,
2026-09-23,24UCS220,RAGUNATH R,3rd Year,P,
2026-09-24,24UCS220,RAGUNATH R,3rd Year,A,
2026-09-25,24UCS220,RAGUNATH R,3rd Year,P,
2026-09-28,24UCS220,RAGUNATH R,3rd Year,A,
2026-09-29,24UCS220,RAGUNATH R,3rd Year,A,
2026-09-30,24UCS220,RAGUNATH R,3rd Year,A,
2026-10-01,24UCS220,RAGUNATH R,3rd Year,A,
2026-10-05,24UCS220,RAGUNATH R,3rd Year,A,
2026-08-03,24UCS226,SAKTHI S,3rd Year,A,
2026-08-04,24UCS226,SAKTHI S,3rd Year,A,
2026-08-05,24UCS226,SAKTHI S,3rd Year,A,
2026-08-06,24UCS226,SAKTHI S,3rd Year,P,
2026-08-07,24UCS226,SAKTHI S,3rd Year,A,
2026-08-10,24UCS226,SAKTHI S,3rd Year,A,
2026-08-11,24UCS226,SAKTHI S,3rd Year,A,
2026-08-12,24UCS226,SAKTHI S,3rd Year,P,
2026-08-13,24UCS226,SAKTHI S,3rd Year,P,
2026-08-14,24UCS226,SAKTHI S,3rd Year,P,
2026-08-18,24UCS226,SAKTHI S,3rd Year,A,
2026-08-19,24UCS226,SAKTHI S,3rd Year,P,
2026-08-21,24UCS226,SAKTHI S,3rd Year,P,
2026-08-24,24UCS226,SAKTHI S,3rd Year,A,
2026-08-25,24UCS226,SAKTHI S,3rd Year,A,
2026-09-07,24UCS226,SAKTHI S,3rd Year,P,
2026-09-08,24UCS226,SAKTHI S,3rd Year,A,
2026-09-09,24UCS226,SAKTHI S,3rd Year,P,
2026-09-10,24UCS226,SAKTHI S,3rd Year,P,
2026-09-11,24UCS226,SAKTHI S,3rd Year,P,
2026-09-15,24UCS226,SAKTHI S,3rd Year,A,
2026-09-16,24UCS226,SAKTHI S,3rd Year,P,
2026-09-17,24UCS226,SAKTHI S,3rd Year,P,
2026-09-18,24UCS226,SAKTHI S,3rd Year,P,
2026-09-21,24UCS226,SAKTHI S,3rd Year,P,
2026-09-22,24UCS226,SAKTHI S,3rd Year,P,
2026-09-23,24UCS226,SAKTHI S,3rd Year,P,
2026-09-24,24UCS226,SAKTHI S,3rd Year,P,
2026-09-25,24UCS226,SAKTHI S,3rd Year,P,
2026-09-28,24UCS226,SAKTHI S,3rd Year,A,
2026-09-29,24UCS226,SAKTHI S,3rd Year,P,
2026-09-30,24UCS226,SAKTHI S,3rd Year,P,
2026-10-01,24UCS226,SAKTHI S,3rd Year,P,
2026-10-05,24UCS226,SAKTHI S,3rd Year,P,
2026-08-03,24UCS230,SANDHIYA V,3rd Year,A,
2026-08-04,24UCS230,SANDHIYA V,3rd Year,A,
2026-08-05,24UCS230,SANDHIYA V,3rd Year,A,
2026-08-06,24UCS230,SANDHIYA V,3rd Year,P,
2026-08-07,24UCS230,SANDHIYA V,3rd Year,P,
2026-08-10,24UCS230,SANDHIYA V,3rd Year,P,
2026-08-11,24UCS230,SANDHIYA V,3rd Year,A,
2026-08-12,24UCS230,SANDHIYA V,3rd Year,P,
2026-08-13,24UCS230,SANDHIYA V,3rd Year,P,
2026-08-14,24UCS230,SANDHIYA V,3rd Year,P,
2026-08-18,24UCS230,SANDHIYA V,3rd Year,P,
2026-08-19,24UCS230,SANDHIYA V,3rd Year,P,
2026-08-21,24UCS230,SANDHIYA V,3rd Year,P,
2026-08-24,24UCS230,SANDHIYA V,3rd Year,A,
2026-08-25,24UCS230,SANDHIYA V,3rd Year,A,
2026-09-07,24UCS230,SANDHIYA V,3rd Year,A,
2026-09-08,24UCS230,SANDHIYA V,3rd Year,P,
2026-09-09,24UCS230,SANDHIYA V,3rd Year,P,
2026-09-10,24UCS230,SANDHIYA V,3rd Year,P,
2026-09-11,24UCS230,SANDHIYA V,3rd Year,P,
2026-09-15,24UCS230,SANDHIYA V,3rd Year,A,
2026-09-16,24UCS230,SANDHIYA V,3rd Year,P,
2026-09-17,24UCS230,SANDHIYA V,3rd Year,P,
2026-09-18,24UCS230,SANDHIYA V,3rd Year,P,
2026-09-21,24UCS230,SANDHIYA V,3rd Year,P,
2026-09-22,24UCS230,SANDHIYA V,3rd Year,P,
2026-09-23,24UCS230,SANDHIYA V,3rd Year,P,
2026-09-24,24UCS230,SANDHIYA V,3rd Year,A,
2026-09-25,24UCS230,SANDHIYA V,3rd Year,P,
2026-09-28,24UCS230,SANDHIYA V,3rd Year,P,
2026-09-29,24UCS230,SANDHIYA V,3rd Year,A,
2026-09-30,24UCS230,SANDHIYA V,3rd Year,P,
2026-10-01,24UCS230,SANDHIYA V,3rd Year,P,
2026-10-05,24UCS230,SANDHIYA V,3rd Year,P,
2026-08-03,24UCS231,SANJAI S,3rd Year,P,
2026-08-04,24UCS231,SANJAI S,3rd Year,P,
2026-08-05,24UCS231,SANJAI S,3rd Year,P,
2026-08-06,24UCS231,SANJAI S,3rd Year,P,
2026-08-07,24UCS231,SANJAI S,3rd Year,A,
2026-08-10,24UCS231,SANJAI S,3rd Year,P,
2026-08-11,24UCS231,SANJAI S,3rd Year,P,
2026-08-12,24UCS231,SANJAI S,3rd Year,P,
2026-08-13,24UCS231,SANJAI S,3rd Year,P,
2026-08-14,24UCS231,SANJAI S,3rd Year,P,
2026-08-18,24UCS231,SANJAI S,3rd Year,P,
2026-08-19,24UCS231,SANJAI S,3rd Year,P,
2026-08-21,24UCS231,SANJAI S,3rd Year,P,
2026-08-24,24UCS231,SANJAI S,3rd Year,P,
2026-08-25,24UCS231,SANJAI S,3rd Year,P,
2026-09-07,24UCS231,SANJAI S,3rd Year,A,
2026-09-08,24UCS231,SANJAI S,3rd Year,P,
2026-09-09,24UCS231,SANJAI S,3rd Year,P,
2026-09-10,24UCS231,SANJAI S,3rd Year,P,
2026-09-11,24UCS231,SANJAI S,3rd Year,P,
2026-09-15,24UCS231,SANJAI S,3rd Year,A,
2026-09-16,24UCS231,SANJAI S,3rd Year,P,
2026-09-17,24UCS231,SANJAI S,3rd Year,P,
2026-09-18,24UCS231,SANJAI S,3rd Year,P,
2026-09-21,24UCS231,SANJAI S,3rd Year,P,
2026-09-22,24UCS231,SANJAI S,3rd Year,P,
2026-09-23,24UCS231,SANJAI S,3rd Year,P,
2026-09-24,24UCS231,SANJAI S,3rd Year,P,
2026-09-25,24UCS231,SANJAI S,3rd Year,P,
2026-09-28,24UCS231,SANJAI S,3rd Year,P,
2026-09-29,24UCS231,SANJAI S,3rd Year,P,
2026-09-30,24UCS231,SANJAI S,3rd Year,P,
2026-10-01,24UCS231,SANJAI S,3rd Year,P,
2026-10-05,24UCS231,SANJAI S,3rd Year,A,
2026-08-03,24UCS232,SANTHANU S,3rd Year,P,
2026-08-04,24UCS232,SANTHANU S,3rd Year,P,
2026-08-05,24UCS232,SANTHANU S,3rd Year,P,
2026-08-06,24UCS232,SANTHANU S,3rd Year,P,
2026-08-07,24UCS232,SANTHANU S,3rd Year,P,
2026-08-10,24UCS232,SANTHANU S,3rd Year,P,
2026-08-11,24UCS232,SANTHANU S,3rd Year,P,
2026-08-12,24UCS232,SANTHANU S,3rd Year,P,
2026-08-13,24UCS232,SANTHANU S,3rd Year,P,
2026-08-14,24UCS232,SANTHANU S,3rd Year,P,
2026-08-18,24UCS232,SANTHANU S,3rd Year,P,
2026-08-19,24UCS232,SANTHANU S,3rd Year,P,
2026-08-21,24UCS232,SANTHANU S,3rd Year,P,
2026-08-24,24UCS232,SANTHANU S,3rd Year,P,
2026-08-25,24UCS232,SANTHANU S,3rd Year,P,
2026-09-07,24UCS232,SANTHANU S,3rd Year,P,
2026-09-08,24UCS232,SANTHANU S,3rd Year,P,
2026-09-09,24UCS232,SANTHANU S,3rd Year,P,
2026-09-10,24UCS232,SANTHANU S,3rd Year,P,
2026-09-11,24UCS232,SANTHANU S,3rd Year,P,
2026-09-15,24UCS232,SANTHANU S,3rd Year,P,
2026-09-16,24UCS232,SANTHANU S,3rd Year,P,
2026-09-17,24UCS232,SANTHANU S,3rd Year,P,
2026-09-18,24UCS232,SANTHANU S,3rd Year,P,
2026-09-21,24UCS232,SANTHANU S,3rd Year,P,
2026-09-22,24UCS232,SANTHANU S,3rd Year,P,
2026-09-23,24UCS232,SANTHANU S,3rd Year,P,
2026-09-24,24UCS232,SANTHANU S,3rd Year,P,
2026-09-25,24UCS232,SANTHANU S,3rd Year,A,
2026-09-28,24UCS232,SANTHANU S,3rd Year,P,
2026-09-29,24UCS232,SANTHANU S,3rd Year,P,
2026-09-30,24UCS232,SANTHANU S,3rd Year,P,
2026-10-01,24UCS232,SANTHANU S,3rd Year,P,
2026-10-05,24UCS232,SANTHANU S,3rd Year,A,
2026-08-03,24UCS233,SANTHOSH P,3rd Year,A,
2026-08-04,24UCS233,SANTHOSH P,3rd Year,A,
2026-08-05,24UCS233,SANTHOSH P,3rd Year,A,
2026-08-06,24UCS233,SANTHOSH P,3rd Year,P,
2026-08-07,24UCS233,SANTHOSH P,3rd Year,P,
2026-08-10,24UCS233,SANTHOSH P,3rd Year,P,
2026-08-11,24UCS233,SANTHOSH P,3rd Year,A,
2026-08-12,24UCS233,SANTHOSH P,3rd Year,A,
2026-08-13,24UCS233,SANTHOSH P,3rd Year,P,
2026-08-14,24UCS233,SANTHOSH P,3rd Year,P,
2026-08-18,24UCS233,SANTHOSH P,3rd Year,A,
2026-08-19,24UCS233,SANTHOSH P,3rd Year,A,
2026-08-21,24UCS233,SANTHOSH P,3rd Year,P,
2026-08-24,24UCS233,SANTHOSH P,3rd Year,P,
2026-08-25,24UCS233,SANTHOSH P,3rd Year,P,
2026-09-07,24UCS233,SANTHOSH P,3rd Year,P,
2026-09-08,24UCS233,SANTHOSH P,3rd Year,P,
2026-09-09,24UCS233,SANTHOSH P,3rd Year,P,
2026-09-10,24UCS233,SANTHOSH P,3rd Year,P,
2026-09-11,24UCS233,SANTHOSH P,3rd Year,P,
2026-09-15,24UCS233,SANTHOSH P,3rd Year,P,
2026-09-16,24UCS233,SANTHOSH P,3rd Year,P,
2026-09-17,24UCS233,SANTHOSH P,3rd Year,P,
2026-09-18,24UCS233,SANTHOSH P,3rd Year,P,
2026-09-21,24UCS233,SANTHOSH P,3rd Year,P,
2026-09-22,24UCS233,SANTHOSH P,3rd Year,P,
2026-09-23,24UCS233,SANTHOSH P,3rd Year,P,
2026-09-24,24UCS233,SANTHOSH P,3rd Year,P,
2026-09-25,24UCS233,SANTHOSH P,3rd Year,A,
2026-09-28,24UCS233,SANTHOSH P,3rd Year,P,
2026-09-29,24UCS233,SANTHOSH P,3rd Year,P,
2026-09-30,24UCS233,SANTHOSH P,3rd Year,P,
2026-10-01,24UCS233,SANTHOSH P,3rd Year,A,
2026-10-05,24UCS233,SANTHOSH P,3rd Year,P,
2026-08-03,24UCS234,SANTHOSH PRIYAN S,3rd Year,P,
2026-08-04,24UCS234,SANTHOSH PRIYAN S,3rd Year,P,
2026-08-05,24UCS234,SANTHOSH PRIYAN S,3rd Year,P,
2026-08-06,24UCS234,SANTHOSH PRIYAN S,3rd Year,P,
2026-08-07,24UCS234,SANTHOSH PRIYAN S,3rd Year,P,
2026-08-10,24UCS234,SANTHOSH PRIYAN S,3rd Year,P,
2026-08-11,24UCS234,SANTHOSH PRIYAN S,3rd Year,A,
2026-08-12,24UCS234,SANTHOSH PRIYAN S,3rd Year,P,
2026-08-13,24UCS234,SANTHOSH PRIYAN S,3rd Year,P,
2026-08-14,24UCS234,SANTHOSH PRIYAN S,3rd Year,P,
2026-08-18,24UCS234,SANTHOSH PRIYAN S,3rd Year,P,
2026-08-19,24UCS234,SANTHOSH PRIYAN S,3rd Year,P,
2026-08-21,24UCS234,SANTHOSH PRIYAN S,3rd Year,P,
2026-08-24,24UCS234,SANTHOSH PRIYAN S,3rd Year,P,
2026-08-25,24UCS234,SANTHOSH PRIYAN S,3rd Year,P,
2026-09-07,24UCS234,SANTHOSH PRIYAN S,3rd Year,P,
2026-09-08,24UCS234,SANTHOSH PRIYAN S,3rd Year,P,
2026-09-09,24UCS234,SANTHOSH PRIYAN S,3rd Year,P,
2026-09-10,24UCS234,SANTHOSH PRIYAN S,3rd Year,P,
2026-09-11,24UCS234,SANTHOSH PRIYAN S,3rd Year,P,
2026-09-15,24UCS234,SANTHOSH PRIYAN S,3rd Year,A,
2026-09-16,24UCS234,SANTHOSH PRIYAN S,3rd Year,P,
2026-09-17,24UCS234,SANTHOSH PRIYAN S,3rd Year,P,
2026-09-18,24UCS234,SANTHOSH PRIYAN S,3rd Year,P,
2026-09-21,24UCS234,SANTHOSH PRIYAN S,3rd Year,P,
2026-09-22,24UCS234,SANTHOSH PRIYAN S,3rd Year,P,
2026-09-23,24UCS234,SANTHOSH PRIYAN S,3rd Year,P,
2026-09-24,24UCS234,SANTHOSH PRIYAN S,3rd Year,P,
2026-09-25,24UCS234,SANTHOSH PRIYAN S,3rd Year,A,
2026-09-28,24UCS234,SANTHOSH PRIYAN S,3rd Year,P,
2026-09-29,24UCS234,SANTHOSH PRIYAN S,3rd Year,P,
2026-09-30,24UCS234,SANTHOSH PRIYAN S,3rd Year,P,
2026-10-01,24UCS234,SANTHOSH PRIYAN S,3rd Year,P,
2026-10-05,24UCS234,SANTHOSH PRIYAN S,3rd Year,P,
2026-08-03,24UCS236,SHAILESH V,3rd Year,P,
2026-08-04,24UCS236,SHAILESH V,3rd Year,A,
2026-08-05,24UCS236,SHAILESH V,3rd Year,A,
2026-08-06,24UCS236,SHAILESH V,3rd Year,A,
2026-08-07,24UCS236,SHAILESH V,3rd Year,P,
2026-08-10,24UCS236,SHAILESH V,3rd Year,P,
2026-08-11,24UCS236,SHAILESH V,3rd Year,A,
2026-08-12,24UCS236,SHAILESH V,3rd Year,P,
2026-08-13,24UCS236,SHAILESH V,3rd Year,P,
2026-08-14,24UCS236,SHAILESH V,3rd Year,P,
2026-08-18,24UCS236,SHAILESH V,3rd Year,P,
2026-08-19,24UCS236,SHAILESH V,3rd Year,P,
2026-08-21,24UCS236,SHAILESH V,3rd Year,P,
2026-08-24,24UCS236,SHAILESH V,3rd Year,P,
2026-08-25,24UCS236,SHAILESH V,3rd Year,P,
2026-09-07,24UCS236,SHAILESH V,3rd Year,P,
2026-09-08,24UCS236,SHAILESH V,3rd Year,A,
2026-09-09,24UCS236,SHAILESH V,3rd Year,P,
2026-09-10,24UCS236,SHAILESH V,3rd Year,P,
2026-09-11,24UCS236,SHAILESH V,3rd Year,P,
2026-09-15,24UCS236,SHAILESH V,3rd Year,P,
2026-09-16,24UCS236,SHAILESH V,3rd Year,P,
2026-09-17,24UCS236,SHAILESH V,3rd Year,P,
2026-09-18,24UCS236,SHAILESH V,3rd Year,P,
2026-09-21,24UCS236,SHAILESH V,3rd Year,A,
2026-09-22,24UCS236,SHAILESH V,3rd Year,A,
2026-09-23,24UCS236,SHAILESH V,3rd Year,A,
2026-09-24,24UCS236,SHAILESH V,3rd Year,P,
2026-09-25,24UCS236,SHAILESH V,3rd Year,A,
2026-09-28,24UCS236,SHAILESH V,3rd Year,A,
2026-09-29,24UCS236,SHAILESH V,3rd Year,P,
2026-09-30,24UCS236,SHAILESH V,3rd Year,P,
2026-10-01,24UCS236,SHAILESH V,3rd Year,P,
2026-10-05,24UCS236,SHAILESH V,3rd Year,P,
2026-08-03,24UCS241,SHRIHARI D,3rd Year,P,
2026-08-04,24UCS241,SHRIHARI D,3rd Year,A,
2026-08-05,24UCS241,SHRIHARI D,3rd Year,P,
2026-08-06,24UCS241,SHRIHARI D,3rd Year,P,
2026-08-07,24UCS241,SHRIHARI D,3rd Year,P,
2026-08-10,24UCS241,SHRIHARI D,3rd Year,P,
2026-08-11,24UCS241,SHRIHARI D,3rd Year,A,
2026-08-12,24UCS241,SHRIHARI D,3rd Year,A,
2026-08-13,24UCS241,SHRIHARI D,3rd Year,P,
2026-08-14,24UCS241,SHRIHARI D,3rd Year,P,
2026-08-18,24UCS241,SHRIHARI D,3rd Year,P,
2026-08-19,24UCS241,SHRIHARI D,3rd Year,P,
2026-08-21,24UCS241,SHRIHARI D,3rd Year,P,
2026-08-24,24UCS241,SHRIHARI D,3rd Year,P,
2026-08-25,24UCS241,SHRIHARI D,3rd Year,P,
2026-09-07,24UCS241,SHRIHARI D,3rd Year,P,
2026-09-08,24UCS241,SHRIHARI D,3rd Year,A,
2026-09-09,24UCS241,SHRIHARI D,3rd Year,P,
2026-09-10,24UCS241,SHRIHARI D,3rd Year,P,
2026-09-11,24UCS241,SHRIHARI D,3rd Year,P,
2026-09-15,24UCS241,SHRIHARI D,3rd Year,P,
2026-09-16,24UCS241,SHRIHARI D,3rd Year,P,
2026-09-17,24UCS241,SHRIHARI D,3rd Year,P,
2026-09-18,24UCS241,SHRIHARI D,3rd Year,P,
2026-09-21,24UCS241,SHRIHARI D,3rd Year,P,
2026-09-22,24UCS241,SHRIHARI D,3rd Year,P,
2026-09-23,24UCS241,SHRIHARI D,3rd Year,P,
2026-09-24,24UCS241,SHRIHARI D,3rd Year,P,
2026-09-25,24UCS241,SHRIHARI D,3rd Year,A,
2026-09-28,24UCS241,SHRIHARI D,3rd Year,A,
2026-09-29,24UCS241,SHRIHARI D,3rd Year,A,
2026-09-30,24UCS241,SHRIHARI D,3rd Year,P,
2026-10-01,24UCS241,SHRIHARI D,3rd Year,P,
2026-10-05,24UCS241,SHRIHARI D,3rd Year,P,
2026-08-03,24UCS242,SHRUTHI S,3rd Year,P,
2026-08-04,24UCS242,SHRUTHI S,3rd Year,A,
2026-08-05,24UCS242,SHRUTHI S,3rd Year,P,
2026-08-06,24UCS242,SHRUTHI S,3rd Year,P,
2026-08-07,24UCS242,SHRUTHI S,3rd Year,P,
2026-08-10,24UCS242,SHRUTHI S,3rd Year,P,
2026-08-11,24UCS242,SHRUTHI S,3rd Year,A,
2026-08-12,24UCS242,SHRUTHI S,3rd Year,P,
2026-08-13,24UCS242,SHRUTHI S,3rd Year,P,
2026-08-14,24UCS242,SHRUTHI S,3rd Year,P,
2026-08-18,24UCS242,SHRUTHI S,3rd Year,P,
2026-08-19,24UCS242,SHRUTHI S,3rd Year,P,
2026-08-21,24UCS242,SHRUTHI S,3rd Year,A,
2026-08-24,24UCS242,SHRUTHI S,3rd Year,P,
2026-08-25,24UCS242,SHRUTHI S,3rd Year,A,
2026-09-07,24UCS242,SHRUTHI S,3rd Year,P,
2026-09-08,24UCS242,SHRUTHI S,3rd Year,P,
2026-09-09,24UCS242,SHRUTHI S,3rd Year,P,
2026-09-10,24UCS242,SHRUTHI S,3rd Year,P,
2026-09-11,24UCS242,SHRUTHI S,3rd Year,P,
2026-09-15,24UCS242,SHRUTHI S,3rd Year,P,
2026-09-16,24UCS242,SHRUTHI S,3rd Year,P,
2026-09-17,24UCS242,SHRUTHI S,3rd Year,A,
2026-09-18,24UCS242,SHRUTHI S,3rd Year,P,
2026-09-21,24UCS242,SHRUTHI S,3rd Year,P,
2026-09-22,24UCS242,SHRUTHI S,3rd Year,P,
2026-09-23,24UCS242,SHRUTHI S,3rd Year,P,
2026-09-24,24UCS242,SHRUTHI S,3rd Year,P,
2026-09-25,24UCS242,SHRUTHI S,3rd Year,A,
2026-09-28,24UCS242,SHRUTHI S,3rd Year,P,
2026-09-29,24UCS242,SHRUTHI S,3rd Year,P,
2026-09-30,24UCS242,SHRUTHI S,3rd Year,P,
2026-10-01,24UCS242,SHRUTHI S,3rd Year,P,
2026-10-05,24UCS242,SHRUTHI S,3rd Year,P,
2026-08-03,24UCS247,SRIRAM S,3rd Year,A,
2026-08-04,24UCS247,SRIRAM S,3rd Year,A,
2026-08-05,24UCS247,SRIRAM S,3rd Year,P,
2026-08-06,24UCS247,SRIRAM S,3rd Year,P,
2026-08-07,24UCS247,SRIRAM S,3rd Year,A,
2026-08-10,24UCS247,SRIRAM S,3rd Year,P,
2026-08-11,24UCS247,SRIRAM S,3rd Year,A,
2026-08-12,24UCS247,SRIRAM S,3rd Year,P,
2026-08-13,24UCS247,SRIRAM S,3rd Year,P,
2026-08-14,24UCS247,SRIRAM S,3rd Year,P,
2026-08-18,24UCS247,SRIRAM S,3rd Year,P,
2026-08-19,24UCS247,SRIRAM S,3rd Year,P,
2026-08-21,24UCS247,SRIRAM S,3rd Year,A,
2026-08-24,24UCS247,SRIRAM S,3rd Year,P,
2026-08-25,24UCS247,SRIRAM S,3rd Year,P,
2026-09-07,24UCS247,SRIRAM S,3rd Year,A,
2026-09-08,24UCS247,SRIRAM S,3rd Year,A,
2026-09-09,24UCS247,SRIRAM S,3rd Year,A,
2026-09-10,24UCS247,SRIRAM S,3rd Year,P,
2026-09-11,24UCS247,SRIRAM S,3rd Year,P,
2026-09-15,24UCS247,SRIRAM S,3rd Year,A,
2026-09-16,24UCS247,SRIRAM S,3rd Year,A,
2026-09-17,24UCS247,SRIRAM S,3rd Year,P,
2026-09-18,24UCS247,SRIRAM S,3rd Year,P,
2026-09-21,24UCS247,SRIRAM S,3rd Year,P,
2026-09-22,24UCS247,SRIRAM S,3rd Year,P,
2026-09-23,24UCS247,SRIRAM S,3rd Year,P,
2026-09-24,24UCS247,SRIRAM S,3rd Year,A,
2026-09-25,24UCS247,SRIRAM S,3rd Year,A,
2026-09-28,24UCS247,SRIRAM S,3rd Year,A,
2026-09-29,24UCS247,SRIRAM S,3rd Year,A,
2026-09-30,24UCS247,SRIRAM S,3rd Year,A,
2026-10-01,24UCS247,SRIRAM S,3rd Year,A,
2026-10-05,24UCS247,SRIRAM S,3rd Year,A,
2026-08-03,24UCS249,SUBASH R,3rd Year,P,
2026-08-04,24UCS249,SUBASH R,3rd Year,A,
2026-08-05,24UCS249,SUBASH R,3rd Year,P,
2026-08-06,24UCS249,SUBASH R,3rd Year,A,
2026-08-07,24UCS249,SUBASH R,3rd Year,P,
2026-08-10,24UCS249,SUBASH R,3rd Year,P,
2026-08-11,24UCS249,SUBASH R,3rd Year,A,
2026-08-12,24UCS249,SUBASH R,3rd Year,P,
2026-08-13,24UCS249,SUBASH R,3rd Year,P,
2026-08-14,24UCS249,SUBASH R,3rd Year,P,
2026-08-18,24UCS249,SUBASH R,3rd Year,P,
2026-08-19,24UCS249,SUBASH R,3rd Year,P,
2026-08-21,24UCS249,SUBASH R,3rd Year,A,
2026-08-24,24UCS249,SUBASH R,3rd Year,P,
2026-08-25,24UCS249,SUBASH R,3rd Year,P,
2026-09-07,24UCS249,SUBASH R,3rd Year,A,
2026-09-08,24UCS249,SUBASH R,3rd Year,P,
2026-09-09,24UCS249,SUBASH R,3rd Year,P,
2026-09-10,24UCS249,SUBASH R,3rd Year,P,
2026-09-11,24UCS249,SUBASH R,3rd Year,P,
2026-09-15,24UCS249,SUBASH R,3rd Year,A,
2026-09-16,24UCS249,SUBASH R,3rd Year,P,
2026-09-17,24UCS249,SUBASH R,3rd Year,P,
2026-09-18,24UCS249,SUBASH R,3rd Year,P,
2026-09-21,24UCS249,SUBASH R,3rd Year,P,
2026-09-22,24UCS249,SUBASH R,3rd Year,P,
2026-09-23,24UCS249,SUBASH R,3rd Year,P,
2026-09-24,24UCS249,SUBASH R,3rd Year,P,
2026-09-25,24UCS249,SUBASH R,3rd Year,A,
2026-09-28,24UCS249,SUBASH R,3rd Year,A,
2026-09-29,24UCS249,SUBASH R,3rd Year,P,
2026-09-30,24UCS249,SUBASH R,3rd Year,P,
2026-10-01,24UCS249,SUBASH R,3rd Year,P,
2026-10-05,24UCS249,SUBASH R,3rd Year,A,
2026-08-03,24UCS252,SWATHMIKA S S,3rd Year,A,
2026-08-04,24UCS252,SWATHMIKA S S,3rd Year,A,
2026-08-05,24UCS252,SWATHMIKA S S,3rd Year,A,
2026-08-06,24UCS252,SWATHMIKA S S,3rd Year,A,
2026-08-07,24UCS252,SWATHMIKA S S,3rd Year,P,
2026-08-10,24UCS252,SWATHMIKA S S,3rd Year,P,
2026-08-11,24UCS252,SWATHMIKA S S,3rd Year,A,
2026-08-12,24UCS252,SWATHMIKA S S,3rd Year,P,
2026-08-13,24UCS252,SWATHMIKA S S,3rd Year,P,
2026-08-14,24UCS252,SWATHMIKA S S,3rd Year,P,
2026-08-18,24UCS252,SWATHMIKA S S,3rd Year,P,
2026-08-19,24UCS252,SWATHMIKA S S,3rd Year,P,
2026-08-21,24UCS252,SWATHMIKA S S,3rd Year,P,
2026-08-24,24UCS252,SWATHMIKA S S,3rd Year,P,
2026-08-25,24UCS252,SWATHMIKA S S,3rd Year,A,
2026-09-07,24UCS252,SWATHMIKA S S,3rd Year,P,
2026-09-08,24UCS252,SWATHMIKA S S,3rd Year,P,
2026-09-09,24UCS252,SWATHMIKA S S,3rd Year,P,
2026-09-10,24UCS252,SWATHMIKA S S,3rd Year,P,
2026-09-11,24UCS252,SWATHMIKA S S,3rd Year,P,
2026-09-15,24UCS252,SWATHMIKA S S,3rd Year,P,
2026-09-16,24UCS252,SWATHMIKA S S,3rd Year,P,
2026-09-17,24UCS252,SWATHMIKA S S,3rd Year,P,
2026-09-18,24UCS252,SWATHMIKA S S,3rd Year,P,
2026-09-21,24UCS252,SWATHMIKA S S,3rd Year,P,
2026-09-22,24UCS252,SWATHMIKA S S,3rd Year,P,
2026-09-23,24UCS252,SWATHMIKA S S,3rd Year,P,
2026-09-24,24UCS252,SWATHMIKA S S,3rd Year,P,
2026-09-25,24UCS252,SWATHMIKA S S,3rd Year,P,
2026-09-28,24UCS252,SWATHMIKA S S,3rd Year,P,
2026-09-29,24UCS252,SWATHMIKA S S,3rd Year,P,
2026-09-30,24UCS252,SWATHMIKA S S,3rd Year,P,
2026-10-01,24UCS252,SWATHMIKA S S,3rd Year,P,
2026-10-05,24UCS252,SWATHMIKA S S,3rd Year,P,
2026-08-03,24UCS255,THANISHKASRI Y,3rd Year,P,
2026-08-04,24UCS255,THANISHKASRI Y,3rd Year,A,
2026-08-05,24UCS255,THANISHKASRI Y,3rd Year,P,
2026-08-06,24UCS255,THANISHKASRI Y,3rd Year,P,
2026-08-07,24UCS255,THANISHKASRI Y,3rd Year,P,
2026-08-10,24UCS255,THANISHKASRI Y,3rd Year,P,
2026-08-11,24UCS255,THANISHKASRI Y,3rd Year,A,
2026-08-12,24UCS255,THANISHKASRI Y,3rd Year,P,
2026-08-13,24UCS255,THANISHKASRI Y,3rd Year,P,
2026-08-14,24UCS255,THANISHKASRI Y,3rd Year,P,
2026-08-18,24UCS255,THANISHKASRI Y,3rd Year,A,
2026-08-19,24UCS255,THANISHKASRI Y,3rd Year,A,
2026-08-21,24UCS255,THANISHKASRI Y,3rd Year,A,
2026-08-24,24UCS255,THANISHKASRI Y,3rd Year,A,
2026-08-25,24UCS255,THANISHKASRI Y,3rd Year,A,
2026-09-07,24UCS255,THANISHKASRI Y,3rd Year,P,
2026-09-08,24UCS255,THANISHKASRI Y,3rd Year,P,
2026-09-09,24UCS255,THANISHKASRI Y,3rd Year,P,
2026-09-10,24UCS255,THANISHKASRI Y,3rd Year,P,
2026-09-11,24UCS255,THANISHKASRI Y,3rd Year,P,
2026-09-15,24UCS255,THANISHKASRI Y,3rd Year,P,
2026-09-16,24UCS255,THANISHKASRI Y,3rd Year,P,
2026-09-17,24UCS255,THANISHKASRI Y,3rd Year,A,
2026-09-18,24UCS255,THANISHKASRI Y,3rd Year,P,
2026-09-21,24UCS255,THANISHKASRI Y,3rd Year,P,
2026-09-22,24UCS255,THANISHKASRI Y,3rd Year,P,
2026-09-23,24UCS255,THANISHKASRI Y,3rd Year,P,
2026-09-24,24UCS255,THANISHKASRI Y,3rd Year,P,
2026-09-25,24UCS255,THANISHKASRI Y,3rd Year,P,
2026-09-28,24UCS255,THANISHKASRI Y,3rd Year,P,
2026-09-29,24UCS255,THANISHKASRI Y,3rd Year,P,
2026-09-30,24UCS255,THANISHKASRI Y,3rd Year,P,
2026-10-01,24UCS255,THANISHKASRI Y,3rd Year,P,
2026-10-05,24UCS255,THANISHKASRI Y,3rd Year,A,
2026-08-03,24UCS262,VISHNU PRIYA R,3rd Year,P,
2026-08-04,24UCS262,VISHNU PRIYA R,3rd Year,P,
2026-08-05,24UCS262,VISHNU PRIYA R,3rd Year,P,
2026-08-06,24UCS262,VISHNU PRIYA R,3rd Year,P,
2026-08-07,24UCS262,VISHNU PRIYA R,3rd Year,P,
2026-08-10,24UCS262,VISHNU PRIYA R,3rd Year,P,
2026-08-11,24UCS262,VISHNU PRIYA R,3rd Year,P,
2026-08-12,24UCS262,VISHNU PRIYA R,3rd Year,P,
2026-08-13,24UCS262,VISHNU PRIYA R,3rd Year,P,
2026-08-14,24UCS262,VISHNU PRIYA R,3rd Year,P,
2026-08-18,24UCS262,VISHNU PRIYA R,3rd Year,P,
2026-08-19,24UCS262,VISHNU PRIYA R,3rd Year,P,
2026-08-21,24UCS262,VISHNU PRIYA R,3rd Year,P,
2026-08-24,24UCS262,VISHNU PRIYA R,3rd Year,P,
2026-08-25,24UCS262,VISHNU PRIYA R,3rd Year,A,
2026-09-07,24UCS262,VISHNU PRIYA R,3rd Year,P,
2026-09-08,24UCS262,VISHNU PRIYA R,3rd Year,P,
2026-09-09,24UCS262,VISHNU PRIYA R,3rd Year,P,
2026-09-10,24UCS262,VISHNU PRIYA R,3rd Year,P,
2026-09-11,24UCS262,VISHNU PRIYA R,3rd Year,P,
2026-09-15,24UCS262,VISHNU PRIYA R,3rd Year,P,
2026-09-16,24UCS262,VISHNU PRIYA R,3rd Year,P,
2026-09-17,24UCS262,VISHNU PRIYA R,3rd Year,A,
2026-09-18,24UCS262,VISHNU PRIYA R,3rd Year,P,
2026-09-21,24UCS262,VISHNU PRIYA R,3rd Year,P,
2026-09-22,24UCS262,VISHNU PRIYA R,3rd Year,P,
2026-09-23,24UCS262,VISHNU PRIYA R,3rd Year,P,
2026-09-24,24UCS262,VISHNU PRIYA R,3rd Year,P,
2026-09-25,24UCS262,VISHNU PRIYA R,3rd Year,A,
2026-09-28,24UCS262,VISHNU PRIYA R,3rd Year,P,
2026-09-29,24UCS262,VISHNU PRIYA R,3rd Year,P,
2026-09-30,24UCS262,VISHNU PRIYA R,3rd Year,P,
2026-10-01,24UCS262,VISHNU PRIYA R,3rd Year,P,
2026-10-05,24UCS262,VISHNU PRIYA R,3rd Year,P,
2026-08-03,24UCS610,SUDHARSAN N K,3rd Year,P,
2026-08-04,24UCS610,SUDHARSAN N K,3rd Year,A,
2026-08-05,24UCS610,SUDHARSAN N K,3rd Year,P,
2026-08-06,24UCS610,SUDHARSAN N K,3rd Year,P,
2026-08-07,24UCS610,SUDHARSAN N K,3rd Year,P,
2026-08-10,24UCS610,SUDHARSAN N K,3rd Year,P,
2026-08-11,24UCS610,SUDHARSAN N K,3rd Year,P,
2026-08-12,24UCS610,SUDHARSAN N K,3rd Year,A,
2026-08-13,24UCS610,SUDHARSAN N K,3rd Year,A,
2026-08-14,24UCS610,SUDHARSAN N K,3rd Year,P,
2026-08-18,24UCS610,SUDHARSAN N K,3rd Year,P,
2026-08-19,24UCS610,SUDHARSAN N K,3rd Year,P,
2026-08-21,24UCS610,SUDHARSAN N K,3rd Year,P,
2026-08-24,24UCS610,SUDHARSAN N K,3rd Year,P,
2026-08-25,24UCS610,SUDHARSAN N K,3rd Year,A,
2026-09-07,24UCS610,SUDHARSAN N K,3rd Year,P,
2026-09-08,24UCS610,SUDHARSAN N K,3rd Year,P,
2026-09-09,24UCS610,SUDHARSAN N K,3rd Year,P,
2026-09-10,24UCS610,SUDHARSAN N K,3rd Year,A,
2026-09-11,24UCS610,SUDHARSAN N K,3rd Year,A,
2026-09-15,24UCS610,SUDHARSAN N K,3rd Year,A,
2026-09-16,24UCS610,SUDHARSAN N K,3rd Year,P,
2026-09-17,24UCS610,SUDHARSAN N K,3rd Year,P,
2026-09-18,24UCS610,SUDHARSAN N K,3rd Year,A,
2026-09-21,24UCS610,SUDHARSAN N K,3rd Year,P,
2026-09-22,24UCS610,SUDHARSAN N K,3rd Year,P,
2026-09-23,24UCS610,SUDHARSAN N K,3rd Year,P,
2026-09-24,24UCS610,SUDHARSAN N K,3rd Year,P,
2026-09-25,24UCS610,SUDHARSAN N K,3rd Year,A,
2026-09-28,24UCS610,SUDHARSAN N K,3rd Year,A,
2026-09-29,24UCS610,SUDHARSAN N K,3rd Year,P,
2026-09-30,24UCS610,SUDHARSAN N K,3rd Year,A,
2026-10-01,24UCS610,SUDHARSAN N K,3rd Year,A,
2026-10-05,24UCS610,SUDHARSAN N K,3rd Year,P,
2026-08-03,24UCY102,ADHARSH K,3rd Year,A,
2026-08-04,24UCY102,ADHARSH K,3rd Year,A,
2026-08-05,24UCY102,ADHARSH K,3rd Year,P,
2026-08-06,24UCY102,ADHARSH K,3rd Year,P,
2026-08-07,24UCY102,ADHARSH K,3rd Year,P,
2026-08-10,24UCY102,ADHARSH K,3rd Year,P,
2026-08-11,24UCY102,ADHARSH K,3rd Year,A,
2026-08-12,24UCY102,ADHARSH K,3rd Year,P,
2026-08-13,24UCY102,ADHARSH K,3rd Year,P,
2026-08-14,24UCY102,ADHARSH K,3rd Year,P,
2026-08-18,24UCY102,ADHARSH K,3rd Year,P,
2026-08-19,24UCY102,ADHARSH K,3rd Year,P,
2026-08-21,24UCY102,ADHARSH K,3rd Year,A,
2026-08-24,24UCY102,ADHARSH K,3rd Year,A,
2026-08-25,24UCY102,ADHARSH K,3rd Year,P,
2026-09-07,24UCY102,ADHARSH K,3rd Year,A,
2026-09-08,24UCY102,ADHARSH K,3rd Year,P,
2026-09-09,24UCY102,ADHARSH K,3rd Year,P,
2026-09-10,24UCY102,ADHARSH K,3rd Year,P,
2026-09-11,24UCY102,ADHARSH K,3rd Year,P,
2026-09-15,24UCY102,ADHARSH K,3rd Year,P,
2026-09-16,24UCY102,ADHARSH K,3rd Year,P,
2026-09-17,24UCY102,ADHARSH K,3rd Year,P,
2026-09-18,24UCY102,ADHARSH K,3rd Year,P,
2026-09-21,24UCY102,ADHARSH K,3rd Year,A,
2026-09-22,24UCY102,ADHARSH K,3rd Year,P,
2026-09-23,24UCY102,ADHARSH K,3rd Year,P,
2026-09-24,24UCY102,ADHARSH K,3rd Year,P,
2026-09-25,24UCY102,ADHARSH K,3rd Year,P,
2026-09-28,24UCY102,ADHARSH K,3rd Year,P,
2026-09-29,24UCY102,ADHARSH K,3rd Year,P,
2026-09-30,24UCY102,ADHARSH K,3rd Year,P,
2026-10-01,24UCY102,ADHARSH K,3rd Year,P,
2026-10-05,24UCY102,ADHARSH K,3rd Year,P,
2026-08-03,24UCY106,ARAVINDHRAJ A,3rd Year,A,
2026-08-04,24UCY106,ARAVINDHRAJ A,3rd Year,A,
2026-08-05,24UCY106,ARAVINDHRAJ A,3rd Year,P,
2026-08-06,24UCY106,ARAVINDHRAJ A,3rd Year,P,
2026-08-07,24UCY106,ARAVINDHRAJ A,3rd Year,P,
2026-08-10,24UCY106,ARAVINDHRAJ A,3rd Year,P,
2026-08-11,24UCY106,ARAVINDHRAJ A,3rd Year,A,
2026-08-12,24UCY106,ARAVINDHRAJ A,3rd Year,P,
2026-08-13,24UCY106,ARAVINDHRAJ A,3rd Year,P,
2026-08-14,24UCY106,ARAVINDHRAJ A,3rd Year,P,
2026-08-18,24UCY106,ARAVINDHRAJ A,3rd Year,A,
2026-08-19,24UCY106,ARAVINDHRAJ A,3rd Year,P,
2026-08-21,24UCY106,ARAVINDHRAJ A,3rd Year,A,
2026-08-24,24UCY106,ARAVINDHRAJ A,3rd Year,A,
2026-08-25,24UCY106,ARAVINDHRAJ A,3rd Year,A,
2026-09-07,24UCY106,ARAVINDHRAJ A,3rd Year,A,
2026-09-08,24UCY106,ARAVINDHRAJ A,3rd Year,A,
2026-09-09,24UCY106,ARAVINDHRAJ A,3rd Year,P,
2026-09-10,24UCY106,ARAVINDHRAJ A,3rd Year,P,
2026-09-11,24UCY106,ARAVINDHRAJ A,3rd Year,P,
2026-09-15,24UCY106,ARAVINDHRAJ A,3rd Year,A,
2026-09-16,24UCY106,ARAVINDHRAJ A,3rd Year,P,
2026-09-17,24UCY106,ARAVINDHRAJ A,3rd Year,P,
2026-09-18,24UCY106,ARAVINDHRAJ A,3rd Year,A,
2026-09-21,24UCY106,ARAVINDHRAJ A,3rd Year,P,
2026-09-22,24UCY106,ARAVINDHRAJ A,3rd Year,P,
2026-09-23,24UCY106,ARAVINDHRAJ A,3rd Year,P,
2026-09-24,24UCY106,ARAVINDHRAJ A,3rd Year,P,
2026-09-25,24UCY106,ARAVINDHRAJ A,3rd Year,P,
2026-09-28,24UCY106,ARAVINDHRAJ A,3rd Year,P,
2026-09-29,24UCY106,ARAVINDHRAJ A,3rd Year,P,
2026-09-30,24UCY106,ARAVINDHRAJ A,3rd Year,P,
2026-10-01,24UCY106,ARAVINDHRAJ A,3rd Year,A,
2026-10-05,24UCY106,ARAVINDHRAJ A,3rd Year,A,
2026-08-03,24UCY108,AZSWIN N M,3rd Year,A,
2026-08-04,24UCY108,AZSWIN N M,3rd Year,A,
2026-08-05,24UCY108,AZSWIN N M,3rd Year,P,
2026-08-06,24UCY108,AZSWIN N M,3rd Year,P,
2026-08-07,24UCY108,AZSWIN N M,3rd Year,P,
2026-08-10,24UCY108,AZSWIN N M,3rd Year,P,
2026-08-11,24UCY108,AZSWIN N M,3rd Year,A,
2026-08-12,24UCY108,AZSWIN N M,3rd Year,P,
2026-08-13,24UCY108,AZSWIN N M,3rd Year,A,
2026-08-14,24UCY108,AZSWIN N M,3rd Year,A,
2026-08-18,24UCY108,AZSWIN N M,3rd Year,A,
2026-08-19,24UCY108,AZSWIN N M,3rd Year,P,
2026-08-21,24UCY108,AZSWIN N M,3rd Year,A,
2026-08-24,24UCY108,AZSWIN N M,3rd Year,P,
2026-08-25,24UCY108,AZSWIN N M,3rd Year,P,
2026-09-07,24UCY108,AZSWIN N M,3rd Year,P,
2026-09-08,24UCY108,AZSWIN N M,3rd Year,P,
2026-09-09,24UCY108,AZSWIN N M,3rd Year,P,
2026-09-10,24UCY108,AZSWIN N M,3rd Year,P,
2026-09-11,24UCY108,AZSWIN N M,3rd Year,P,
2026-09-15,24UCY108,AZSWIN N M,3rd Year,P,
2026-09-16,24UCY108,AZSWIN N M,3rd Year,P,
2026-09-17,24UCY108,AZSWIN N M,3rd Year,P,
2026-09-18,24UCY108,AZSWIN N M,3rd Year,P,
2026-09-21,24UCY108,AZSWIN N M,3rd Year,P,
2026-09-22,24UCY108,AZSWIN N M,3rd Year,P,
2026-09-23,24UCY108,AZSWIN N M,3rd Year,P,
2026-09-24,24UCY108,AZSWIN N M,3rd Year,P,
2026-09-25,24UCY108,AZSWIN N M,3rd Year,P,
2026-09-28,24UCY108,AZSWIN N M,3rd Year,P,
2026-09-29,24UCY108,AZSWIN N M,3rd Year,A,
2026-09-30,24UCY108,AZSWIN N M,3rd Year,P,
2026-10-01,24UCY108,AZSWIN N M,3rd Year,P,
2026-10-05,24UCY108,AZSWIN N M,3rd Year,P,
2026-08-03,24UCY110,CHARUMUKHIL S,3rd Year,A,
2026-08-04,24UCY110,CHARUMUKHIL S,3rd Year,A,
2026-08-05,24UCY110,CHARUMUKHIL S,3rd Year,A,
2026-08-06,24UCY110,CHARUMUKHIL S,3rd Year,P,
2026-08-07,24UCY110,CHARUMUKHIL S,3rd Year,P,
2026-08-10,24UCY110,CHARUMUKHIL S,3rd Year,A,
2026-08-11,24UCY110,CHARUMUKHIL S,3rd Year,A,
2026-08-12,24UCY110,CHARUMUKHIL S,3rd Year,P,
2026-08-13,24UCY110,CHARUMUKHIL S,3rd Year,P,
2026-08-14,24UCY110,CHARUMUKHIL S,3rd Year,P,
2026-08-18,24UCY110,CHARUMUKHIL S,3rd Year,P,
2026-08-19,24UCY110,CHARUMUKHIL S,3rd Year,P,
2026-08-21,24UCY110,CHARUMUKHIL S,3rd Year,A,
2026-08-24,24UCY110,CHARUMUKHIL S,3rd Year,P,
2026-08-25,24UCY110,CHARUMUKHIL S,3rd Year,A,
2026-09-07,24UCY110,CHARUMUKHIL S,3rd Year,P,
2026-09-08,24UCY110,CHARUMUKHIL S,3rd Year,P,
2026-09-09,24UCY110,CHARUMUKHIL S,3rd Year,P,
2026-09-10,24UCY110,CHARUMUKHIL S,3rd Year,P,
2026-09-11,24UCY110,CHARUMUKHIL S,3rd Year,P,
2026-09-15,24UCY110,CHARUMUKHIL S,3rd Year,P,
2026-09-16,24UCY110,CHARUMUKHIL S,3rd Year,P,
2026-09-17,24UCY110,CHARUMUKHIL S,3rd Year,P,
2026-09-18,24UCY110,CHARUMUKHIL S,3rd Year,A,
2026-09-21,24UCY110,CHARUMUKHIL S,3rd Year,P,
2026-09-22,24UCY110,CHARUMUKHIL S,3rd Year,P,
2026-09-23,24UCY110,CHARUMUKHIL S,3rd Year,A,
2026-09-24,24UCY110,CHARUMUKHIL S,3rd Year,P,
2026-09-25,24UCY110,CHARUMUKHIL S,3rd Year,P,
2026-09-28,24UCY110,CHARUMUKHIL S,3rd Year,P,
2026-09-29,24UCY110,CHARUMUKHIL S,3rd Year,P,
2026-09-30,24UCY110,CHARUMUKHIL S,3rd Year,P,
2026-10-01,24UCY110,CHARUMUKHIL S,3rd Year,P,
2026-10-05,24UCY110,CHARUMUKHIL S,3rd Year,P,
2026-08-03,24UCY111,DHARSHAN S,3rd Year,A,
2026-08-04,24UCY111,DHARSHAN S,3rd Year,A,
2026-08-05,24UCY111,DHARSHAN S,3rd Year,P,
2026-08-06,24UCY111,DHARSHAN S,3rd Year,P,
2026-08-07,24UCY111,DHARSHAN S,3rd Year,P,
2026-08-10,24UCY111,DHARSHAN S,3rd Year,P,
2026-08-11,24UCY111,DHARSHAN S,3rd Year,A,
2026-08-12,24UCY111,DHARSHAN S,3rd Year,P,
2026-08-13,24UCY111,DHARSHAN S,3rd Year,A,
2026-08-14,24UCY111,DHARSHAN S,3rd Year,A,
2026-08-18,24UCY111,DHARSHAN S,3rd Year,P,
2026-08-19,24UCY111,DHARSHAN S,3rd Year,P,
2026-08-21,24UCY111,DHARSHAN S,3rd Year,A,
2026-08-24,24UCY111,DHARSHAN S,3rd Year,P,
2026-08-25,24UCY111,DHARSHAN S,3rd Year,P,
2026-09-07,24UCY111,DHARSHAN S,3rd Year,A,
2026-09-08,24UCY111,DHARSHAN S,3rd Year,P,
2026-09-09,24UCY111,DHARSHAN S,3rd Year,P,
2026-09-10,24UCY111,DHARSHAN S,3rd Year,P,
2026-09-11,24UCY111,DHARSHAN S,3rd Year,P,
2026-09-15,24UCY111,DHARSHAN S,3rd Year,P,
2026-09-16,24UCY111,DHARSHAN S,3rd Year,P,
2026-09-17,24UCY111,DHARSHAN S,3rd Year,P,
2026-09-18,24UCY111,DHARSHAN S,3rd Year,P,
2026-09-21,24UCY111,DHARSHAN S,3rd Year,P,
2026-09-22,24UCY111,DHARSHAN S,3rd Year,P,
2026-09-23,24UCY111,DHARSHAN S,3rd Year,P,
2026-09-24,24UCY111,DHARSHAN S,3rd Year,P,
2026-09-25,24UCY111,DHARSHAN S,3rd Year,P,
2026-09-28,24UCY111,DHARSHAN S,3rd Year,P,
2026-09-29,24UCY111,DHARSHAN S,3rd Year,A,
2026-09-30,24UCY111,DHARSHAN S,3rd Year,P,
2026-10-01,24UCY111,DHARSHAN S,3rd Year,P,
2026-10-05,24UCY111,DHARSHAN S,3rd Year,P,
2026-08-03,24UCY112,DHEEKSHA D,3rd Year,A,
2026-08-04,24UCY112,DHEEKSHA D,3rd Year,A,
2026-08-05,24UCY112,DHEEKSHA D,3rd Year,P,
2026-08-06,24UCY112,DHEEKSHA D,3rd Year,A,
2026-08-07,24UCY112,DHEEKSHA D,3rd Year,A,
2026-08-10,24UCY112,DHEEKSHA D,3rd Year,P,
2026-08-11,24UCY112,DHEEKSHA D,3rd Year,A,
2026-08-12,24UCY112,DHEEKSHA D,3rd Year,P,
2026-08-13,24UCY112,DHEEKSHA D,3rd Year,P,
2026-08-14,24UCY112,DHEEKSHA D,3rd Year,P,
2026-08-18,24UCY112,DHEEKSHA D,3rd Year,P,
2026-08-19,24UCY112,DHEEKSHA D,3rd Year,P,
2026-08-21,24UCY112,DHEEKSHA D,3rd Year,A,
2026-08-24,24UCY112,DHEEKSHA D,3rd Year,P,
2026-08-25,24UCY112,DHEEKSHA D,3rd Year,P,
2026-09-07,24UCY112,DHEEKSHA D,3rd Year,P,
2026-09-08,24UCY112,DHEEKSHA D,3rd Year,P,
2026-09-09,24UCY112,DHEEKSHA D,3rd Year,P,
2026-09-10,24UCY112,DHEEKSHA D,3rd Year,P,
2026-09-11,24UCY112,DHEEKSHA D,3rd Year,P,
2026-09-15,24UCY112,DHEEKSHA D,3rd Year,P,
2026-09-16,24UCY112,DHEEKSHA D,3rd Year,A,
2026-09-17,24UCY112,DHEEKSHA D,3rd Year,A,
2026-09-18,24UCY112,DHEEKSHA D,3rd Year,A,
2026-09-21,24UCY112,DHEEKSHA D,3rd Year,P,
2026-09-22,24UCY112,DHEEKSHA D,3rd Year,P,
2026-09-23,24UCY112,DHEEKSHA D,3rd Year,P,
2026-09-24,24UCY112,DHEEKSHA D,3rd Year,P,
2026-09-25,24UCY112,DHEEKSHA D,3rd Year,P,
2026-09-28,24UCY112,DHEEKSHA D,3rd Year,P,
2026-09-29,24UCY112,DHEEKSHA D,3rd Year,P,
2026-09-30,24UCY112,DHEEKSHA D,3rd Year,P,
2026-10-01,24UCY112,DHEEKSHA D,3rd Year,P,
2026-10-05,24UCY112,DHEEKSHA D,3rd Year,P,
2026-08-03,24UCY114,JAISURYA S,3rd Year,P,
2026-08-04,24UCY114,JAISURYA S,3rd Year,P,
2026-08-05,24UCY114,JAISURYA S,3rd Year,P,
2026-08-06,24UCY114,JAISURYA S,3rd Year,P,
2026-08-07,24UCY114,JAISURYA S,3rd Year,P,
2026-08-10,24UCY114,JAISURYA S,3rd Year,P,
2026-08-11,24UCY114,JAISURYA S,3rd Year,A,
2026-08-12,24UCY114,JAISURYA S,3rd Year,P,
2026-08-13,24UCY114,JAISURYA S,3rd Year,P,
2026-08-14,24UCY114,JAISURYA S,3rd Year,A,
2026-08-18,24UCY114,JAISURYA S,3rd Year,P,
2026-08-19,24UCY114,JAISURYA S,3rd Year,P,
2026-08-21,24UCY114,JAISURYA S,3rd Year,A,
2026-08-24,24UCY114,JAISURYA S,3rd Year,A,
2026-08-25,24UCY114,JAISURYA S,3rd Year,P,
2026-09-07,24UCY114,JAISURYA S,3rd Year,P,
2026-09-08,24UCY114,JAISURYA S,3rd Year,P,
2026-09-09,24UCY114,JAISURYA S,3rd Year,P,
2026-09-10,24UCY114,JAISURYA S,3rd Year,P,
2026-09-11,24UCY114,JAISURYA S,3rd Year,P,
2026-09-15,24UCY114,JAISURYA S,3rd Year,P,
2026-09-16,24UCY114,JAISURYA S,3rd Year,P,
2026-09-17,24UCY114,JAISURYA S,3rd Year,P,
2026-09-18,24UCY114,JAISURYA S,3rd Year,P,
2026-09-21,24UCY114,JAISURYA S,3rd Year,P,
2026-09-22,24UCY114,JAISURYA S,3rd Year,P,
2026-09-23,24UCY114,JAISURYA S,3rd Year,P,
2026-09-24,24UCY114,JAISURYA S,3rd Year,P,
2026-09-25,24UCY114,JAISURYA S,3rd Year,P,
2026-09-28,24UCY114,JAISURYA S,3rd Year,P,
2026-09-29,24UCY114,JAISURYA S,3rd Year,P,
2026-09-30,24UCY114,JAISURYA S,3rd Year,P,
2026-10-01,24UCY114,JAISURYA S,3rd Year,P,
2026-10-05,24UCY114,JAISURYA S,3rd Year,P,
2026-08-03,24UCY115,JANARTHANAN S,3rd Year,P,
2026-08-04,24UCY115,JANARTHANAN S,3rd Year,A,
2026-08-05,24UCY115,JANARTHANAN S,3rd Year,P,
2026-08-06,24UCY115,JANARTHANAN S,3rd Year,P,
2026-08-07,24UCY115,JANARTHANAN S,3rd Year,P,
2026-08-10,24UCY115,JANARTHANAN S,3rd Year,A,
2026-08-11,24UCY115,JANARTHANAN S,3rd Year,A,
2026-08-12,24UCY115,JANARTHANAN S,3rd Year,P,
2026-08-13,24UCY115,JANARTHANAN S,3rd Year,P,
2026-08-14,24UCY115,JANARTHANAN S,3rd Year,P,
2026-08-18,24UCY115,JANARTHANAN S,3rd Year,P,
2026-08-19,24UCY115,JANARTHANAN S,3rd Year,A,
2026-08-21,24UCY115,JANARTHANAN S,3rd Year,A,
2026-08-24,24UCY115,JANARTHANAN S,3rd Year,P,
2026-08-25,24UCY115,JANARTHANAN S,3rd Year,P,
2026-09-07,24UCY115,JANARTHANAN S,3rd Year,P,
2026-09-08,24UCY115,JANARTHANAN S,3rd Year,P,
2026-09-09,24UCY115,JANARTHANAN S,3rd Year,P,
2026-09-10,24UCY115,JANARTHANAN S,3rd Year,P,
2026-09-11,24UCY115,JANARTHANAN S,3rd Year,P,
2026-09-15,24UCY115,JANARTHANAN S,3rd Year,P,
2026-09-16,24UCY115,JANARTHANAN S,3rd Year,P,
2026-09-17,24UCY115,JANARTHANAN S,3rd Year,P,
2026-09-18,24UCY115,JANARTHANAN S,3rd Year,A,
2026-09-21,24UCY115,JANARTHANAN S,3rd Year,A,
2026-09-22,24UCY115,JANARTHANAN S,3rd Year,P,
2026-09-23,24UCY115,JANARTHANAN S,3rd Year,P,
2026-09-24,24UCY115,JANARTHANAN S,3rd Year,P,
2026-09-25,24UCY115,JANARTHANAN S,3rd Year,P,
2026-09-28,24UCY115,JANARTHANAN S,3rd Year,P,
2026-09-29,24UCY115,JANARTHANAN S,3rd Year,P,
2026-09-30,24UCY115,JANARTHANAN S,3rd Year,P,
2026-10-01,24UCY115,JANARTHANAN S,3rd Year,P,
2026-10-05,24UCY115,JANARTHANAN S,3rd Year,A,
2026-08-03,24UCY118,KARUN G,3rd Year,A,
2026-08-04,24UCY118,KARUN G,3rd Year,P,
2026-08-05,24UCY118,KARUN G,3rd Year,P,
2026-08-06,24UCY118,KARUN G,3rd Year,P,
2026-08-07,24UCY118,KARUN G,3rd Year,P,
2026-08-10,24UCY118,KARUN G,3rd Year,P,
2026-08-11,24UCY118,KARUN G,3rd Year,A,
2026-08-12,24UCY118,KARUN G,3rd Year,P,
2026-08-13,24UCY118,KARUN G,3rd Year,P,
2026-08-14,24UCY118,KARUN G,3rd Year,P,
2026-08-18,24UCY118,KARUN G,3rd Year,P,
2026-08-19,24UCY118,KARUN G,3rd Year,P,
2026-08-21,24UCY118,KARUN G,3rd Year,A,
2026-08-24,24UCY118,KARUN G,3rd Year,P,
2026-08-25,24UCY118,KARUN G,3rd Year,P,
2026-09-07,24UCY118,KARUN G,3rd Year,A,
2026-09-08,24UCY118,KARUN G,3rd Year,P,
2026-09-09,24UCY118,KARUN G,3rd Year,P,
2026-09-10,24UCY118,KARUN G,3rd Year,P,
2026-09-11,24UCY118,KARUN G,3rd Year,P,
2026-09-15,24UCY118,KARUN G,3rd Year,P,
2026-09-16,24UCY118,KARUN G,3rd Year,P,
2026-09-17,24UCY118,KARUN G,3rd Year,P,
2026-09-18,24UCY118,KARUN G,3rd Year,P,
2026-09-21,24UCY118,KARUN G,3rd Year,P,
2026-09-22,24UCY118,KARUN G,3rd Year,P,
2026-09-23,24UCY118,KARUN G,3rd Year,P,
2026-09-24,24UCY118,KARUN G,3rd Year,P,
2026-09-25,24UCY118,KARUN G,3rd Year,P,
2026-09-28,24UCY118,KARUN G,3rd Year,P,
2026-09-29,24UCY118,KARUN G,3rd Year,P,
2026-09-30,24UCY118,KARUN G,3rd Year,P,
2026-10-01,24UCY118,KARUN G,3rd Year,P,
2026-10-05,24UCY118,KARUN G,3rd Year,P,
2026-08-03,24UCY120,KEERTHANA P,3rd Year,P,
2026-08-04,24UCY120,KEERTHANA P,3rd Year,A,
2026-08-05,24UCY120,KEERTHANA P,3rd Year,P,
2026-08-06,24UCY120,KEERTHANA P,3rd Year,P,
2026-08-07,24UCY120,KEERTHANA P,3rd Year,P,
2026-08-10,24UCY120,KEERTHANA P,3rd Year,P,
2026-08-11,24UCY120,KEERTHANA P,3rd Year,A,
2026-08-12,24UCY120,KEERTHANA P,3rd Year,P,
2026-08-13,24UCY120,KEERTHANA P,3rd Year,A,
2026-08-14,24UCY120,KEERTHANA P,3rd Year,A,
2026-08-18,24UCY120,KEERTHANA P,3rd Year,P,
2026-08-19,24UCY120,KEERTHANA P,3rd Year,P,
2026-08-21,24UCY120,KEERTHANA P,3rd Year,A,
2026-08-24,24UCY120,KEERTHANA P,3rd Year,A,
2026-08-25,24UCY120,KEERTHANA P,3rd Year,A,
2026-09-07,24UCY120,KEERTHANA P,3rd Year,A,
2026-09-08,24UCY120,KEERTHANA P,3rd Year,P,
2026-09-09,24UCY120,KEERTHANA P,3rd Year,P,
2026-09-10,24UCY120,KEERTHANA P,3rd Year,P,
2026-09-11,24UCY120,KEERTHANA P,3rd Year,P,
2026-09-15,24UCY120,KEERTHANA P,3rd Year,P,
2026-09-16,24UCY120,KEERTHANA P,3rd Year,P,
2026-09-17,24UCY120,KEERTHANA P,3rd Year,A,
2026-09-18,24UCY120,KEERTHANA P,3rd Year,P,
2026-09-21,24UCY120,KEERTHANA P,3rd Year,P,
2026-09-22,24UCY120,KEERTHANA P,3rd Year,P,
2026-09-23,24UCY120,KEERTHANA P,3rd Year,P,
2026-09-24,24UCY120,KEERTHANA P,3rd Year,P,
2026-09-25,24UCY120,KEERTHANA P,3rd Year,A,
2026-09-28,24UCY120,KEERTHANA P,3rd Year,P,
2026-09-29,24UCY120,KEERTHANA P,3rd Year,P,
2026-09-30,24UCY120,KEERTHANA P,3rd Year,P,
2026-10-01,24UCY120,KEERTHANA P,3rd Year,P,
2026-10-05,24UCY120,KEERTHANA P,3rd Year,P,
2026-08-03,24UCY125,LOGESH RAJ B,3rd Year,P,
2026-08-04,24UCY125,LOGESH RAJ B,3rd Year,A,
2026-08-05,24UCY125,LOGESH RAJ B,3rd Year,P,
2026-08-06,24UCY125,LOGESH RAJ B,3rd Year,P,
2026-08-07,24UCY125,LOGESH RAJ B,3rd Year,P,
2026-08-10,24UCY125,LOGESH RAJ B,3rd Year,P,
2026-08-11,24UCY125,LOGESH RAJ B,3rd Year,A,
2026-08-12,24UCY125,LOGESH RAJ B,3rd Year,P,
2026-08-13,24UCY125,LOGESH RAJ B,3rd Year,P,
2026-08-14,24UCY125,LOGESH RAJ B,3rd Year,P,
2026-08-18,24UCY125,LOGESH RAJ B,3rd Year,P,
2026-08-19,24UCY125,LOGESH RAJ B,3rd Year,A,
2026-08-21,24UCY125,LOGESH RAJ B,3rd Year,A,
2026-08-24,24UCY125,LOGESH RAJ B,3rd Year,A,
2026-08-25,24UCY125,LOGESH RAJ B,3rd Year,P,
2026-09-07,24UCY125,LOGESH RAJ B,3rd Year,P,
2026-09-08,24UCY125,LOGESH RAJ B,3rd Year,P,
2026-09-09,24UCY125,LOGESH RAJ B,3rd Year,P,
2026-09-10,24UCY125,LOGESH RAJ B,3rd Year,P,
2026-09-11,24UCY125,LOGESH RAJ B,3rd Year,P,
2026-09-15,24UCY125,LOGESH RAJ B,3rd Year,P,
2026-09-16,24UCY125,LOGESH RAJ B,3rd Year,A,
2026-09-17,24UCY125,LOGESH RAJ B,3rd Year,P,
2026-09-18,24UCY125,LOGESH RAJ B,3rd Year,P,
2026-09-21,24UCY125,LOGESH RAJ B,3rd Year,P,
2026-09-22,24UCY125,LOGESH RAJ B,3rd Year,P,
2026-09-23,24UCY125,LOGESH RAJ B,3rd Year,P,
2026-09-24,24UCY125,LOGESH RAJ B,3rd Year,P,
2026-09-25,24UCY125,LOGESH RAJ B,3rd Year,P,
2026-09-28,24UCY125,LOGESH RAJ B,3rd Year,P,
2026-09-29,24UCY125,LOGESH RAJ B,3rd Year,P,
2026-09-30,24UCY125,LOGESH RAJ B,3rd Year,P,
2026-10-01,24UCY125,LOGESH RAJ B,3rd Year,P,
2026-10-05,24UCY125,LOGESH RAJ B,3rd Year,P,
2026-08-03,24UCY126,MEGAVARSHINI P,3rd Year,A,
2026-08-04,24UCY126,MEGAVARSHINI P,3rd Year,A,
2026-08-05,24UCY126,MEGAVARSHINI P,3rd Year,P,
2026-08-06,24UCY126,MEGAVARSHINI P,3rd Year,P,
2026-08-07,24UCY126,MEGAVARSHINI P,3rd Year,P,
2026-08-10,24UCY126,MEGAVARSHINI P,3rd Year,P,
2026-08-11,24UCY126,MEGAVARSHINI P,3rd Year,A,
2026-08-12,24UCY126,MEGAVARSHINI P,3rd Year,P,
2026-08-13,24UCY126,MEGAVARSHINI P,3rd Year,A,
2026-08-14,24UCY126,MEGAVARSHINI P,3rd Year,P,
2026-08-18,24UCY126,MEGAVARSHINI P,3rd Year,P,
2026-08-19,24UCY126,MEGAVARSHINI P,3rd Year,P,
2026-08-21,24UCY126,MEGAVARSHINI P,3rd Year,A,
2026-08-24,24UCY126,MEGAVARSHINI P,3rd Year,P,
2026-08-25,24UCY126,MEGAVARSHINI P,3rd Year,P,
2026-09-07,24UCY126,MEGAVARSHINI P,3rd Year,P,
2026-09-08,24UCY126,MEGAVARSHINI P,3rd Year,P,
2026-09-09,24UCY126,MEGAVARSHINI P,3rd Year,P,
2026-09-10,24UCY126,MEGAVARSHINI P,3rd Year,A,
2026-09-11,24UCY126,MEGAVARSHINI P,3rd Year,P,
2026-09-15,24UCY126,MEGAVARSHINI P,3rd Year,P,
2026-09-16,24UCY126,MEGAVARSHINI P,3rd Year,P,
2026-09-17,24UCY126,MEGAVARSHINI P,3rd Year,P,
2026-09-18,24UCY126,MEGAVARSHINI P,3rd Year,P,
2026-09-21,24UCY126,MEGAVARSHINI P,3rd Year,P,
2026-09-22,24UCY126,MEGAVARSHINI P,3rd Year,P,
2026-09-23,24UCY126,MEGAVARSHINI P,3rd Year,P,
2026-09-24,24UCY126,MEGAVARSHINI P,3rd Year,P,
2026-09-25,24UCY126,MEGAVARSHINI P,3rd Year,A,
2026-09-28,24UCY126,MEGAVARSHINI P,3rd Year,P,
2026-09-29,24UCY126,MEGAVARSHINI P,3rd Year,P,
2026-09-30,24UCY126,MEGAVARSHINI P,3rd Year,P,
2026-10-01,24UCY126,MEGAVARSHINI P,3rd Year,P,
2026-10-05,24UCY126,MEGAVARSHINI P,3rd Year,P,
2026-08-03,24UCY130,NAVEEN K C,3rd Year,A,
2026-08-04,24UCY130,NAVEEN K C,3rd Year,A,
2026-08-05,24UCY130,NAVEEN K C,3rd Year,A,
2026-08-06,24UCY130,NAVEEN K C,3rd Year,A,
2026-08-07,24UCY130,NAVEEN K C,3rd Year,A,
2026-08-10,24UCY130,NAVEEN K C,3rd Year,P,
2026-08-11,24UCY130,NAVEEN K C,3rd Year,A,
2026-08-12,24UCY130,NAVEEN K C,3rd Year,P,
2026-08-13,24UCY130,NAVEEN K C,3rd Year,P,
2026-08-14,24UCY130,NAVEEN K C,3rd Year,P,
2026-08-18,24UCY130,NAVEEN K C,3rd Year,P,
2026-08-19,24UCY130,NAVEEN K C,3rd Year,P,
2026-08-21,24UCY130,NAVEEN K C,3rd Year,A,
2026-08-24,24UCY130,NAVEEN K C,3rd Year,A,
2026-08-25,24UCY130,NAVEEN K C,3rd Year,P,
2026-09-07,24UCY130,NAVEEN K C,3rd Year,P,
2026-09-08,24UCY130,NAVEEN K C,3rd Year,P,
2026-09-09,24UCY130,NAVEEN K C,3rd Year,P,
2026-09-10,24UCY130,NAVEEN K C,3rd Year,A,
2026-09-11,24UCY130,NAVEEN K C,3rd Year,P,
2026-09-15,24UCY130,NAVEEN K C,3rd Year,A,
2026-09-16,24UCY130,NAVEEN K C,3rd Year,P,
2026-09-17,24UCY130,NAVEEN K C,3rd Year,P,
2026-09-18,24UCY130,NAVEEN K C,3rd Year,P,
2026-09-21,24UCY130,NAVEEN K C,3rd Year,P,
2026-09-22,24UCY130,NAVEEN K C,3rd Year,P,
2026-09-23,24UCY130,NAVEEN K C,3rd Year,P,
2026-09-24,24UCY130,NAVEEN K C,3rd Year,P,
2026-09-25,24UCY130,NAVEEN K C,3rd Year,P,
2026-09-28,24UCY130,NAVEEN K C,3rd Year,P,
2026-09-29,24UCY130,NAVEEN K C,3rd Year,P,
2026-09-30,24UCY130,NAVEEN K C,3rd Year,P,
2026-10-01,24UCY130,NAVEEN K C,3rd Year,P,
2026-10-05,24UCY130,NAVEEN K C,3rd Year,A,
2026-08-03,24UCY134,PAVITHRA K,3rd Year,A,
2026-08-04,24UCY134,PAVITHRA K,3rd Year,A,
2026-08-05,24UCY134,PAVITHRA K,3rd Year,A,
2026-08-06,24UCY134,PAVITHRA K,3rd Year,P,
2026-08-07,24UCY134,PAVITHRA K,3rd Year,A,
2026-08-10,24UCY134,PAVITHRA K,3rd Year,P,
2026-08-11,24UCY134,PAVITHRA K,3rd Year,A,
2026-08-12,24UCY134,PAVITHRA K,3rd Year,P,
2026-08-13,24UCY134,PAVITHRA K,3rd Year,P,
2026-08-14,24UCY134,PAVITHRA K,3rd Year,P,
2026-08-18,24UCY134,PAVITHRA K,3rd Year,A,
2026-08-19,24UCY134,PAVITHRA K,3rd Year,P,
2026-08-21,24UCY134,PAVITHRA K,3rd Year,A,
2026-08-24,24UCY134,PAVITHRA K,3rd Year,P,
2026-08-25,24UCY134,PAVITHRA K,3rd Year,P,
2026-09-07,24UCY134,PAVITHRA K,3rd Year,A,
2026-09-08,24UCY134,PAVITHRA K,3rd Year,P,
2026-09-09,24UCY134,PAVITHRA K,3rd Year,P,
2026-09-10,24UCY134,PAVITHRA K,3rd Year,P,
2026-09-11,24UCY134,PAVITHRA K,3rd Year,P,
2026-09-15,24UCY134,PAVITHRA K,3rd Year,P,
2026-09-16,24UCY134,PAVITHRA K,3rd Year,P,
2026-09-17,24UCY134,PAVITHRA K,3rd Year,P,
2026-09-18,24UCY134,PAVITHRA K,3rd Year,P,
2026-09-21,24UCY134,PAVITHRA K,3rd Year,A,
2026-09-22,24UCY134,PAVITHRA K,3rd Year,P,
2026-09-23,24UCY134,PAVITHRA K,3rd Year,P,
2026-09-24,24UCY134,PAVITHRA K,3rd Year,A,
2026-09-25,24UCY134,PAVITHRA K,3rd Year,A,
2026-09-28,24UCY134,PAVITHRA K,3rd Year,P,
2026-09-29,24UCY134,PAVITHRA K,3rd Year,P,
2026-09-30,24UCY134,PAVITHRA K,3rd Year,P,
2026-10-01,24UCY134,PAVITHRA K,3rd Year,P,
2026-10-05,24UCY134,PAVITHRA K,3rd Year,P,
2026-08-03,24UCY136,POORANI K,3rd Year,A,
2026-08-04,24UCY136,POORANI K,3rd Year,A,
2026-08-05,24UCY136,POORANI K,3rd Year,A,
2026-08-06,24UCY136,POORANI K,3rd Year,P,
2026-08-07,24UCY136,POORANI K,3rd Year,A,
2026-08-10,24UCY136,POORANI K,3rd Year,P,
2026-08-11,24UCY136,POORANI K,3rd Year,A,
2026-08-12,24UCY136,POORANI K,3rd Year,P,
2026-08-13,24UCY136,POORANI K,3rd Year,P,
2026-08-14,24UCY136,POORANI K,3rd Year,P,
2026-08-18,24UCY136,POORANI K,3rd Year,P,
2026-08-19,24UCY136,POORANI K,3rd Year,P,
2026-08-21,24UCY136,POORANI K,3rd Year,A,
2026-08-24,24UCY136,POORANI K,3rd Year,P,
2026-08-25,24UCY136,POORANI K,3rd Year,P,
2026-09-07,24UCY136,POORANI K,3rd Year,P,
2026-09-08,24UCY136,POORANI K,3rd Year,P,
2026-09-09,24UCY136,POORANI K,3rd Year,P,
2026-09-10,24UCY136,POORANI K,3rd Year,P,
2026-09-11,24UCY136,POORANI K,3rd Year,P,
2026-09-15,24UCY136,POORANI K,3rd Year,A,
2026-09-16,24UCY136,POORANI K,3rd Year,P,
2026-09-17,24UCY136,POORANI K,3rd Year,P,
2026-09-18,24UCY136,POORANI K,3rd Year,P,
2026-09-21,24UCY136,POORANI K,3rd Year,P,
2026-09-22,24UCY136,POORANI K,3rd Year,P,
2026-09-23,24UCY136,POORANI K,3rd Year,P,
2026-09-24,24UCY136,POORANI K,3rd Year,P,
2026-09-25,24UCY136,POORANI K,3rd Year,A,
2026-09-28,24UCY136,POORANI K,3rd Year,P,
2026-09-29,24UCY136,POORANI K,3rd Year,P,
2026-09-30,24UCY136,POORANI K,3rd Year,P,
2026-10-01,24UCY136,POORANI K,3rd Year,P,
2026-10-05,24UCY136,POORANI K,3rd Year,P,
2026-08-03,24UCY140,PRIYADHARSHINI R,3rd Year,A,
2026-08-04,24UCY140,PRIYADHARSHINI R,3rd Year,A,
2026-08-05,24UCY140,PRIYADHARSHINI R,3rd Year,A,
2026-08-06,24UCY140,PRIYADHARSHINI R,3rd Year,P,
2026-08-07,24UCY140,PRIYADHARSHINI R,3rd Year,A,
2026-08-10,24UCY140,PRIYADHARSHINI R,3rd Year,A,
2026-08-11,24UCY140,PRIYADHARSHINI R,3rd Year,A,
2026-08-12,24UCY140,PRIYADHARSHINI R,3rd Year,A,
2026-08-13,24UCY140,PRIYADHARSHINI R,3rd Year,P,
2026-08-14,24UCY140,PRIYADHARSHINI R,3rd Year,P,
2026-08-18,24UCY140,PRIYADHARSHINI R,3rd Year,P,
2026-08-19,24UCY140,PRIYADHARSHINI R,3rd Year,P,
2026-08-21,24UCY140,PRIYADHARSHINI R,3rd Year,A,
2026-08-24,24UCY140,PRIYADHARSHINI R,3rd Year,P,
2026-08-25,24UCY140,PRIYADHARSHINI R,3rd Year,P,
2026-09-07,24UCY140,PRIYADHARSHINI R,3rd Year,A,
2026-09-08,24UCY140,PRIYADHARSHINI R,3rd Year,P,
2026-09-09,24UCY140,PRIYADHARSHINI R,3rd Year,P,
2026-09-10,24UCY140,PRIYADHARSHINI R,3rd Year,P,
2026-09-11,24UCY140,PRIYADHARSHINI R,3rd Year,P,
2026-09-15,24UCY140,PRIYADHARSHINI R,3rd Year,P,
2026-09-16,24UCY140,PRIYADHARSHINI R,3rd Year,P,
2026-09-17,24UCY140,PRIYADHARSHINI R,3rd Year,P,
2026-09-18,24UCY140,PRIYADHARSHINI R,3rd Year,P,
2026-09-21,24UCY140,PRIYADHARSHINI R,3rd Year,P,
2026-09-22,24UCY140,PRIYADHARSHINI R,3rd Year,P,
2026-09-23,24UCY140,PRIYADHARSHINI R,3rd Year,P,
2026-09-24,24UCY140,PRIYADHARSHINI R,3rd Year,A,
2026-09-25,24UCY140,PRIYADHARSHINI R,3rd Year,A,
2026-09-28,24UCY140,PRIYADHARSHINI R,3rd Year,P,
2026-09-29,24UCY140,PRIYADHARSHINI R,3rd Year,P,
2026-09-30,24UCY140,PRIYADHARSHINI R,3rd Year,P,
2026-10-01,24UCY140,PRIYADHARSHINI R,3rd Year,P,
2026-10-05,24UCY140,PRIYADHARSHINI R,3rd Year,P,
2026-08-03,24UCY143,ROHITH S,3rd Year,A,
2026-08-04,24UCY143,ROHITH S,3rd Year,A,
2026-08-05,24UCY143,ROHITH S,3rd Year,A,
2026-08-06,24UCY143,ROHITH S,3rd Year,P,
2026-08-07,24UCY143,ROHITH S,3rd Year,A,
2026-08-10,24UCY143,ROHITH S,3rd Year,A,
2026-08-11,24UCY143,ROHITH S,3rd Year,A,
2026-08-12,24UCY143,ROHITH S,3rd Year,A,
2026-08-13,24UCY143,ROHITH S,3rd Year,A,
2026-08-14,24UCY143,ROHITH S,3rd Year,A,
2026-08-18,24UCY143,ROHITH S,3rd Year,P,
2026-08-19,24UCY143,ROHITH S,3rd Year,P,
2026-08-21,24UCY143,ROHITH S,3rd Year,A,
2026-08-24,24UCY143,ROHITH S,3rd Year,A,
2026-08-25,24UCY143,ROHITH S,3rd Year,P,
2026-09-07,24UCY143,ROHITH S,3rd Year,P,
2026-09-08,24UCY143,ROHITH S,3rd Year,P,
2026-09-09,24UCY143,ROHITH S,3rd Year,P,
2026-09-10,24UCY143,ROHITH S,3rd Year,P,
2026-09-11,24UCY143,ROHITH S,3rd Year,P,
2026-09-15,24UCY143,ROHITH S,3rd Year,P,
2026-09-16,24UCY143,ROHITH S,3rd Year,P,
2026-09-17,24UCY143,ROHITH S,3rd Year,P,
2026-09-18,24UCY143,ROHITH S,3rd Year,P,
2026-09-21,24UCY143,ROHITH S,3rd Year,P,
2026-09-22,24UCY143,ROHITH S,3rd Year,P,
2026-09-23,24UCY143,ROHITH S,3rd Year,P,
2026-09-24,24UCY143,ROHITH S,3rd Year,P,
2026-09-25,24UCY143,ROHITH S,3rd Year,P,
2026-09-28,24UCY143,ROHITH S,3rd Year,P,
2026-09-29,24UCY143,ROHITH S,3rd Year,P,
2026-09-30,24UCY143,ROHITH S,3rd Year,P,
2026-10-01,24UCY143,ROHITH S,3rd Year,P,
2026-10-05,24UCY143,ROHITH S,3rd Year,P,
2026-08-03,24UCY144,ROSHINI P,3rd Year,A,
2026-08-04,24UCY144,ROSHINI P,3rd Year,A,
2026-08-05,24UCY144,ROSHINI P,3rd Year,A,
2026-08-06,24UCY144,ROSHINI P,3rd Year,A,
2026-08-07,24UCY144,ROSHINI P,3rd Year,A,
2026-08-10,24UCY144,ROSHINI P,3rd Year,A,
2026-08-11,24UCY144,ROSHINI P,3rd Year,A,
2026-08-12,24UCY144,ROSHINI P,3rd Year,A,
2026-08-13,24UCY144,ROSHINI P,3rd Year,A,
2026-08-14,24UCY144,ROSHINI P,3rd Year,P,
2026-08-18,24UCY144,ROSHINI P,3rd Year,P,
2026-08-19,24UCY144,ROSHINI P,3rd Year,P,
2026-08-21,24UCY144,ROSHINI P,3rd Year,A,
2026-08-24,24UCY144,ROSHINI P,3rd Year,P,
2026-08-25,24UCY144,ROSHINI P,3rd Year,P,
2026-09-07,24UCY144,ROSHINI P,3rd Year,P,
2026-09-08,24UCY144,ROSHINI P,3rd Year,P,
2026-09-09,24UCY144,ROSHINI P,3rd Year,P,
2026-09-10,24UCY144,ROSHINI P,3rd Year,P,
2026-09-11,24UCY144,ROSHINI P,3rd Year,P,
2026-09-15,24UCY144,ROSHINI P,3rd Year,P,
2026-09-16,24UCY144,ROSHINI P,3rd Year,P,
2026-09-17,24UCY144,ROSHINI P,3rd Year,A,
2026-09-18,24UCY144,ROSHINI P,3rd Year,P,
2026-09-21,24UCY144,ROSHINI P,3rd Year,A,
2026-09-22,24UCY144,ROSHINI P,3rd Year,P,
2026-09-23,24UCY144,ROSHINI P,3rd Year,P,
2026-09-24,24UCY144,ROSHINI P,3rd Year,P,
2026-09-25,24UCY144,ROSHINI P,3rd Year,A,
2026-09-28,24UCY144,ROSHINI P,3rd Year,P,
2026-09-29,24UCY144,ROSHINI P,3rd Year,P,
2026-09-30,24UCY144,ROSHINI P,3rd Year,P,
2026-10-01,24UCY144,ROSHINI P,3rd Year,P,
2026-10-05,24UCY144,ROSHINI P,3rd Year,P,
2026-08-03,24UCY146,SAMSHITH G B,3rd Year,A,
2026-08-04,24UCY146,SAMSHITH G B,3rd Year,A,
2026-08-05,24UCY146,SAMSHITH G B,3rd Year,A,
2026-08-06,24UCY146,SAMSHITH G B,3rd Year,P,
2026-08-07,24UCY146,SAMSHITH G B,3rd Year,A,
2026-08-10,24UCY146,SAMSHITH G B,3rd Year,P,
2026-08-11,24UCY146,SAMSHITH G B,3rd Year,A,
2026-08-12,24UCY146,SAMSHITH G B,3rd Year,P,
2026-08-13,24UCY146,SAMSHITH G B,3rd Year,P,
2026-08-14,24UCY146,SAMSHITH G B,3rd Year,P,
2026-08-18,24UCY146,SAMSHITH G B,3rd Year,P,
2026-08-19,24UCY146,SAMSHITH G B,3rd Year,A,
2026-08-21,24UCY146,SAMSHITH G B,3rd Year,A,
2026-08-24,24UCY146,SAMSHITH G B,3rd Year,P,
2026-08-25,24UCY146,SAMSHITH G B,3rd Year,A,
2026-09-07,24UCY146,SAMSHITH G B,3rd Year,A,
2026-09-08,24UCY146,SAMSHITH G B,3rd Year,A,
2026-09-09,24UCY146,SAMSHITH G B,3rd Year,P,
2026-09-10,24UCY146,SAMSHITH G B,3rd Year,P,
2026-09-11,24UCY146,SAMSHITH G B,3rd Year,P,
2026-09-15,24UCY146,SAMSHITH G B,3rd Year,P,
2026-09-16,24UCY146,SAMSHITH G B,3rd Year,P,
2026-09-17,24UCY146,SAMSHITH G B,3rd Year,A,
2026-09-18,24UCY146,SAMSHITH G B,3rd Year,P,
2026-09-21,24UCY146,SAMSHITH G B,3rd Year,P,
2026-09-22,24UCY146,SAMSHITH G B,3rd Year,P,
2026-09-23,24UCY146,SAMSHITH G B,3rd Year,P,
2026-09-24,24UCY146,SAMSHITH G B,3rd Year,A,
2026-09-25,24UCY146,SAMSHITH G B,3rd Year,P,
2026-09-28,24UCY146,SAMSHITH G B,3rd Year,A,
2026-09-29,24UCY146,SAMSHITH G B,3rd Year,A,
2026-09-30,24UCY146,SAMSHITH G B,3rd Year,P,
2026-10-01,24UCY146,SAMSHITH G B,3rd Year,P,
2026-10-05,24UCY146,SAMSHITH G B,3rd Year,P,
2026-08-03,24UCY147,SANJANA P,3rd Year,A,
2026-08-04,24UCY147,SANJANA P,3rd Year,A,
2026-08-05,24UCY147,SANJANA P,3rd Year,A,
2026-08-06,24UCY147,SANJANA P,3rd Year,P,
2026-08-07,24UCY147,SANJANA P,3rd Year,A,
2026-08-10,24UCY147,SANJANA P,3rd Year,P,
2026-08-11,24UCY147,SANJANA P,3rd Year,P,
2026-08-12,24UCY147,SANJANA P,3rd Year,P,
2026-08-13,24UCY147,SANJANA P,3rd Year,P,
2026-08-14,24UCY147,SANJANA P,3rd Year,P,
2026-08-18,24UCY147,SANJANA P,3rd Year,P,
2026-08-19,24UCY147,SANJANA P,3rd Year,P,
2026-08-21,24UCY147,SANJANA P,3rd Year,A,
2026-08-24,24UCY147,SANJANA P,3rd Year,P,
2026-08-25,24UCY147,SANJANA P,3rd Year,P,
2026-09-07,24UCY147,SANJANA P,3rd Year,P,
2026-09-08,24UCY147,SANJANA P,3rd Year,P,
2026-09-09,24UCY147,SANJANA P,3rd Year,P,
2026-09-10,24UCY147,SANJANA P,3rd Year,P,
2026-09-11,24UCY147,SANJANA P,3rd Year,P,
2026-09-15,24UCY147,SANJANA P,3rd Year,P,
2026-09-16,24UCY147,SANJANA P,3rd Year,P,
2026-09-17,24UCY147,SANJANA P,3rd Year,P,
2026-09-18,24UCY147,SANJANA P,3rd Year,P,
2026-09-21,24UCY147,SANJANA P,3rd Year,P,
2026-09-22,24UCY147,SANJANA P,3rd Year,P,
2026-09-23,24UCY147,SANJANA P,3rd Year,P,
2026-09-24,24UCY147,SANJANA P,3rd Year,P,
2026-09-25,24UCY147,SANJANA P,3rd Year,A,
2026-09-28,24UCY147,SANJANA P,3rd Year,P,
2026-09-29,24UCY147,SANJANA P,3rd Year,P,
2026-09-30,24UCY147,SANJANA P,3rd Year,P,
2026-10-01,24UCY147,SANJANA P,3rd Year,P,
2026-10-05,24UCY147,SANJANA P,3rd Year,P,
2026-08-03,24UCY149,SHREE ASHWIN A G,3rd Year,P,
2026-08-04,24UCY149,SHREE ASHWIN A G,3rd Year,A,
2026-08-05,24UCY149,SHREE ASHWIN A G,3rd Year,P,
2026-08-06,24UCY149,SHREE ASHWIN A G,3rd Year,P,
2026-08-07,24UCY149,SHREE ASHWIN A G,3rd Year,P,
2026-08-10,24UCY149,SHREE ASHWIN A G,3rd Year,P,
2026-08-11,24UCY149,SHREE ASHWIN A G,3rd Year,A,
2026-08-12,24UCY149,SHREE ASHWIN A G,3rd Year,P,
2026-08-13,24UCY149,SHREE ASHWIN A G,3rd Year,P,
2026-08-14,24UCY149,SHREE ASHWIN A G,3rd Year,P,
2026-08-18,24UCY149,SHREE ASHWIN A G,3rd Year,P,
2026-08-19,24UCY149,SHREE ASHWIN A G,3rd Year,P,
2026-08-21,24UCY149,SHREE ASHWIN A G,3rd Year,A,
2026-08-24,24UCY149,SHREE ASHWIN A G,3rd Year,P,
2026-08-25,24UCY149,SHREE ASHWIN A G,3rd Year,P,
2026-09-07,24UCY149,SHREE ASHWIN A G,3rd Year,P,
2026-09-08,24UCY149,SHREE ASHWIN A G,3rd Year,P,
2026-09-09,24UCY149,SHREE ASHWIN A G,3rd Year,P,
2026-09-10,24UCY149,SHREE ASHWIN A G,3rd Year,A,
2026-09-11,24UCY149,SHREE ASHWIN A G,3rd Year,P,
2026-09-15,24UCY149,SHREE ASHWIN A G,3rd Year,P,
2026-09-16,24UCY149,SHREE ASHWIN A G,3rd Year,P,
2026-09-17,24UCY149,SHREE ASHWIN A G,3rd Year,P,
2026-09-18,24UCY149,SHREE ASHWIN A G,3rd Year,P,
2026-09-21,24UCY149,SHREE ASHWIN A G,3rd Year,P,
2026-09-22,24UCY149,SHREE ASHWIN A G,3rd Year,P,
2026-09-23,24UCY149,SHREE ASHWIN A G,3rd Year,P,
2026-09-24,24UCY149,SHREE ASHWIN A G,3rd Year,P,
2026-09-25,24UCY149,SHREE ASHWIN A G,3rd Year,P,
2026-09-28,24UCY149,SHREE ASHWIN A G,3rd Year,P,
2026-09-29,24UCY149,SHREE ASHWIN A G,3rd Year,P,
2026-09-30,24UCY149,SHREE ASHWIN A G,3rd Year,P,
2026-10-01,24UCY149,SHREE ASHWIN A G,3rd Year,P,
2026-10-05,24UCY149,SHREE ASHWIN A G,3rd Year,P,
2026-08-03,24UCY150,SHRI VATHSA M,3rd Year,P,
2026-08-04,24UCY150,SHRI VATHSA M,3rd Year,A,
2026-08-05,24UCY150,SHRI VATHSA M,3rd Year,P,
2026-08-06,24UCY150,SHRI VATHSA M,3rd Year,P,
2026-08-07,24UCY150,SHRI VATHSA M,3rd Year,P,
2026-08-10,24UCY150,SHRI VATHSA M,3rd Year,A,
2026-08-11,24UCY150,SHRI VATHSA M,3rd Year,A,
2026-08-12,24UCY150,SHRI VATHSA M,3rd Year,P,
2026-08-13,24UCY150,SHRI VATHSA M,3rd Year,P,
2026-08-14,24UCY150,SHRI VATHSA M,3rd Year,P,
2026-08-18,24UCY150,SHRI VATHSA M,3rd Year,P,
2026-08-19,24UCY150,SHRI VATHSA M,3rd Year,P,
2026-08-21,24UCY150,SHRI VATHSA M,3rd Year,A,
2026-08-24,24UCY150,SHRI VATHSA M,3rd Year,P,
2026-08-25,24UCY150,SHRI VATHSA M,3rd Year,P,
2026-09-07,24UCY150,SHRI VATHSA M,3rd Year,A,
2026-09-08,24UCY150,SHRI VATHSA M,3rd Year,P,
2026-09-09,24UCY150,SHRI VATHSA M,3rd Year,P,
2026-09-10,24UCY150,SHRI VATHSA M,3rd Year,P,
2026-09-11,24UCY150,SHRI VATHSA M,3rd Year,P,
2026-09-15,24UCY150,SHRI VATHSA M,3rd Year,A,
2026-09-16,24UCY150,SHRI VATHSA M,3rd Year,P,
2026-09-17,24UCY150,SHRI VATHSA M,3rd Year,A,
2026-09-18,24UCY150,SHRI VATHSA M,3rd Year,P,
2026-09-21,24UCY150,SHRI VATHSA M,3rd Year,P,
2026-09-22,24UCY150,SHRI VATHSA M,3rd Year,P,
2026-09-23,24UCY150,SHRI VATHSA M,3rd Year,P,
2026-09-24,24UCY150,SHRI VATHSA M,3rd Year,P,
2026-09-25,24UCY150,SHRI VATHSA M,3rd Year,P,
2026-09-28,24UCY150,SHRI VATHSA M,3rd Year,P,
2026-09-29,24UCY150,SHRI VATHSA M,3rd Year,A,
2026-09-30,24UCY150,SHRI VATHSA M,3rd Year,P,
2026-10-01,24UCY150,SHRI VATHSA M,3rd Year,P,
2026-10-05,24UCY150,SHRI VATHSA M,3rd Year,P,
2026-08-03,24UCY151,SIVASHANKAR R,3rd Year,P,
2026-08-04,24UCY151,SIVASHANKAR R,3rd Year,A,
2026-08-05,24UCY151,SIVASHANKAR R,3rd Year,P,
2026-08-06,24UCY151,SIVASHANKAR R,3rd Year,P,
2026-08-07,24UCY151,SIVASHANKAR R,3rd Year,A,
2026-08-10,24UCY151,SIVASHANKAR R,3rd Year,P,
2026-08-11,24UCY151,SIVASHANKAR R,3rd Year,A,
2026-08-12,24UCY151,SIVASHANKAR R,3rd Year,P,
2026-08-13,24UCY151,SIVASHANKAR R,3rd Year,P,
2026-08-14,24UCY151,SIVASHANKAR R,3rd Year,P,
2026-08-18,24UCY151,SIVASHANKAR R,3rd Year,P,
2026-08-19,24UCY151,SIVASHANKAR R,3rd Year,P,
2026-08-21,24UCY151,SIVASHANKAR R,3rd Year,A,
2026-08-24,24UCY151,SIVASHANKAR R,3rd Year,P,
2026-08-25,24UCY151,SIVASHANKAR R,3rd Year,P,
2026-09-07,24UCY151,SIVASHANKAR R,3rd Year,P,
2026-09-08,24UCY151,SIVASHANKAR R,3rd Year,P,
2026-09-09,24UCY151,SIVASHANKAR R,3rd Year,P,
2026-09-10,24UCY151,SIVASHANKAR R,3rd Year,P,
2026-09-11,24UCY151,SIVASHANKAR R,3rd Year,P,
2026-09-15,24UCY151,SIVASHANKAR R,3rd Year,P,
2026-09-16,24UCY151,SIVASHANKAR R,3rd Year,P,
2026-09-17,24UCY151,SIVASHANKAR R,3rd Year,A,
2026-09-18,24UCY151,SIVASHANKAR R,3rd Year,A,
2026-09-21,24UCY151,SIVASHANKAR R,3rd Year,A,
2026-09-22,24UCY151,SIVASHANKAR R,3rd Year,P,
2026-09-23,24UCY151,SIVASHANKAR R,3rd Year,P,
2026-09-24,24UCY151,SIVASHANKAR R,3rd Year,P,
2026-09-25,24UCY151,SIVASHANKAR R,3rd Year,P,
2026-09-28,24UCY151,SIVASHANKAR R,3rd Year,P,
2026-09-29,24UCY151,SIVASHANKAR R,3rd Year,P,
2026-09-30,24UCY151,SIVASHANKAR R,3rd Year,P,
2026-10-01,24UCY151,SIVASHANKAR R,3rd Year,P,
2026-10-05,24UCY151,SIVASHANKAR R,3rd Year,P,
2026-08-03,24UCY154,SUBAPRIYAN S,3rd Year,P,
2026-08-04,24UCY154,SUBAPRIYAN S,3rd Year,A,
2026-08-05,24UCY154,SUBAPRIYAN S,3rd Year,P,
2026-08-06,24UCY154,SUBAPRIYAN S,3rd Year,P,
2026-08-07,24UCY154,SUBAPRIYAN S,3rd Year,P,
2026-08-10,24UCY154,SUBAPRIYAN S,3rd Year,P,
2026-08-11,24UCY154,SUBAPRIYAN S,3rd Year,A,
2026-08-12,24UCY154,SUBAPRIYAN S,3rd Year,P,
2026-08-13,24UCY154,SUBAPRIYAN S,3rd Year,A,
2026-08-14,24UCY154,SUBAPRIYAN S,3rd Year,A,
2026-08-18,24UCY154,SUBAPRIYAN S,3rd Year,P,
2026-08-19,24UCY154,SUBAPRIYAN S,3rd Year,P,
2026-08-21,24UCY154,SUBAPRIYAN S,3rd Year,A,
2026-08-24,24UCY154,SUBAPRIYAN S,3rd Year,A,
2026-08-25,24UCY154,SUBAPRIYAN S,3rd Year,P,
2026-09-07,24UCY154,SUBAPRIYAN S,3rd Year,P,
2026-09-08,24UCY154,SUBAPRIYAN S,3rd Year,P,
2026-09-09,24UCY154,SUBAPRIYAN S,3rd Year,P,
2026-09-10,24UCY154,SUBAPRIYAN S,3rd Year,P,
2026-09-11,24UCY154,SUBAPRIYAN S,3rd Year,P,
2026-09-15,24UCY154,SUBAPRIYAN S,3rd Year,P,
2026-09-16,24UCY154,SUBAPRIYAN S,3rd Year,A,
2026-09-17,24UCY154,SUBAPRIYAN S,3rd Year,P,
2026-09-18,24UCY154,SUBAPRIYAN S,3rd Year,P,
2026-09-21,24UCY154,SUBAPRIYAN S,3rd Year,P,
2026-09-22,24UCY154,SUBAPRIYAN S,3rd Year,P,
2026-09-23,24UCY154,SUBAPRIYAN S,3rd Year,P,
2026-09-24,24UCY154,SUBAPRIYAN S,3rd Year,P,
2026-09-25,24UCY154,SUBAPRIYAN S,3rd Year,P,
2026-09-28,24UCY154,SUBAPRIYAN S,3rd Year,P,
2026-09-29,24UCY154,SUBAPRIYAN S,3rd Year,P,
2026-09-30,24UCY154,SUBAPRIYAN S,3rd Year,P,
2026-10-01,24UCY154,SUBAPRIYAN S,3rd Year,P,
2026-10-05,24UCY154,SUBAPRIYAN S,3rd Year,P,
2026-08-03,24UCY160,VIGNESHWARAN M,3rd Year,P,
2026-08-04,24UCY160,VIGNESHWARAN M,3rd Year,A,
2026-08-05,24UCY160,VIGNESHWARAN M,3rd Year,P,
2026-08-06,24UCY160,VIGNESHWARAN M,3rd Year,P,
2026-08-07,24UCY160,VIGNESHWARAN M,3rd Year,P,
2026-08-10,24UCY160,VIGNESHWARAN M,3rd Year,P,
2026-08-11,24UCY160,VIGNESHWARAN M,3rd Year,A,
2026-08-12,24UCY160,VIGNESHWARAN M,3rd Year,P,
2026-08-13,24UCY160,VIGNESHWARAN M,3rd Year,P,
2026-08-14,24UCY160,VIGNESHWARAN M,3rd Year,P,
2026-08-18,24UCY160,VIGNESHWARAN M,3rd Year,P,
2026-08-19,24UCY160,VIGNESHWARAN M,3rd Year,P,
2026-08-21,24UCY160,VIGNESHWARAN M,3rd Year,A,
2026-08-24,24UCY160,VIGNESHWARAN M,3rd Year,P,
2026-08-25,24UCY160,VIGNESHWARAN M,3rd Year,A,
2026-09-07,24UCY160,VIGNESHWARAN M,3rd Year,P,
2026-09-08,24UCY160,VIGNESHWARAN M,3rd Year,P,
2026-09-09,24UCY160,VIGNESHWARAN M,3rd Year,P,
2026-09-10,24UCY160,VIGNESHWARAN M,3rd Year,P,
2026-09-11,24UCY160,VIGNESHWARAN M,3rd Year,P,
2026-09-15,24UCY160,VIGNESHWARAN M,3rd Year,P,
2026-09-16,24UCY160,VIGNESHWARAN M,3rd Year,P,
2026-09-17,24UCY160,VIGNESHWARAN M,3rd Year,P,
2026-09-18,24UCY160,VIGNESHWARAN M,3rd Year,P,
2026-09-21,24UCY160,VIGNESHWARAN M,3rd Year,P,
2026-09-22,24UCY160,VIGNESHWARAN M,3rd Year,P,
2026-09-23,24UCY160,VIGNESHWARAN M,3rd Year,P,
2026-09-24,24UCY160,VIGNESHWARAN M,3rd Year,P,
2026-09-25,24UCY160,VIGNESHWARAN M,3rd Year,P,
2026-09-28,24UCY160,VIGNESHWARAN M,3rd Year,P,
2026-09-29,24UCY160,VIGNESHWARAN M,3rd Year,P,
2026-09-30,24UCY160,VIGNESHWARAN M,3rd Year,P,
2026-10-01,24UCY160,VIGNESHWARAN M,3rd Year,P,
2026-10-05,24UCY160,VIGNESHWARAN M,3rd Year,A,
2026-08-03,24UIT101,ABINAYA M,3rd Year,A,
2026-08-04,24UIT101,ABINAYA M,3rd Year,A,
2026-08-05,24UIT101,ABINAYA M,3rd Year,P,
2026-08-06,24UIT101,ABINAYA M,3rd Year,A,
2026-08-07,24UIT101,ABINAYA M,3rd Year,P,
2026-08-10,24UIT101,ABINAYA M,3rd Year,P,
2026-08-11,24UIT101,ABINAYA M,3rd Year,A,
2026-08-12,24UIT101,ABINAYA M,3rd Year,A,
2026-08-13,24UIT101,ABINAYA M,3rd Year,P,
2026-08-14,24UIT101,ABINAYA M,3rd Year,A,
2026-08-18,24UIT101,ABINAYA M,3rd Year,P,
2026-08-19,24UIT101,ABINAYA M,3rd Year,A,
2026-08-21,24UIT101,ABINAYA M,3rd Year,P,
2026-08-24,24UIT101,ABINAYA M,3rd Year,P,
2026-08-25,24UIT101,ABINAYA M,3rd Year,A,
2026-09-07,24UIT101,ABINAYA M,3rd Year,A,
2026-09-08,24UIT101,ABINAYA M,3rd Year,A,
2026-09-09,24UIT101,ABINAYA M,3rd Year,P,
2026-09-10,24UIT101,ABINAYA M,3rd Year,A,
2026-09-11,24UIT101,ABINAYA M,3rd Year,P,
2026-09-15,24UIT101,ABINAYA M,3rd Year,A,
2026-09-16,24UIT101,ABINAYA M,3rd Year,P,
2026-09-17,24UIT101,ABINAYA M,3rd Year,A,
2026-09-18,24UIT101,ABINAYA M,3rd Year,P,
2026-09-21,24UIT101,ABINAYA M,3rd Year,P,
2026-09-22,24UIT101,ABINAYA M,3rd Year,P,
2026-09-23,24UIT101,ABINAYA M,3rd Year,P,
2026-09-24,24UIT101,ABINAYA M,3rd Year,P,
2026-09-25,24UIT101,ABINAYA M,3rd Year,P,
2026-09-28,24UIT101,ABINAYA M,3rd Year,P,
2026-09-29,24UIT101,ABINAYA M,3rd Year,P,
2026-09-30,24UIT101,ABINAYA M,3rd Year,P,
2026-10-01,24UIT101,ABINAYA M,3rd Year,P,
2026-10-05,24UIT101,ABINAYA M,3rd Year,P,
2026-08-03,24UIT103,ADITHYA R,3rd Year,A,
2026-08-04,24UIT103,ADITHYA R,3rd Year,A,
2026-08-05,24UIT103,ADITHYA R,3rd Year,P,
2026-08-06,24UIT103,ADITHYA R,3rd Year,P,
2026-08-07,24UIT103,ADITHYA R,3rd Year,A,
2026-08-10,24UIT103,ADITHYA R,3rd Year,A,
2026-08-11,24UIT103,ADITHYA R,3rd Year,A,
2026-08-12,24UIT103,ADITHYA R,3rd Year,A,
2026-08-13,24UIT103,ADITHYA R,3rd Year,A,
2026-08-14,24UIT103,ADITHYA R,3rd Year,A,
2026-08-18,24UIT103,ADITHYA R,3rd Year,P,
2026-08-19,24UIT103,ADITHYA R,3rd Year,A,
2026-08-21,24UIT103,ADITHYA R,3rd Year,A,
2026-08-24,24UIT103,ADITHYA R,3rd Year,A,
2026-08-25,24UIT103,ADITHYA R,3rd Year,A,
2026-09-07,24UIT103,ADITHYA R,3rd Year,A,
2026-09-08,24UIT103,ADITHYA R,3rd Year,A,
2026-09-09,24UIT103,ADITHYA R,3rd Year,A,
2026-09-10,24UIT103,ADITHYA R,3rd Year,A,
2026-09-11,24UIT103,ADITHYA R,3rd Year,P,
2026-09-15,24UIT103,ADITHYA R,3rd Year,A,
2026-09-16,24UIT103,ADITHYA R,3rd Year,P,
2026-09-17,24UIT103,ADITHYA R,3rd Year,P,
2026-09-18,24UIT103,ADITHYA R,3rd Year,A,
2026-09-21,24UIT103,ADITHYA R,3rd Year,A,
2026-09-22,24UIT103,ADITHYA R,3rd Year,A,
2026-09-23,24UIT103,ADITHYA R,3rd Year,P,
2026-09-24,24UIT103,ADITHYA R,3rd Year,P,
2026-09-25,24UIT103,ADITHYA R,3rd Year,A,
2026-09-28,24UIT103,ADITHYA R,3rd Year,P,
2026-09-29,24UIT103,ADITHYA R,3rd Year,A,
2026-09-30,24UIT103,ADITHYA R,3rd Year,P,
2026-10-01,24UIT103,ADITHYA R,3rd Year,A,
2026-10-05,24UIT103,ADITHYA R,3rd Year,A,
2026-08-03,24UIT106,BHARATH R,3rd Year,A,
2026-08-04,24UIT106,BHARATH R,3rd Year,A,
2026-08-05,24UIT106,BHARATH R,3rd Year,P,
2026-08-06,24UIT106,BHARATH R,3rd Year,P,
2026-08-07,24UIT106,BHARATH R,3rd Year,P,
2026-08-10,24UIT106,BHARATH R,3rd Year,A,
2026-08-11,24UIT106,BHARATH R,3rd Year,A,
2026-08-12,24UIT106,BHARATH R,3rd Year,P,
2026-08-13,24UIT106,BHARATH R,3rd Year,P,
2026-08-14,24UIT106,BHARATH R,3rd Year,P,
2026-08-18,24UIT106,BHARATH R,3rd Year,P,
2026-08-19,24UIT106,BHARATH R,3rd Year,P,
2026-08-21,24UIT106,BHARATH R,3rd Year,A,
2026-08-24,24UIT106,BHARATH R,3rd Year,A,
2026-08-25,24UIT106,BHARATH R,3rd Year,P,
2026-09-07,24UIT106,BHARATH R,3rd Year,A,
2026-09-08,24UIT106,BHARATH R,3rd Year,P,
2026-09-09,24UIT106,BHARATH R,3rd Year,P,
2026-09-10,24UIT106,BHARATH R,3rd Year,P,
2026-09-11,24UIT106,BHARATH R,3rd Year,A,
2026-09-15,24UIT106,BHARATH R,3rd Year,A,
2026-09-16,24UIT106,BHARATH R,3rd Year,P,
2026-09-17,24UIT106,BHARATH R,3rd Year,A,
2026-09-18,24UIT106,BHARATH R,3rd Year,P,
2026-09-21,24UIT106,BHARATH R,3rd Year,A,
2026-09-22,24UIT106,BHARATH R,3rd Year,A,
2026-09-23,24UIT106,BHARATH R,3rd Year,P,
2026-09-24,24UIT106,BHARATH R,3rd Year,A,
2026-09-25,24UIT106,BHARATH R,3rd Year,A,
2026-09-28,24UIT106,BHARATH R,3rd Year,A,
2026-09-29,24UIT106,BHARATH R,3rd Year,P,
2026-09-30,24UIT106,BHARATH R,3rd Year,A,
2026-10-01,24UIT106,BHARATH R,3rd Year,P,
2026-10-05,24UIT106,BHARATH R,3rd Year,A,
2026-08-03,24UIT107,BHAVANA U,3rd Year,A,
2026-08-04,24UIT107,BHAVANA U,3rd Year,A,
2026-08-05,24UIT107,BHAVANA U,3rd Year,P,
2026-08-06,24UIT107,BHAVANA U,3rd Year,P,
2026-08-07,24UIT107,BHAVANA U,3rd Year,P,
2026-08-10,24UIT107,BHAVANA U,3rd Year,P,
2026-08-11,24UIT107,BHAVANA U,3rd Year,A,
2026-08-12,24UIT107,BHAVANA U,3rd Year,P,
2026-08-13,24UIT107,BHAVANA U,3rd Year,P,
2026-08-14,24UIT107,BHAVANA U,3rd Year,P,
2026-08-18,24UIT107,BHAVANA U,3rd Year,P,
2026-08-19,24UIT107,BHAVANA U,3rd Year,A,
2026-08-21,24UIT107,BHAVANA U,3rd Year,P,
2026-08-24,24UIT107,BHAVANA U,3rd Year,A,
2026-08-25,24UIT107,BHAVANA U,3rd Year,A,
2026-09-07,24UIT107,BHAVANA U,3rd Year,P,
2026-09-08,24UIT107,BHAVANA U,3rd Year,P,
2026-09-09,24UIT107,BHAVANA U,3rd Year,P,
2026-09-10,24UIT107,BHAVANA U,3rd Year,P,
2026-09-11,24UIT107,BHAVANA U,3rd Year,P,
2026-09-15,24UIT107,BHAVANA U,3rd Year,P,
2026-09-16,24UIT107,BHAVANA U,3rd Year,P,
2026-09-17,24UIT107,BHAVANA U,3rd Year,P,
2026-09-18,24UIT107,BHAVANA U,3rd Year,P,
2026-09-21,24UIT107,BHAVANA U,3rd Year,P,
2026-09-22,24UIT107,BHAVANA U,3rd Year,P,
2026-09-23,24UIT107,BHAVANA U,3rd Year,P,
2026-09-24,24UIT107,BHAVANA U,3rd Year,P,
2026-09-25,24UIT107,BHAVANA U,3rd Year,P,
2026-09-28,24UIT107,BHAVANA U,3rd Year,P,
2026-09-29,24UIT107,BHAVANA U,3rd Year,P,
2026-09-30,24UIT107,BHAVANA U,3rd Year,P,
2026-10-01,24UIT107,BHAVANA U,3rd Year,P,
2026-10-05,24UIT107,BHAVANA U,3rd Year,P,
2026-08-03,24UIT108,BHAVANI D,3rd Year,A,
2026-08-04,24UIT108,BHAVANI D,3rd Year,A,
2026-08-05,24UIT108,BHAVANI D,3rd Year,P,
2026-08-06,24UIT108,BHAVANI D,3rd Year,P,
2026-08-07,24UIT108,BHAVANI D,3rd Year,P,
2026-08-10,24UIT108,BHAVANI D,3rd Year,P,
2026-08-11,24UIT108,BHAVANI D,3rd Year,A,
2026-08-12,24UIT108,BHAVANI D,3rd Year,P,
2026-08-13,24UIT108,BHAVANI D,3rd Year,P,
2026-08-14,24UIT108,BHAVANI D,3rd Year,P,
2026-08-18,24UIT108,BHAVANI D,3rd Year,A,
2026-08-19,24UIT108,BHAVANI D,3rd Year,P,
2026-08-21,24UIT108,BHAVANI D,3rd Year,P,
2026-08-24,24UIT108,BHAVANI D,3rd Year,P,
2026-08-25,24UIT108,BHAVANI D,3rd Year,A,
2026-09-07,24UIT108,BHAVANI D,3rd Year,P,
2026-09-08,24UIT108,BHAVANI D,3rd Year,P,
2026-09-09,24UIT108,BHAVANI D,3rd Year,P,
2026-09-10,24UIT108,BHAVANI D,3rd Year,P,
2026-09-11,24UIT108,BHAVANI D,3rd Year,P,
2026-09-15,24UIT108,BHAVANI D,3rd Year,A,
2026-09-16,24UIT108,BHAVANI D,3rd Year,P,
2026-09-17,24UIT108,BHAVANI D,3rd Year,P,
2026-09-18,24UIT108,BHAVANI D,3rd Year,P,
2026-09-21,24UIT108,BHAVANI D,3rd Year,P,
2026-09-22,24UIT108,BHAVANI D,3rd Year,P,
2026-09-23,24UIT108,BHAVANI D,3rd Year,P,
2026-09-24,24UIT108,BHAVANI D,3rd Year,P,
2026-09-25,24UIT108,BHAVANI D,3rd Year,P,
2026-09-28,24UIT108,BHAVANI D,3rd Year,P,
2026-09-29,24UIT108,BHAVANI D,3rd Year,P,
2026-09-30,24UIT108,BHAVANI D,3rd Year,P,
2026-10-01,24UIT108,BHAVANI D,3rd Year,P,
2026-10-05,24UIT108,BHAVANI D,3rd Year,P,
2026-08-03,24UIT111,DHANUSHREE R,3rd Year,A,
2026-08-04,24UIT111,DHANUSHREE R,3rd Year,A,
2026-08-05,24UIT111,DHANUSHREE R,3rd Year,P,
2026-08-06,24UIT111,DHANUSHREE R,3rd Year,P,
2026-08-07,24UIT111,DHANUSHREE R,3rd Year,P,
2026-08-10,24UIT111,DHANUSHREE R,3rd Year,P,
2026-08-11,24UIT111,DHANUSHREE R,3rd Year,A,
2026-08-12,24UIT111,DHANUSHREE R,3rd Year,P,
2026-08-13,24UIT111,DHANUSHREE R,3rd Year,P,
2026-08-14,24UIT111,DHANUSHREE R,3rd Year,P,
2026-08-18,24UIT111,DHANUSHREE R,3rd Year,P,
2026-08-19,24UIT111,DHANUSHREE R,3rd Year,P,
2026-08-21,24UIT111,DHANUSHREE R,3rd Year,P,
2026-08-24,24UIT111,DHANUSHREE R,3rd Year,A,
2026-08-25,24UIT111,DHANUSHREE R,3rd Year,A,
2026-09-07,24UIT111,DHANUSHREE R,3rd Year,A,
2026-09-08,24UIT111,DHANUSHREE R,3rd Year,P,
2026-09-09,24UIT111,DHANUSHREE R,3rd Year,P,
2026-09-10,24UIT111,DHANUSHREE R,3rd Year,P,
2026-09-11,24UIT111,DHANUSHREE R,3rd Year,P,
2026-09-15,24UIT111,DHANUSHREE R,3rd Year,P,
2026-09-16,24UIT111,DHANUSHREE R,3rd Year,P,
2026-09-17,24UIT111,DHANUSHREE R,3rd Year,P,
2026-09-18,24UIT111,DHANUSHREE R,3rd Year,P,
2026-09-21,24UIT111,DHANUSHREE R,3rd Year,P,
2026-09-22,24UIT111,DHANUSHREE R,3rd Year,P,
2026-09-23,24UIT111,DHANUSHREE R,3rd Year,P,
2026-09-24,24UIT111,DHANUSHREE R,3rd Year,P,
2026-09-25,24UIT111,DHANUSHREE R,3rd Year,P,
2026-09-28,24UIT111,DHANUSHREE R,3rd Year,P,
2026-09-29,24UIT111,DHANUSHREE R,3rd Year,P,
2026-09-30,24UIT111,DHANUSHREE R,3rd Year,P,
2026-10-01,24UIT111,DHANUSHREE R,3rd Year,P,
2026-10-05,24UIT111,DHANUSHREE R,3rd Year,P,
2026-08-03,24UIT112,DHANVANTRY S,3rd Year,A,
2026-08-04,24UIT112,DHANVANTRY S,3rd Year,A,
2026-08-05,24UIT112,DHANVANTRY S,3rd Year,A,
2026-08-06,24UIT112,DHANVANTRY S,3rd Year,A,
2026-08-07,24UIT112,DHANVANTRY S,3rd Year,A,
2026-08-10,24UIT112,DHANVANTRY S,3rd Year,P,
2026-08-11,24UIT112,DHANVANTRY S,3rd Year,A,
2026-08-12,24UIT112,DHANVANTRY S,3rd Year,P,
2026-08-13,24UIT112,DHANVANTRY S,3rd Year,P,
2026-08-14,24UIT112,DHANVANTRY S,3rd Year,P,
2026-08-18,24UIT112,DHANVANTRY S,3rd Year,P,
2026-08-19,24UIT112,DHANVANTRY S,3rd Year,P,
2026-08-21,24UIT112,DHANVANTRY S,3rd Year,P,
2026-08-24,24UIT112,DHANVANTRY S,3rd Year,P,
2026-08-25,24UIT112,DHANVANTRY S,3rd Year,A,
2026-09-07,24UIT112,DHANVANTRY S,3rd Year,P,
2026-09-08,24UIT112,DHANVANTRY S,3rd Year,P,
2026-09-09,24UIT112,DHANVANTRY S,3rd Year,P,
2026-09-10,24UIT112,DHANVANTRY S,3rd Year,P,
2026-09-11,24UIT112,DHANVANTRY S,3rd Year,P,
2026-09-15,24UIT112,DHANVANTRY S,3rd Year,P,
2026-09-16,24UIT112,DHANVANTRY S,3rd Year,P,
2026-09-17,24UIT112,DHANVANTRY S,3rd Year,P,
2026-09-18,24UIT112,DHANVANTRY S,3rd Year,P,
2026-09-21,24UIT112,DHANVANTRY S,3rd Year,P,
2026-09-22,24UIT112,DHANVANTRY S,3rd Year,P,
2026-09-23,24UIT112,DHANVANTRY S,3rd Year,P,
2026-09-24,24UIT112,DHANVANTRY S,3rd Year,P,
2026-09-25,24UIT112,DHANVANTRY S,3rd Year,P,
2026-09-28,24UIT112,DHANVANTRY S,3rd Year,P,
2026-09-29,24UIT112,DHANVANTRY S,3rd Year,P,
2026-09-30,24UIT112,DHANVANTRY S,3rd Year,P,
2026-10-01,24UIT112,DHANVANTRY S,3rd Year,P,
2026-10-05,24UIT112,DHANVANTRY S,3rd Year,P,
2026-08-03,24UIT113,DHARNISH M,3rd Year,A,
2026-08-04,24UIT113,DHARNISH M,3rd Year,A,
2026-08-05,24UIT113,DHARNISH M,3rd Year,P,
2026-08-06,24UIT113,DHARNISH M,3rd Year,P,
2026-08-07,24UIT113,DHARNISH M,3rd Year,P,
2026-08-10,24UIT113,DHARNISH M,3rd Year,P,
2026-08-11,24UIT113,DHARNISH M,3rd Year,A,
2026-08-12,24UIT113,DHARNISH M,3rd Year,P,
2026-08-13,24UIT113,DHARNISH M,3rd Year,P,
2026-08-14,24UIT113,DHARNISH M,3rd Year,P,
2026-08-18,24UIT113,DHARNISH M,3rd Year,P,
2026-08-19,24UIT113,DHARNISH M,3rd Year,P,
2026-08-21,24UIT113,DHARNISH M,3rd Year,P,
2026-08-24,24UIT113,DHARNISH M,3rd Year,A,
2026-08-25,24UIT113,DHARNISH M,3rd Year,P,
2026-09-07,24UIT113,DHARNISH M,3rd Year,A,
2026-09-08,24UIT113,DHARNISH M,3rd Year,P,
2026-09-09,24UIT113,DHARNISH M,3rd Year,P,
2026-09-10,24UIT113,DHARNISH M,3rd Year,P,
2026-09-11,24UIT113,DHARNISH M,3rd Year,P,
2026-09-15,24UIT113,DHARNISH M,3rd Year,A,
2026-09-16,24UIT113,DHARNISH M,3rd Year,P,
2026-09-17,24UIT113,DHARNISH M,3rd Year,P,
2026-09-18,24UIT113,DHARNISH M,3rd Year,P,
2026-09-21,24UIT113,DHARNISH M,3rd Year,P,
2026-09-22,24UIT113,DHARNISH M,3rd Year,P,
2026-09-23,24UIT113,DHARNISH M,3rd Year,P,
2026-09-24,24UIT113,DHARNISH M,3rd Year,P,
2026-09-25,24UIT113,DHARNISH M,3rd Year,P,
2026-09-28,24UIT113,DHARNISH M,3rd Year,P,
2026-09-29,24UIT113,DHARNISH M,3rd Year,P,
2026-09-30,24UIT113,DHARNISH M,3rd Year,P,
2026-10-01,24UIT113,DHARNISH M,3rd Year,P,
2026-10-05,24UIT113,DHARNISH M,3rd Year,P,
2026-08-03,24UIT114,DHARSHINIPRIYA A L,3rd Year,A,
2026-08-04,24UIT114,DHARSHINIPRIYA A L,3rd Year,A,
2026-08-05,24UIT114,DHARSHINIPRIYA A L,3rd Year,P,
2026-08-06,24UIT114,DHARSHINIPRIYA A L,3rd Year,P,
2026-08-07,24UIT114,DHARSHINIPRIYA A L,3rd Year,P,
2026-08-10,24UIT114,DHARSHINIPRIYA A L,3rd Year,P,
2026-08-11,24UIT114,DHARSHINIPRIYA A L,3rd Year,A,
2026-08-12,24UIT114,DHARSHINIPRIYA A L,3rd Year,P,
2026-08-13,24UIT114,DHARSHINIPRIYA A L,3rd Year,P,
2026-08-14,24UIT114,DHARSHINIPRIYA A L,3rd Year,P,
2026-08-18,24UIT114,DHARSHINIPRIYA A L,3rd Year,P,
2026-08-19,24UIT114,DHARSHINIPRIYA A L,3rd Year,A,
2026-08-21,24UIT114,DHARSHINIPRIYA A L,3rd Year,P,
2026-08-24,24UIT114,DHARSHINIPRIYA A L,3rd Year,P,
2026-08-25,24UIT114,DHARSHINIPRIYA A L,3rd Year,A,
2026-09-07,24UIT114,DHARSHINIPRIYA A L,3rd Year,P,
2026-09-08,24UIT114,DHARSHINIPRIYA A L,3rd Year,P,
2026-09-09,24UIT114,DHARSHINIPRIYA A L,3rd Year,P,
2026-09-10,24UIT114,DHARSHINIPRIYA A L,3rd Year,P,
2026-09-11,24UIT114,DHARSHINIPRIYA A L,3rd Year,P,
2026-09-15,24UIT114,DHARSHINIPRIYA A L,3rd Year,A,
2026-09-16,24UIT114,DHARSHINIPRIYA A L,3rd Year,P,
2026-09-17,24UIT114,DHARSHINIPRIYA A L,3rd Year,A,
2026-09-18,24UIT114,DHARSHINIPRIYA A L,3rd Year,P,
2026-09-21,24UIT114,DHARSHINIPRIYA A L,3rd Year,P,
2026-09-22,24UIT114,DHARSHINIPRIYA A L,3rd Year,P,
2026-09-23,24UIT114,DHARSHINIPRIYA A L,3rd Year,P,
2026-09-24,24UIT114,DHARSHINIPRIYA A L,3rd Year,P,
2026-09-25,24UIT114,DHARSHINIPRIYA A L,3rd Year,P,
2026-09-28,24UIT114,DHARSHINIPRIYA A L,3rd Year,P,
2026-09-29,24UIT114,DHARSHINIPRIYA A L,3rd Year,P,
2026-09-30,24UIT114,DHARSHINIPRIYA A L,3rd Year,P,
2026-10-01,24UIT114,DHARSHINIPRIYA A L,3rd Year,P,
2026-10-05,24UIT114,DHARSHINIPRIYA A L,3rd Year,P,
2026-08-03,24UIT116,GANGA GOWRI M,3rd Year,A,
2026-08-04,24UIT116,GANGA GOWRI M,3rd Year,A,
2026-08-05,24UIT116,GANGA GOWRI M,3rd Year,P,
2026-08-06,24UIT116,GANGA GOWRI M,3rd Year,P,
2026-08-07,24UIT116,GANGA GOWRI M,3rd Year,P,
2026-08-10,24UIT116,GANGA GOWRI M,3rd Year,A,
2026-08-11,24UIT116,GANGA GOWRI M,3rd Year,A,
2026-08-12,24UIT116,GANGA GOWRI M,3rd Year,P,
2026-08-13,24UIT116,GANGA GOWRI M,3rd Year,P,
2026-08-14,24UIT116,GANGA GOWRI M,3rd Year,P,
2026-08-18,24UIT116,GANGA GOWRI M,3rd Year,P,
2026-08-19,24UIT116,GANGA GOWRI M,3rd Year,A,
2026-08-21,24UIT116,GANGA GOWRI M,3rd Year,P,
2026-08-24,24UIT116,GANGA GOWRI M,3rd Year,P,
2026-08-25,24UIT116,GANGA GOWRI M,3rd Year,A,
2026-09-07,24UIT116,GANGA GOWRI M,3rd Year,A,
2026-09-08,24UIT116,GANGA GOWRI M,3rd Year,P,
2026-09-09,24UIT116,GANGA GOWRI M,3rd Year,P,
2026-09-10,24UIT116,GANGA GOWRI M,3rd Year,P,
2026-09-11,24UIT116,GANGA GOWRI M,3rd Year,P,
2026-09-15,24UIT116,GANGA GOWRI M,3rd Year,A,
2026-09-16,24UIT116,GANGA GOWRI M,3rd Year,A,
2026-09-17,24UIT116,GANGA GOWRI M,3rd Year,P,
2026-09-18,24UIT116,GANGA GOWRI M,3rd Year,P,
2026-09-21,24UIT116,GANGA GOWRI M,3rd Year,P,
2026-09-22,24UIT116,GANGA GOWRI M,3rd Year,P,
2026-09-23,24UIT116,GANGA GOWRI M,3rd Year,P,
2026-09-24,24UIT116,GANGA GOWRI M,3rd Year,P,
2026-09-25,24UIT116,GANGA GOWRI M,3rd Year,A,
2026-09-28,24UIT116,GANGA GOWRI M,3rd Year,P,
2026-09-29,24UIT116,GANGA GOWRI M,3rd Year,P,
2026-09-30,24UIT116,GANGA GOWRI M,3rd Year,P,
2026-10-01,24UIT116,GANGA GOWRI M,3rd Year,P,
2026-10-05,24UIT116,GANGA GOWRI M,3rd Year,P,
2026-08-03,24UIT120,HARINI M,3rd Year,P,
2026-08-04,24UIT120,HARINI M,3rd Year,A,
2026-08-05,24UIT120,HARINI M,3rd Year,P,
2026-08-06,24UIT120,HARINI M,3rd Year,P,
2026-08-07,24UIT120,HARINI M,3rd Year,P,
2026-08-10,24UIT120,HARINI M,3rd Year,P,
2026-08-11,24UIT120,HARINI M,3rd Year,A,
2026-08-12,24UIT120,HARINI M,3rd Year,P,
2026-08-13,24UIT120,HARINI M,3rd Year,A,
2026-08-14,24UIT120,HARINI M,3rd Year,A,
2026-08-18,24UIT120,HARINI M,3rd Year,P,
2026-08-19,24UIT120,HARINI M,3rd Year,A,
2026-08-21,24UIT120,HARINI M,3rd Year,P,
2026-08-24,24UIT120,HARINI M,3rd Year,A,
2026-08-25,24UIT120,HARINI M,3rd Year,A,
2026-09-07,24UIT120,HARINI M,3rd Year,P,
2026-09-08,24UIT120,HARINI M,3rd Year,P,
2026-09-09,24UIT120,HARINI M,3rd Year,P,
2026-09-10,24UIT120,HARINI M,3rd Year,A,
2026-09-11,24UIT120,HARINI M,3rd Year,P,
2026-09-15,24UIT120,HARINI M,3rd Year,P,
2026-09-16,24UIT120,HARINI M,3rd Year,P,
2026-09-17,24UIT120,HARINI M,3rd Year,P,
2026-09-18,24UIT120,HARINI M,3rd Year,P,
2026-09-21,24UIT120,HARINI M,3rd Year,P,
2026-09-22,24UIT120,HARINI M,3rd Year,P,
2026-09-23,24UIT120,HARINI M,3rd Year,A,
2026-09-24,24UIT120,HARINI M,3rd Year,P,
2026-09-25,24UIT120,HARINI M,3rd Year,P,
2026-09-28,24UIT120,HARINI M,3rd Year,P,
2026-09-29,24UIT120,HARINI M,3rd Year,P,
2026-09-30,24UIT120,HARINI M,3rd Year,P,
2026-10-01,24UIT120,HARINI M,3rd Year,P,
2026-10-05,24UIT120,HARINI M,3rd Year,P,
2026-08-03,24UIT122,IVIN M,3rd Year,A,
2026-08-04,24UIT122,IVIN M,3rd Year,A,
2026-08-05,24UIT122,IVIN M,3rd Year,A,
2026-08-06,24UIT122,IVIN M,3rd Year,P,
2026-08-07,24UIT122,IVIN M,3rd Year,P,
2026-08-10,24UIT122,IVIN M,3rd Year,A,
2026-08-11,24UIT122,IVIN M,3rd Year,A,
2026-08-12,24UIT122,IVIN M,3rd Year,A,
2026-08-13,24UIT122,IVIN M,3rd Year,P,
2026-08-14,24UIT122,IVIN M,3rd Year,P,
2026-08-18,24UIT122,IVIN M,3rd Year,P,
2026-08-19,24UIT122,IVIN M,3rd Year,A,
2026-08-21,24UIT122,IVIN M,3rd Year,P,
2026-08-24,24UIT122,IVIN M,3rd Year,A,
2026-08-25,24UIT122,IVIN M,3rd Year,A,
2026-09-07,24UIT122,IVIN M,3rd Year,A,
2026-09-08,24UIT122,IVIN M,3rd Year,P,
2026-09-09,24UIT122,IVIN M,3rd Year,P,
2026-09-10,24UIT122,IVIN M,3rd Year,P,
2026-09-11,24UIT122,IVIN M,3rd Year,P,
2026-09-15,24UIT122,IVIN M,3rd Year,A,
2026-09-16,24UIT122,IVIN M,3rd Year,A,
2026-09-17,24UIT122,IVIN M,3rd Year,P,
2026-09-18,24UIT122,IVIN M,3rd Year,P,
2026-09-21,24UIT122,IVIN M,3rd Year,P,
2026-09-22,24UIT122,IVIN M,3rd Year,P,
2026-09-23,24UIT122,IVIN M,3rd Year,P,
2026-09-24,24UIT122,IVIN M,3rd Year,P,
2026-09-25,24UIT122,IVIN M,3rd Year,A,
2026-09-28,24UIT122,IVIN M,3rd Year,P,
2026-09-29,24UIT122,IVIN M,3rd Year,P,
2026-09-30,24UIT122,IVIN M,3rd Year,P,
2026-10-01,24UIT122,IVIN M,3rd Year,P,
2026-10-05,24UIT122,IVIN M,3rd Year,P,
2026-08-03,24UIT125,KEERTHI PRIYADHARSHINI N,3rd Year,A,
2026-08-04,24UIT125,KEERTHI PRIYADHARSHINI N,3rd Year,A,
2026-08-05,24UIT125,KEERTHI PRIYADHARSHINI N,3rd Year,P,
2026-08-06,24UIT125,KEERTHI PRIYADHARSHINI N,3rd Year,P,
2026-08-07,24UIT125,KEERTHI PRIYADHARSHINI N,3rd Year,P,
2026-08-10,24UIT125,KEERTHI PRIYADHARSHINI N,3rd Year,P,
2026-08-11,24UIT125,KEERTHI PRIYADHARSHINI N,3rd Year,A,
2026-08-12,24UIT125,KEERTHI PRIYADHARSHINI N,3rd Year,P,
2026-08-13,24UIT125,KEERTHI PRIYADHARSHINI N,3rd Year,P,
2026-08-14,24UIT125,KEERTHI PRIYADHARSHINI N,3rd Year,A,
2026-08-18,24UIT125,KEERTHI PRIYADHARSHINI N,3rd Year,P,
2026-08-19,24UIT125,KEERTHI PRIYADHARSHINI N,3rd Year,P,
2026-08-21,24UIT125,KEERTHI PRIYADHARSHINI N,3rd Year,P,
2026-08-24,24UIT125,KEERTHI PRIYADHARSHINI N,3rd Year,P,
2026-08-25,24UIT125,KEERTHI PRIYADHARSHINI N,3rd Year,A,
2026-09-07,24UIT125,KEERTHI PRIYADHARSHINI N,3rd Year,P,
2026-09-08,24UIT125,KEERTHI PRIYADHARSHINI N,3rd Year,P,
2026-09-09,24UIT125,KEERTHI PRIYADHARSHINI N,3rd Year,P,
2026-09-10,24UIT125,KEERTHI PRIYADHARSHINI N,3rd Year,P,
2026-09-11,24UIT125,KEERTHI PRIYADHARSHINI N,3rd Year,P,
2026-09-15,24UIT125,KEERTHI PRIYADHARSHINI N,3rd Year,A,
2026-09-16,24UIT125,KEERTHI PRIYADHARSHINI N,3rd Year,A,
2026-09-17,24UIT125,KEERTHI PRIYADHARSHINI N,3rd Year,P,
2026-09-18,24UIT125,KEERTHI PRIYADHARSHINI N,3rd Year,P,
2026-09-21,24UIT125,KEERTHI PRIYADHARSHINI N,3rd Year,P,
2026-09-22,24UIT125,KEERTHI PRIYADHARSHINI N,3rd Year,P,
2026-09-23,24UIT125,KEERTHI PRIYADHARSHINI N,3rd Year,P,
2026-09-24,24UIT125,KEERTHI PRIYADHARSHINI N,3rd Year,P,
2026-09-25,24UIT125,KEERTHI PRIYADHARSHINI N,3rd Year,P,
2026-09-28,24UIT125,KEERTHI PRIYADHARSHINI N,3rd Year,P,
2026-09-29,24UIT125,KEERTHI PRIYADHARSHINI N,3rd Year,P,
2026-09-30,24UIT125,KEERTHI PRIYADHARSHINI N,3rd Year,P,
2026-10-01,24UIT125,KEERTHI PRIYADHARSHINI N,3rd Year,P,
2026-10-05,24UIT125,KEERTHI PRIYADHARSHINI N,3rd Year,P,
2026-08-03,24UIT126,KEERTHIVARMAN S,3rd Year,P,
2026-08-04,24UIT126,KEERTHIVARMAN S,3rd Year,A,
2026-08-05,24UIT126,KEERTHIVARMAN S,3rd Year,P,
2026-08-06,24UIT126,KEERTHIVARMAN S,3rd Year,P,
2026-08-07,24UIT126,KEERTHIVARMAN S,3rd Year,P,
2026-08-10,24UIT126,KEERTHIVARMAN S,3rd Year,P,
2026-08-11,24UIT126,KEERTHIVARMAN S,3rd Year,A,
2026-08-12,24UIT126,KEERTHIVARMAN S,3rd Year,P,
2026-08-13,24UIT126,KEERTHIVARMAN S,3rd Year,P,
2026-08-14,24UIT126,KEERTHIVARMAN S,3rd Year,P,
2026-08-18,24UIT126,KEERTHIVARMAN S,3rd Year,P,
2026-08-19,24UIT126,KEERTHIVARMAN S,3rd Year,P,
2026-08-21,24UIT126,KEERTHIVARMAN S,3rd Year,P,
2026-08-24,24UIT126,KEERTHIVARMAN S,3rd Year,A,
2026-08-25,24UIT126,KEERTHIVARMAN S,3rd Year,P,
2026-09-07,24UIT126,KEERTHIVARMAN S,3rd Year,A,
2026-09-08,24UIT126,KEERTHIVARMAN S,3rd Year,A,
2026-09-09,24UIT126,KEERTHIVARMAN S,3rd Year,A,
2026-09-10,24UIT126,KEERTHIVARMAN S,3rd Year,A,
2026-09-11,24UIT126,KEERTHIVARMAN S,3rd Year,A,
2026-09-15,24UIT126,KEERTHIVARMAN S,3rd Year,A,
2026-09-16,24UIT126,KEERTHIVARMAN S,3rd Year,A,
2026-09-17,24UIT126,KEERTHIVARMAN S,3rd Year,A,
2026-09-18,24UIT126,KEERTHIVARMAN S,3rd Year,A,
2026-09-21,24UIT126,KEERTHIVARMAN S,3rd Year,A,
2026-09-22,24UIT126,KEERTHIVARMAN S,3rd Year,A,
2026-09-23,24UIT126,KEERTHIVARMAN S,3rd Year,A,
2026-09-24,24UIT126,KEERTHIVARMAN S,3rd Year,A,
2026-09-25,24UIT126,KEERTHIVARMAN S,3rd Year,A,
2026-09-28,24UIT126,KEERTHIVARMAN S,3rd Year,A,
2026-09-29,24UIT126,KEERTHIVARMAN S,3rd Year,A,
2026-09-30,24UIT126,KEERTHIVARMAN S,3rd Year,A,
2026-10-01,24UIT126,KEERTHIVARMAN S,3rd Year,A,
2026-10-05,24UIT126,KEERTHIVARMAN S,3rd Year,P,
2026-08-03,24UIT128,LALSHRIMAN S,3rd Year,A,
2026-08-04,24UIT128,LALSHRIMAN S,3rd Year,A,
2026-08-05,24UIT128,LALSHRIMAN S,3rd Year,P,
2026-08-06,24UIT128,LALSHRIMAN S,3rd Year,P,
2026-08-07,24UIT128,LALSHRIMAN S,3rd Year,P,
2026-08-10,24UIT128,LALSHRIMAN S,3rd Year,P,
2026-08-11,24UIT128,LALSHRIMAN S,3rd Year,A,
2026-08-12,24UIT128,LALSHRIMAN S,3rd Year,P,
2026-08-13,24UIT128,LALSHRIMAN S,3rd Year,A,
2026-08-14,24UIT128,LALSHRIMAN S,3rd Year,A,
2026-08-18,24UIT128,LALSHRIMAN S,3rd Year,A,
2026-08-19,24UIT128,LALSHRIMAN S,3rd Year,P,
2026-08-21,24UIT128,LALSHRIMAN S,3rd Year,A,
2026-08-24,24UIT128,LALSHRIMAN S,3rd Year,P,
2026-08-25,24UIT128,LALSHRIMAN S,3rd Year,A,
2026-09-07,24UIT128,LALSHRIMAN S,3rd Year,A,
2026-09-08,24UIT128,LALSHRIMAN S,3rd Year,P,
2026-09-09,24UIT128,LALSHRIMAN S,3rd Year,P,
2026-09-10,24UIT128,LALSHRIMAN S,3rd Year,P,
2026-09-11,24UIT128,LALSHRIMAN S,3rd Year,P,
2026-09-15,24UIT128,LALSHRIMAN S,3rd Year,A,
2026-09-16,24UIT128,LALSHRIMAN S,3rd Year,A,
2026-09-17,24UIT128,LALSHRIMAN S,3rd Year,A,
2026-09-18,24UIT128,LALSHRIMAN S,3rd Year,A,
2026-09-21,24UIT128,LALSHRIMAN S,3rd Year,P,
2026-09-22,24UIT128,LALSHRIMAN S,3rd Year,P,
2026-09-23,24UIT128,LALSHRIMAN S,3rd Year,P,
2026-09-24,24UIT128,LALSHRIMAN S,3rd Year,A,
2026-09-25,24UIT128,LALSHRIMAN S,3rd Year,P,
2026-09-28,24UIT128,LALSHRIMAN S,3rd Year,A,
2026-09-29,24UIT128,LALSHRIMAN S,3rd Year,P,
2026-09-30,24UIT128,LALSHRIMAN S,3rd Year,P,
2026-10-01,24UIT128,LALSHRIMAN S,3rd Year,A,
2026-10-05,24UIT128,LALSHRIMAN S,3rd Year,A,
2026-08-03,24UIT129,MADHAN PRASAD J,3rd Year,A,
2026-08-04,24UIT129,MADHAN PRASAD J,3rd Year,A,
2026-08-05,24UIT129,MADHAN PRASAD J,3rd Year,P,
2026-08-06,24UIT129,MADHAN PRASAD J,3rd Year,P,
2026-08-07,24UIT129,MADHAN PRASAD J,3rd Year,P,
2026-08-10,24UIT129,MADHAN PRASAD J,3rd Year,P,
2026-08-11,24UIT129,MADHAN PRASAD J,3rd Year,A,
2026-08-12,24UIT129,MADHAN PRASAD J,3rd Year,P,
2026-08-13,24UIT129,MADHAN PRASAD J,3rd Year,P,
2026-08-14,24UIT129,MADHAN PRASAD J,3rd Year,P,
2026-08-18,24UIT129,MADHAN PRASAD J,3rd Year,P,
2026-08-19,24UIT129,MADHAN PRASAD J,3rd Year,P,
2026-08-21,24UIT129,MADHAN PRASAD J,3rd Year,P,
2026-08-24,24UIT129,MADHAN PRASAD J,3rd Year,A,
2026-08-25,24UIT129,MADHAN PRASAD J,3rd Year,A,
2026-09-07,24UIT129,MADHAN PRASAD J,3rd Year,A,
2026-09-08,24UIT129,MADHAN PRASAD J,3rd Year,A,
2026-09-09,24UIT129,MADHAN PRASAD J,3rd Year,A,
2026-09-10,24UIT129,MADHAN PRASAD J,3rd Year,P,
2026-09-11,24UIT129,MADHAN PRASAD J,3rd Year,P,
2026-09-15,24UIT129,MADHAN PRASAD J,3rd Year,P,
2026-09-16,24UIT129,MADHAN PRASAD J,3rd Year,P,
2026-09-17,24UIT129,MADHAN PRASAD J,3rd Year,A,
2026-09-18,24UIT129,MADHAN PRASAD J,3rd Year,P,
2026-09-21,24UIT129,MADHAN PRASAD J,3rd Year,P,
2026-09-22,24UIT129,MADHAN PRASAD J,3rd Year,P,
2026-09-23,24UIT129,MADHAN PRASAD J,3rd Year,P,
2026-09-24,24UIT129,MADHAN PRASAD J,3rd Year,A,
2026-09-25,24UIT129,MADHAN PRASAD J,3rd Year,A,
2026-09-28,24UIT129,MADHAN PRASAD J,3rd Year,P,
2026-09-29,24UIT129,MADHAN PRASAD J,3rd Year,P,
2026-09-30,24UIT129,MADHAN PRASAD J,3rd Year,P,
2026-10-01,24UIT129,MADHAN PRASAD J,3rd Year,P,
2026-10-05,24UIT129,MADHAN PRASAD J,3rd Year,P,
2026-08-03,24UIT131,MATHUMETHA N,3rd Year,P,
2026-08-04,24UIT131,MATHUMETHA N,3rd Year,P,
2026-08-05,24UIT131,MATHUMETHA N,3rd Year,P,
2026-08-06,24UIT131,MATHUMETHA N,3rd Year,P,
2026-08-07,24UIT131,MATHUMETHA N,3rd Year,P,
2026-08-10,24UIT131,MATHUMETHA N,3rd Year,P,
2026-08-11,24UIT131,MATHUMETHA N,3rd Year,P,
2026-08-12,24UIT131,MATHUMETHA N,3rd Year,P,
2026-08-13,24UIT131,MATHUMETHA N,3rd Year,P,
2026-08-14,24UIT131,MATHUMETHA N,3rd Year,P,
2026-08-18,24UIT131,MATHUMETHA N,3rd Year,P,
2026-08-19,24UIT131,MATHUMETHA N,3rd Year,P,
2026-08-21,24UIT131,MATHUMETHA N,3rd Year,P,
2026-08-24,24UIT131,MATHUMETHA N,3rd Year,P,
2026-08-25,24UIT131,MATHUMETHA N,3rd Year,A,
2026-09-07,24UIT131,MATHUMETHA N,3rd Year,A,
2026-09-08,24UIT131,MATHUMETHA N,3rd Year,P,
2026-09-09,24UIT131,MATHUMETHA N,3rd Year,P,
2026-09-10,24UIT131,MATHUMETHA N,3rd Year,P,
2026-09-11,24UIT131,MATHUMETHA N,3rd Year,P,
2026-09-15,24UIT131,MATHUMETHA N,3rd Year,P,
2026-09-16,24UIT131,MATHUMETHA N,3rd Year,P,
2026-09-17,24UIT131,MATHUMETHA N,3rd Year,P,
2026-09-18,24UIT131,MATHUMETHA N,3rd Year,P,
2026-09-21,24UIT131,MATHUMETHA N,3rd Year,P,
2026-09-22,24UIT131,MATHUMETHA N,3rd Year,P,
2026-09-23,24UIT131,MATHUMETHA N,3rd Year,A,
2026-09-24,24UIT131,MATHUMETHA N,3rd Year,P,
2026-09-25,24UIT131,MATHUMETHA N,3rd Year,P,
2026-09-28,24UIT131,MATHUMETHA N,3rd Year,P,
2026-09-29,24UIT131,MATHUMETHA N,3rd Year,P,
2026-09-30,24UIT131,MATHUMETHA N,3rd Year,P,
2026-10-01,24UIT131,MATHUMETHA N,3rd Year,P,
2026-10-05,24UIT131,MATHUMETHA N,3rd Year,P,
2026-08-03,24UIT132,MEGAVARSHINI M,3rd Year,P,
2026-08-04,24UIT132,MEGAVARSHINI M,3rd Year,P,
2026-08-05,24UIT132,MEGAVARSHINI M,3rd Year,P,
2026-08-06,24UIT132,MEGAVARSHINI M,3rd Year,P,
2026-08-07,24UIT132,MEGAVARSHINI M,3rd Year,P,
2026-08-10,24UIT132,MEGAVARSHINI M,3rd Year,P,
2026-08-11,24UIT132,MEGAVARSHINI M,3rd Year,P,
2026-08-12,24UIT132,MEGAVARSHINI M,3rd Year,P,
2026-08-13,24UIT132,MEGAVARSHINI M,3rd Year,P,
2026-08-14,24UIT132,MEGAVARSHINI M,3rd Year,P,
2026-08-18,24UIT132,MEGAVARSHINI M,3rd Year,P,
2026-08-19,24UIT132,MEGAVARSHINI M,3rd Year,P,
2026-08-21,24UIT132,MEGAVARSHINI M,3rd Year,P,
2026-08-24,24UIT132,MEGAVARSHINI M,3rd Year,P,
2026-08-25,24UIT132,MEGAVARSHINI M,3rd Year,P,
2026-09-07,24UIT132,MEGAVARSHINI M,3rd Year,A,
2026-09-08,24UIT132,MEGAVARSHINI M,3rd Year,A,
2026-09-09,24UIT132,MEGAVARSHINI M,3rd Year,P,
2026-09-10,24UIT132,MEGAVARSHINI M,3rd Year,P,
2026-09-11,24UIT132,MEGAVARSHINI M,3rd Year,P,
2026-09-15,24UIT132,MEGAVARSHINI M,3rd Year,P,
2026-09-16,24UIT132,MEGAVARSHINI M,3rd Year,A,
2026-09-17,24UIT132,MEGAVARSHINI M,3rd Year,A,
2026-09-18,24UIT132,MEGAVARSHINI M,3rd Year,P,
2026-09-21,24UIT132,MEGAVARSHINI M,3rd Year,P,
2026-09-22,24UIT132,MEGAVARSHINI M,3rd Year,A,
2026-09-23,24UIT132,MEGAVARSHINI M,3rd Year,P,
2026-09-24,24UIT132,MEGAVARSHINI M,3rd Year,P,
2026-09-25,24UIT132,MEGAVARSHINI M,3rd Year,P,
2026-09-28,24UIT132,MEGAVARSHINI M,3rd Year,P,
2026-09-29,24UIT132,MEGAVARSHINI M,3rd Year,P,
2026-09-30,24UIT132,MEGAVARSHINI M,3rd Year,P,
2026-10-01,24UIT132,MEGAVARSHINI M,3rd Year,P,
2026-10-05,24UIT132,MEGAVARSHINI M,3rd Year,P,
2026-08-03,24UIT133,MIDHUN S,3rd Year,P,
2026-08-04,24UIT133,MIDHUN S,3rd Year,A,
2026-08-05,24UIT133,MIDHUN S,3rd Year,P,
2026-08-06,24UIT133,MIDHUN S,3rd Year,P,
2026-08-07,24UIT133,MIDHUN S,3rd Year,P,
2026-08-10,24UIT133,MIDHUN S,3rd Year,P,
2026-08-11,24UIT133,MIDHUN S,3rd Year,A,
2026-08-12,24UIT133,MIDHUN S,3rd Year,P,
2026-08-13,24UIT133,MIDHUN S,3rd Year,P,
2026-08-14,24UIT133,MIDHUN S,3rd Year,A,
2026-08-18,24UIT133,MIDHUN S,3rd Year,P,
2026-08-19,24UIT133,MIDHUN S,3rd Year,P,
2026-08-21,24UIT133,MIDHUN S,3rd Year,P,
2026-08-24,24UIT133,MIDHUN S,3rd Year,P,
2026-08-25,24UIT133,MIDHUN S,3rd Year,A,
2026-09-07,24UIT133,MIDHUN S,3rd Year,P,
2026-09-08,24UIT133,MIDHUN S,3rd Year,P,
2026-09-09,24UIT133,MIDHUN S,3rd Year,P,
2026-09-10,24UIT133,MIDHUN S,3rd Year,P,
2026-09-11,24UIT133,MIDHUN S,3rd Year,P,
2026-09-15,24UIT133,MIDHUN S,3rd Year,P,
2026-09-16,24UIT133,MIDHUN S,3rd Year,P,
2026-09-17,24UIT133,MIDHUN S,3rd Year,P,
2026-09-18,24UIT133,MIDHUN S,3rd Year,P,
2026-09-21,24UIT133,MIDHUN S,3rd Year,P,
2026-09-22,24UIT133,MIDHUN S,3rd Year,P,
2026-09-23,24UIT133,MIDHUN S,3rd Year,P,
2026-09-24,24UIT133,MIDHUN S,3rd Year,P,
2026-09-25,24UIT133,MIDHUN S,3rd Year,P,
2026-09-28,24UIT133,MIDHUN S,3rd Year,P,
2026-09-29,24UIT133,MIDHUN S,3rd Year,P,
2026-09-30,24UIT133,MIDHUN S,3rd Year,P,
2026-10-01,24UIT133,MIDHUN S,3rd Year,P,
2026-10-05,24UIT133,MIDHUN S,3rd Year,P,
2026-08-03,24UIT135,MYTHILI V,3rd Year,P,
2026-08-04,24UIT135,MYTHILI V,3rd Year,P,
2026-08-05,24UIT135,MYTHILI V,3rd Year,P,
2026-08-06,24UIT135,MYTHILI V,3rd Year,P,
2026-08-07,24UIT135,MYTHILI V,3rd Year,P,
2026-08-10,24UIT135,MYTHILI V,3rd Year,P,
2026-08-11,24UIT135,MYTHILI V,3rd Year,P,
2026-08-12,24UIT135,MYTHILI V,3rd Year,P,
2026-08-13,24UIT135,MYTHILI V,3rd Year,P,
2026-08-14,24UIT135,MYTHILI V,3rd Year,P,
2026-08-18,24UIT135,MYTHILI V,3rd Year,P,
2026-08-19,24UIT135,MYTHILI V,3rd Year,P,
2026-08-21,24UIT135,MYTHILI V,3rd Year,P,
2026-08-24,24UIT135,MYTHILI V,3rd Year,P,
2026-08-25,24UIT135,MYTHILI V,3rd Year,A,
2026-09-07,24UIT135,MYTHILI V,3rd Year,P,
2026-09-08,24UIT135,MYTHILI V,3rd Year,P,
2026-09-09,24UIT135,MYTHILI V,3rd Year,P,
2026-09-10,24UIT135,MYTHILI V,3rd Year,P,
2026-09-11,24UIT135,MYTHILI V,3rd Year,P,
2026-09-15,24UIT135,MYTHILI V,3rd Year,P,
2026-09-16,24UIT135,MYTHILI V,3rd Year,P,
2026-09-17,24UIT135,MYTHILI V,3rd Year,P,
2026-09-18,24UIT135,MYTHILI V,3rd Year,P,
2026-09-21,24UIT135,MYTHILI V,3rd Year,P,
2026-09-22,24UIT135,MYTHILI V,3rd Year,P,
2026-09-23,24UIT135,MYTHILI V,3rd Year,P,
2026-09-24,24UIT135,MYTHILI V,3rd Year,P,
2026-09-25,24UIT135,MYTHILI V,3rd Year,P,
2026-09-28,24UIT135,MYTHILI V,3rd Year,P,
2026-09-29,24UIT135,MYTHILI V,3rd Year,P,
2026-09-30,24UIT135,MYTHILI V,3rd Year,P,
2026-10-01,24UIT135,MYTHILI V,3rd Year,P,
2026-10-05,24UIT135,MYTHILI V,3rd Year,P,
2026-08-03,24UIT137,NATESAN A,3rd Year,A,
2026-08-04,24UIT137,NATESAN A,3rd Year,A,
2026-08-05,24UIT137,NATESAN A,3rd Year,A,
2026-08-06,24UIT137,NATESAN A,3rd Year,A,
2026-08-07,24UIT137,NATESAN A,3rd Year,A,
2026-08-10,24UIT137,NATESAN A,3rd Year,A,
2026-08-11,24UIT137,NATESAN A,3rd Year,A,
2026-08-12,24UIT137,NATESAN A,3rd Year,A,
2026-08-13,24UIT137,NATESAN A,3rd Year,P,
2026-08-14,24UIT137,NATESAN A,3rd Year,P,
2026-08-18,24UIT137,NATESAN A,3rd Year,P,
2026-08-19,24UIT137,NATESAN A,3rd Year,A,
2026-08-21,24UIT137,NATESAN A,3rd Year,P,
2026-08-24,24UIT137,NATESAN A,3rd Year,P,
2026-08-25,24UIT137,NATESAN A,3rd Year,A,
2026-09-07,24UIT137,NATESAN A,3rd Year,P,
2026-09-08,24UIT137,NATESAN A,3rd Year,P,
2026-09-09,24UIT137,NATESAN A,3rd Year,P,
2026-09-10,24UIT137,NATESAN A,3rd Year,P,
2026-09-11,24UIT137,NATESAN A,3rd Year,P,
2026-09-15,24UIT137,NATESAN A,3rd Year,P,
2026-09-16,24UIT137,NATESAN A,3rd Year,P,
2026-09-17,24UIT137,NATESAN A,3rd Year,P,
2026-09-18,24UIT137,NATESAN A,3rd Year,P,
2026-09-21,24UIT137,NATESAN A,3rd Year,A,
2026-09-22,24UIT137,NATESAN A,3rd Year,A,
2026-09-23,24UIT137,NATESAN A,3rd Year,A,
2026-09-24,24UIT137,NATESAN A,3rd Year,A,
2026-09-25,24UIT137,NATESAN A,3rd Year,A,
2026-09-28,24UIT137,NATESAN A,3rd Year,P,
2026-09-29,24UIT137,NATESAN A,3rd Year,A,
2026-09-30,24UIT137,NATESAN A,3rd Year,A,
2026-10-01,24UIT137,NATESAN A,3rd Year,A,
2026-10-05,24UIT137,NATESAN A,3rd Year,A,
2026-08-03,24UIT138,NISHANTH S A,3rd Year,A,
2026-08-04,24UIT138,NISHANTH S A,3rd Year,A,
2026-08-05,24UIT138,NISHANTH S A,3rd Year,A,
2026-08-06,24UIT138,NISHANTH S A,3rd Year,P,
2026-08-07,24UIT138,NISHANTH S A,3rd Year,A,
2026-08-10,24UIT138,NISHANTH S A,3rd Year,P,
2026-08-11,24UIT138,NISHANTH S A,3rd Year,A,
2026-08-12,24UIT138,NISHANTH S A,3rd Year,P,
2026-08-13,24UIT138,NISHANTH S A,3rd Year,P,
2026-08-14,24UIT138,NISHANTH S A,3rd Year,P,
2026-08-18,24UIT138,NISHANTH S A,3rd Year,P,
2026-08-19,24UIT138,NISHANTH S A,3rd Year,P,
2026-08-21,24UIT138,NISHANTH S A,3rd Year,P,
2026-08-24,24UIT138,NISHANTH S A,3rd Year,A,
2026-08-25,24UIT138,NISHANTH S A,3rd Year,P,
2026-09-07,24UIT138,NISHANTH S A,3rd Year,P,
2026-09-08,24UIT138,NISHANTH S A,3rd Year,P,
2026-09-09,24UIT138,NISHANTH S A,3rd Year,P,
2026-09-10,24UIT138,NISHANTH S A,3rd Year,P,
2026-09-11,24UIT138,NISHANTH S A,3rd Year,P,
2026-09-15,24UIT138,NISHANTH S A,3rd Year,P,
2026-09-16,24UIT138,NISHANTH S A,3rd Year,P,
2026-09-17,24UIT138,NISHANTH S A,3rd Year,P,
2026-09-18,24UIT138,NISHANTH S A,3rd Year,P,
2026-09-21,24UIT138,NISHANTH S A,3rd Year,P,
2026-09-22,24UIT138,NISHANTH S A,3rd Year,P,
2026-09-23,24UIT138,NISHANTH S A,3rd Year,P,
2026-09-24,24UIT138,NISHANTH S A,3rd Year,P,
2026-09-25,24UIT138,NISHANTH S A,3rd Year,P,
2026-09-28,24UIT138,NISHANTH S A,3rd Year,P,
2026-09-29,24UIT138,NISHANTH S A,3rd Year,P,
2026-09-30,24UIT138,NISHANTH S A,3rd Year,P,
2026-10-01,24UIT138,NISHANTH S A,3rd Year,P,
2026-10-05,24UIT138,NISHANTH S A,3rd Year,P,
2026-08-03,24UIT139,PRAGATHI S,3rd Year,P,
2026-08-04,24UIT139,PRAGATHI S,3rd Year,P,
2026-08-05,24UIT139,PRAGATHI S,3rd Year,P,
2026-08-06,24UIT139,PRAGATHI S,3rd Year,P,
2026-08-07,24UIT139,PRAGATHI S,3rd Year,A,
2026-08-10,24UIT139,PRAGATHI S,3rd Year,P,
2026-08-11,24UIT139,PRAGATHI S,3rd Year,P,
2026-08-12,24UIT139,PRAGATHI S,3rd Year,P,
2026-08-13,24UIT139,PRAGATHI S,3rd Year,P,
2026-08-14,24UIT139,PRAGATHI S,3rd Year,P,
2026-08-18,24UIT139,PRAGATHI S,3rd Year,P,
2026-08-19,24UIT139,PRAGATHI S,3rd Year,P,
2026-08-21,24UIT139,PRAGATHI S,3rd Year,P,
2026-08-24,24UIT139,PRAGATHI S,3rd Year,P,
2026-08-25,24UIT139,PRAGATHI S,3rd Year,P,
2026-09-07,24UIT139,PRAGATHI S,3rd Year,P,
2026-09-08,24UIT139,PRAGATHI S,3rd Year,P,
2026-09-09,24UIT139,PRAGATHI S,3rd Year,P,
2026-09-10,24UIT139,PRAGATHI S,3rd Year,P,
2026-09-11,24UIT139,PRAGATHI S,3rd Year,P,
2026-09-15,24UIT139,PRAGATHI S,3rd Year,P,
2026-09-16,24UIT139,PRAGATHI S,3rd Year,P,
2026-09-17,24UIT139,PRAGATHI S,3rd Year,P,
2026-09-18,24UIT139,PRAGATHI S,3rd Year,P,
2026-09-21,24UIT139,PRAGATHI S,3rd Year,P,
2026-09-22,24UIT139,PRAGATHI S,3rd Year,P,
2026-09-23,24UIT139,PRAGATHI S,3rd Year,P,
2026-09-24,24UIT139,PRAGATHI S,3rd Year,P,
2026-09-25,24UIT139,PRAGATHI S,3rd Year,P,
2026-09-28,24UIT139,PRAGATHI S,3rd Year,P,
2026-09-29,24UIT139,PRAGATHI S,3rd Year,P,
2026-09-30,24UIT139,PRAGATHI S,3rd Year,P,
2026-10-01,24UIT139,PRAGATHI S,3rd Year,P,
2026-10-05,24UIT139,PRAGATHI S,3rd Year,A,
2026-08-03,24UIT142,RITHANYA R,3rd Year,P,
2026-08-04,24UIT142,RITHANYA R,3rd Year,P,
2026-08-05,24UIT142,RITHANYA R,3rd Year,P,
2026-08-06,24UIT142,RITHANYA R,3rd Year,P,
2026-08-07,24UIT142,RITHANYA R,3rd Year,P,
2026-08-10,24UIT142,RITHANYA R,3rd Year,P,
2026-08-11,24UIT142,RITHANYA R,3rd Year,P,
2026-08-12,24UIT142,RITHANYA R,3rd Year,P,
2026-08-13,24UIT142,RITHANYA R,3rd Year,P,
2026-08-14,24UIT142,RITHANYA R,3rd Year,P,
2026-08-18,24UIT142,RITHANYA R,3rd Year,P,
2026-08-19,24UIT142,RITHANYA R,3rd Year,P,
2026-08-21,24UIT142,RITHANYA R,3rd Year,A,
2026-08-24,24UIT142,RITHANYA R,3rd Year,P,
2026-08-25,24UIT142,RITHANYA R,3rd Year,P,
2026-09-07,24UIT142,RITHANYA R,3rd Year,P,
2026-09-08,24UIT142,RITHANYA R,3rd Year,P,
2026-09-09,24UIT142,RITHANYA R,3rd Year,P,
2026-09-10,24UIT142,RITHANYA R,3rd Year,P,
2026-09-11,24UIT142,RITHANYA R,3rd Year,P,
2026-09-15,24UIT142,RITHANYA R,3rd Year,P,
2026-09-16,24UIT142,RITHANYA R,3rd Year,P,
2026-09-17,24UIT142,RITHANYA R,3rd Year,P,
2026-09-18,24UIT142,RITHANYA R,3rd Year,P,
2026-09-21,24UIT142,RITHANYA R,3rd Year,P,
2026-09-22,24UIT142,RITHANYA R,3rd Year,P,
2026-09-23,24UIT142,RITHANYA R,3rd Year,P,
2026-09-24,24UIT142,RITHANYA R,3rd Year,P,
2026-09-25,24UIT142,RITHANYA R,3rd Year,A,
2026-09-28,24UIT142,RITHANYA R,3rd Year,P,
2026-09-29,24UIT142,RITHANYA R,3rd Year,P,
2026-09-30,24UIT142,RITHANYA R,3rd Year,P,
2026-10-01,24UIT142,RITHANYA R,3rd Year,P,
2026-10-05,24UIT142,RITHANYA R,3rd Year,P,
2026-08-03,24UIT143,RITHIKHA S,3rd Year,P,
2026-08-04,24UIT143,RITHIKHA S,3rd Year,P,
2026-08-05,24UIT143,RITHIKHA S,3rd Year,P,
2026-08-06,24UIT143,RITHIKHA S,3rd Year,P,
2026-08-07,24UIT143,RITHIKHA S,3rd Year,P,
2026-08-10,24UIT143,RITHIKHA S,3rd Year,P,
2026-08-11,24UIT143,RITHIKHA S,3rd Year,P,
2026-08-12,24UIT143,RITHIKHA S,3rd Year,P,
2026-08-13,24UIT143,RITHIKHA S,3rd Year,P,
2026-08-14,24UIT143,RITHIKHA S,3rd Year,P,
2026-08-18,24UIT143,RITHIKHA S,3rd Year,P,
2026-08-19,24UIT143,RITHIKHA S,3rd Year,P,
2026-08-21,24UIT143,RITHIKHA S,3rd Year,P,
2026-08-24,24UIT143,RITHIKHA S,3rd Year,A,
2026-08-25,24UIT143,RITHIKHA S,3rd Year,P,
2026-09-07,24UIT143,RITHIKHA S,3rd Year,P,
2026-09-08,24UIT143,RITHIKHA S,3rd Year,P,
2026-09-09,24UIT143,RITHIKHA S,3rd Year,P,
2026-09-10,24UIT143,RITHIKHA S,3rd Year,P,
2026-09-11,24UIT143,RITHIKHA S,3rd Year,P,
2026-09-15,24UIT143,RITHIKHA S,3rd Year,P,
2026-09-16,24UIT143,RITHIKHA S,3rd Year,P,
2026-09-17,24UIT143,RITHIKHA S,3rd Year,P,
2026-09-18,24UIT143,RITHIKHA S,3rd Year,P,
2026-09-21,24UIT143,RITHIKHA S,3rd Year,P,
2026-09-22,24UIT143,RITHIKHA S,3rd Year,P,
2026-09-23,24UIT143,RITHIKHA S,3rd Year,P,
2026-09-24,24UIT143,RITHIKHA S,3rd Year,P,
2026-09-25,24UIT143,RITHIKHA S,3rd Year,P,
2026-09-28,24UIT143,RITHIKHA S,3rd Year,P,
2026-09-29,24UIT143,RITHIKHA S,3rd Year,P,
2026-09-30,24UIT143,RITHIKHA S,3rd Year,P,
2026-10-01,24UIT143,RITHIKHA S,3rd Year,P,
2026-10-05,24UIT143,RITHIKHA S,3rd Year,P,
2026-08-03,24UIT148,SHRIMATHI N,3rd Year,A,
2026-08-04,24UIT148,SHRIMATHI N,3rd Year,A,
2026-08-05,24UIT148,SHRIMATHI N,3rd Year,P,
2026-08-06,24UIT148,SHRIMATHI N,3rd Year,P,
2026-08-07,24UIT148,SHRIMATHI N,3rd Year,P,
2026-08-10,24UIT148,SHRIMATHI N,3rd Year,P,
2026-08-11,24UIT148,SHRIMATHI N,3rd Year,A,
2026-08-12,24UIT148,SHRIMATHI N,3rd Year,P,
2026-08-13,24UIT148,SHRIMATHI N,3rd Year,P,
2026-08-14,24UIT148,SHRIMATHI N,3rd Year,P,
2026-08-18,24UIT148,SHRIMATHI N,3rd Year,P,
2026-08-19,24UIT148,SHRIMATHI N,3rd Year,A,
2026-08-21,24UIT148,SHRIMATHI N,3rd Year,P,
2026-08-24,24UIT148,SHRIMATHI N,3rd Year,P,
2026-08-25,24UIT148,SHRIMATHI N,3rd Year,P,
2026-09-07,24UIT148,SHRIMATHI N,3rd Year,P,
2026-09-08,24UIT148,SHRIMATHI N,3rd Year,P,
2026-09-09,24UIT148,SHRIMATHI N,3rd Year,P,
2026-09-10,24UIT148,SHRIMATHI N,3rd Year,P,
2026-09-11,24UIT148,SHRIMATHI N,3rd Year,P,
2026-09-15,24UIT148,SHRIMATHI N,3rd Year,P,
2026-09-16,24UIT148,SHRIMATHI N,3rd Year,P,
2026-09-17,24UIT148,SHRIMATHI N,3rd Year,P,
2026-09-18,24UIT148,SHRIMATHI N,3rd Year,P,
2026-09-21,24UIT148,SHRIMATHI N,3rd Year,P,
2026-09-22,24UIT148,SHRIMATHI N,3rd Year,P,
2026-09-23,24UIT148,SHRIMATHI N,3rd Year,P,
2026-09-24,24UIT148,SHRIMATHI N,3rd Year,P,
2026-09-25,24UIT148,SHRIMATHI N,3rd Year,P,
2026-09-28,24UIT148,SHRIMATHI N,3rd Year,P,
2026-09-29,24UIT148,SHRIMATHI N,3rd Year,P,
2026-09-30,24UIT148,SHRIMATHI N,3rd Year,P,
2026-10-01,24UIT148,SHRIMATHI N,3rd Year,P,
2026-10-05,24UIT148,SHRIMATHI N,3rd Year,P,
2026-08-03,24UIT151,SUBETHA T,3rd Year,A,
2026-08-04,24UIT151,SUBETHA T,3rd Year,A,
2026-08-05,24UIT151,SUBETHA T,3rd Year,A,
2026-08-06,24UIT151,SUBETHA T,3rd Year,A,
2026-08-07,24UIT151,SUBETHA T,3rd Year,A,
2026-08-10,24UIT151,SUBETHA T,3rd Year,A,
2026-08-11,24UIT151,SUBETHA T,3rd Year,A,
2026-08-12,24UIT151,SUBETHA T,3rd Year,A,
2026-08-13,24UIT151,SUBETHA T,3rd Year,A,
2026-08-14,24UIT151,SUBETHA T,3rd Year,P,
2026-08-18,24UIT151,SUBETHA T,3rd Year,P,
2026-08-19,24UIT151,SUBETHA T,3rd Year,P,
2026-08-21,24UIT151,SUBETHA T,3rd Year,A,
2026-08-24,24UIT151,SUBETHA T,3rd Year,P,
2026-08-25,24UIT151,SUBETHA T,3rd Year,A,
2026-09-07,24UIT151,SUBETHA T,3rd Year,A,
2026-09-08,24UIT151,SUBETHA T,3rd Year,A,
2026-09-09,24UIT151,SUBETHA T,3rd Year,P,
2026-09-10,24UIT151,SUBETHA T,3rd Year,P,
2026-09-11,24UIT151,SUBETHA T,3rd Year,P,
2026-09-15,24UIT151,SUBETHA T,3rd Year,P,
2026-09-16,24UIT151,SUBETHA T,3rd Year,P,
2026-09-17,24UIT151,SUBETHA T,3rd Year,P,
2026-09-18,24UIT151,SUBETHA T,3rd Year,P,
2026-09-21,24UIT151,SUBETHA T,3rd Year,P,
2026-09-22,24UIT151,SUBETHA T,3rd Year,P,
2026-09-23,24UIT151,SUBETHA T,3rd Year,P,
2026-09-24,24UIT151,SUBETHA T,3rd Year,P,
2026-09-25,24UIT151,SUBETHA T,3rd Year,P,
2026-09-28,24UIT151,SUBETHA T,3rd Year,P,
2026-09-29,24UIT151,SUBETHA T,3rd Year,P,
2026-09-30,24UIT151,SUBETHA T,3rd Year,P,
2026-10-01,24UIT151,SUBETHA T,3rd Year,P,
2026-10-05,24UIT151,SUBETHA T,3rd Year,P,
2026-08-03,24UIT152,SUGABHARATHI P,3rd Year,P,
2026-08-04,24UIT152,SUGABHARATHI P,3rd Year,P,
2026-08-05,24UIT152,SUGABHARATHI P,3rd Year,P,
2026-08-06,24UIT152,SUGABHARATHI P,3rd Year,P,
2026-08-07,24UIT152,SUGABHARATHI P,3rd Year,P,
2026-08-10,24UIT152,SUGABHARATHI P,3rd Year,P,
2026-08-11,24UIT152,SUGABHARATHI P,3rd Year,P,
2026-08-12,24UIT152,SUGABHARATHI P,3rd Year,P,
2026-08-13,24UIT152,SUGABHARATHI P,3rd Year,P,
2026-08-14,24UIT152,SUGABHARATHI P,3rd Year,P,
2026-08-18,24UIT152,SUGABHARATHI P,3rd Year,P,
2026-08-19,24UIT152,SUGABHARATHI P,3rd Year,P,
2026-08-21,24UIT152,SUGABHARATHI P,3rd Year,P,
2026-08-24,24UIT152,SUGABHARATHI P,3rd Year,P,
2026-08-25,24UIT152,SUGABHARATHI P,3rd Year,P,
2026-09-07,24UIT152,SUGABHARATHI P,3rd Year,P,
2026-09-08,24UIT152,SUGABHARATHI P,3rd Year,P,
2026-09-09,24UIT152,SUGABHARATHI P,3rd Year,P,
2026-09-10,24UIT152,SUGABHARATHI P,3rd Year,P,
2026-09-11,24UIT152,SUGABHARATHI P,3rd Year,P,
2026-09-15,24UIT152,SUGABHARATHI P,3rd Year,A,
2026-09-16,24UIT152,SUGABHARATHI P,3rd Year,P,
2026-09-17,24UIT152,SUGABHARATHI P,3rd Year,P,
2026-09-18,24UIT152,SUGABHARATHI P,3rd Year,A,
2026-09-21,24UIT152,SUGABHARATHI P,3rd Year,P,
2026-09-22,24UIT152,SUGABHARATHI P,3rd Year,A,
2026-09-23,24UIT152,SUGABHARATHI P,3rd Year,P,
2026-09-24,24UIT152,SUGABHARATHI P,3rd Year,P,
2026-09-25,24UIT152,SUGABHARATHI P,3rd Year,P,
2026-09-28,24UIT152,SUGABHARATHI P,3rd Year,P,
2026-09-29,24UIT152,SUGABHARATHI P,3rd Year,P,
2026-09-30,24UIT152,SUGABHARATHI P,3rd Year,P,
2026-10-01,24UIT152,SUGABHARATHI P,3rd Year,P,
2026-10-05,24UIT152,SUGABHARATHI P,3rd Year,A,
2026-08-03,24UIT153,SURUTHI K,3rd Year,P,
2026-08-04,24UIT153,SURUTHI K,3rd Year,A,
2026-08-05,24UIT153,SURUTHI K,3rd Year,P,
2026-08-06,24UIT153,SURUTHI K,3rd Year,P,
2026-08-07,24UIT153,SURUTHI K,3rd Year,P,
2026-08-10,24UIT153,SURUTHI K,3rd Year,A,
2026-08-11,24UIT153,SURUTHI K,3rd Year,A,
2026-08-12,24UIT153,SURUTHI K,3rd Year,P,
2026-08-13,24UIT153,SURUTHI K,3rd Year,P,
2026-08-14,24UIT153,SURUTHI K,3rd Year,P,
2026-08-18,24UIT153,SURUTHI K,3rd Year,P,
2026-08-19,24UIT153,SURUTHI K,3rd Year,P,
2026-08-21,24UIT153,SURUTHI K,3rd Year,P,
2026-08-24,24UIT153,SURUTHI K,3rd Year,P,
2026-08-25,24UIT153,SURUTHI K,3rd Year,A,
2026-09-07,24UIT153,SURUTHI K,3rd Year,A,
2026-09-08,24UIT153,SURUTHI K,3rd Year,A,
2026-09-09,24UIT153,SURUTHI K,3rd Year,A,
2026-09-10,24UIT153,SURUTHI K,3rd Year,P,
2026-09-11,24UIT153,SURUTHI K,3rd Year,P,
2026-09-15,24UIT153,SURUTHI K,3rd Year,A,
2026-09-16,24UIT153,SURUTHI K,3rd Year,P,
2026-09-17,24UIT153,SURUTHI K,3rd Year,A,
2026-09-18,24UIT153,SURUTHI K,3rd Year,P,
2026-09-21,24UIT153,SURUTHI K,3rd Year,P,
2026-09-22,24UIT153,SURUTHI K,3rd Year,P,
2026-09-23,24UIT153,SURUTHI K,3rd Year,P,
2026-09-24,24UIT153,SURUTHI K,3rd Year,P,
2026-09-25,24UIT153,SURUTHI K,3rd Year,P,
2026-09-28,24UIT153,SURUTHI K,3rd Year,P,
2026-09-29,24UIT153,SURUTHI K,3rd Year,A,
2026-09-30,24UIT153,SURUTHI K,3rd Year,P,
2026-10-01,24UIT153,SURUTHI K,3rd Year,P,
2026-10-05,24UIT153,SURUTHI K,3rd Year,P,
2026-08-03,24UIT155,SWASTHIKA S,3rd Year,P,
2026-08-04,24UIT155,SWASTHIKA S,3rd Year,A,
2026-08-05,24UIT155,SWASTHIKA S,3rd Year,P,
2026-08-06,24UIT155,SWASTHIKA S,3rd Year,P,
2026-08-07,24UIT155,SWASTHIKA S,3rd Year,P,
2026-08-10,24UIT155,SWASTHIKA S,3rd Year,P,
2026-08-11,24UIT155,SWASTHIKA S,3rd Year,A,
2026-08-12,24UIT155,SWASTHIKA S,3rd Year,P,
2026-08-13,24UIT155,SWASTHIKA S,3rd Year,P,
2026-08-14,24UIT155,SWASTHIKA S,3rd Year,P,
2026-08-18,24UIT155,SWASTHIKA S,3rd Year,A,
2026-08-19,24UIT155,SWASTHIKA S,3rd Year,P,
2026-08-21,24UIT155,SWASTHIKA S,3rd Year,P,
2026-08-24,24UIT155,SWASTHIKA S,3rd Year,A,
2026-08-25,24UIT155,SWASTHIKA S,3rd Year,A,
2026-09-07,24UIT155,SWASTHIKA S,3rd Year,P,
2026-09-08,24UIT155,SWASTHIKA S,3rd Year,A,
2026-09-09,24UIT155,SWASTHIKA S,3rd Year,P,
2026-09-10,24UIT155,SWASTHIKA S,3rd Year,P,
2026-09-11,24UIT155,SWASTHIKA S,3rd Year,P,
2026-09-15,24UIT155,SWASTHIKA S,3rd Year,A,
2026-09-16,24UIT155,SWASTHIKA S,3rd Year,P,
2026-09-17,24UIT155,SWASTHIKA S,3rd Year,P,
2026-09-18,24UIT155,SWASTHIKA S,3rd Year,P,
2026-09-21,24UIT155,SWASTHIKA S,3rd Year,P,
2026-09-22,24UIT155,SWASTHIKA S,3rd Year,P,
2026-09-23,24UIT155,SWASTHIKA S,3rd Year,A,
2026-09-24,24UIT155,SWASTHIKA S,3rd Year,P,
2026-09-25,24UIT155,SWASTHIKA S,3rd Year,P,
2026-09-28,24UIT155,SWASTHIKA S,3rd Year,A,
2026-09-29,24UIT155,SWASTHIKA S,3rd Year,P,
2026-09-30,24UIT155,SWASTHIKA S,3rd Year,P,
2026-10-01,24UIT155,SWASTHIKA S,3rd Year,P,
2026-10-05,24UIT155,SWASTHIKA S,3rd Year,P,
2026-08-03,24UIT156,SWATHI V,3rd Year,P,
2026-08-04,24UIT156,SWATHI V,3rd Year,A,
2026-08-05,24UIT156,SWATHI V,3rd Year,P,
2026-08-06,24UIT156,SWATHI V,3rd Year,P,
2026-08-07,24UIT156,SWATHI V,3rd Year,P,
2026-08-10,24UIT156,SWATHI V,3rd Year,P,
2026-08-11,24UIT156,SWATHI V,3rd Year,P,
2026-08-12,24UIT156,SWATHI V,3rd Year,P,
2026-08-13,24UIT156,SWATHI V,3rd Year,P,
2026-08-14,24UIT156,SWATHI V,3rd Year,P,
2026-08-18,24UIT156,SWATHI V,3rd Year,A,
2026-08-19,24UIT156,SWATHI V,3rd Year,P,
2026-08-21,24UIT156,SWATHI V,3rd Year,P,
2026-08-24,24UIT156,SWATHI V,3rd Year,P,
2026-08-25,24UIT156,SWATHI V,3rd Year,A,
2026-09-07,24UIT156,SWATHI V,3rd Year,P,
2026-09-08,24UIT156,SWATHI V,3rd Year,P,
2026-09-09,24UIT156,SWATHI V,3rd Year,P,
2026-09-10,24UIT156,SWATHI V,3rd Year,P,
2026-09-11,24UIT156,SWATHI V,3rd Year,P,
2026-09-15,24UIT156,SWATHI V,3rd Year,P,
2026-09-16,24UIT156,SWATHI V,3rd Year,P,
2026-09-17,24UIT156,SWATHI V,3rd Year,A,
2026-09-18,24UIT156,SWATHI V,3rd Year,A,
2026-09-21,24UIT156,SWATHI V,3rd Year,P,
2026-09-22,24UIT156,SWATHI V,3rd Year,P,
2026-09-23,24UIT156,SWATHI V,3rd Year,P,
2026-09-24,24UIT156,SWATHI V,3rd Year,P,
2026-09-25,24UIT156,SWATHI V,3rd Year,P,
2026-09-28,24UIT156,SWATHI V,3rd Year,P,
2026-09-29,24UIT156,SWATHI V,3rd Year,P,
2026-09-30,24UIT156,SWATHI V,3rd Year,P,
2026-10-01,24UIT156,SWATHI V,3rd Year,P,
2026-10-05,24UIT156,SWATHI V,3rd Year,P,
2026-08-03,24UIT157,TAMILINIYAL G,3rd Year,A,
2026-08-04,24UIT157,TAMILINIYAL G,3rd Year,A,
2026-08-05,24UIT157,TAMILINIYAL G,3rd Year,P,
2026-08-06,24UIT157,TAMILINIYAL G,3rd Year,P,
2026-08-07,24UIT157,TAMILINIYAL G,3rd Year,P,
2026-08-10,24UIT157,TAMILINIYAL G,3rd Year,P,
2026-08-11,24UIT157,TAMILINIYAL G,3rd Year,A,
2026-08-12,24UIT157,TAMILINIYAL G,3rd Year,P,
2026-08-13,24UIT157,TAMILINIYAL G,3rd Year,P,
2026-08-14,24UIT157,TAMILINIYAL G,3rd Year,P,
2026-08-18,24UIT157,TAMILINIYAL G,3rd Year,P,
2026-08-19,24UIT157,TAMILINIYAL G,3rd Year,A,
2026-08-21,24UIT157,TAMILINIYAL G,3rd Year,A,
2026-08-24,24UIT157,TAMILINIYAL G,3rd Year,P,
2026-08-25,24UIT157,TAMILINIYAL G,3rd Year,A,
2026-09-07,24UIT157,TAMILINIYAL G,3rd Year,P,
2026-09-08,24UIT157,TAMILINIYAL G,3rd Year,P,
2026-09-09,24UIT157,TAMILINIYAL G,3rd Year,P,
2026-09-10,24UIT157,TAMILINIYAL G,3rd Year,P,
2026-09-11,24UIT157,TAMILINIYAL G,3rd Year,P,
2026-09-15,24UIT157,TAMILINIYAL G,3rd Year,P,
2026-09-16,24UIT157,TAMILINIYAL G,3rd Year,P,
2026-09-17,24UIT157,TAMILINIYAL G,3rd Year,P,
2026-09-18,24UIT157,TAMILINIYAL G,3rd Year,P,
2026-09-21,24UIT157,TAMILINIYAL G,3rd Year,P,
2026-09-22,24UIT157,TAMILINIYAL G,3rd Year,P,
2026-09-23,24UIT157,TAMILINIYAL G,3rd Year,P,
2026-09-24,24UIT157,TAMILINIYAL G,3rd Year,P,
2026-09-25,24UIT157,TAMILINIYAL G,3rd Year,P,
2026-09-28,24UIT157,TAMILINIYAL G,3rd Year,P,
2026-09-29,24UIT157,TAMILINIYAL G,3rd Year,P,
2026-09-30,24UIT157,TAMILINIYAL G,3rd Year,P,
2026-10-01,24UIT157,TAMILINIYAL G,3rd Year,P,
2026-10-05,24UIT157,TAMILINIYAL G,3rd Year,P,
2026-08-03,24UIT158,TAMILSELVAN R,3rd Year,P,
2026-08-04,24UIT158,TAMILSELVAN R,3rd Year,A,
2026-08-05,24UIT158,TAMILSELVAN R,3rd Year,P,
2026-08-06,24UIT158,TAMILSELVAN R,3rd Year,P,
2026-08-07,24UIT158,TAMILSELVAN R,3rd Year,A,
2026-08-10,24UIT158,TAMILSELVAN R,3rd Year,P,
2026-08-11,24UIT158,TAMILSELVAN R,3rd Year,A,
2026-08-12,24UIT158,TAMILSELVAN R,3rd Year,P,
2026-08-13,24UIT158,TAMILSELVAN R,3rd Year,P,
2026-08-14,24UIT158,TAMILSELVAN R,3rd Year,P,
2026-08-18,24UIT158,TAMILSELVAN R,3rd Year,P,
2026-08-19,24UIT158,TAMILSELVAN R,3rd Year,P,
2026-08-21,24UIT158,TAMILSELVAN R,3rd Year,P,
2026-08-24,24UIT158,TAMILSELVAN R,3rd Year,P,
2026-08-25,24UIT158,TAMILSELVAN R,3rd Year,P,
2026-09-07,24UIT158,TAMILSELVAN R,3rd Year,P,
2026-09-08,24UIT158,TAMILSELVAN R,3rd Year,P,
2026-09-09,24UIT158,TAMILSELVAN R,3rd Year,P,
2026-09-10,24UIT158,TAMILSELVAN R,3rd Year,P,
2026-09-11,24UIT158,TAMILSELVAN R,3rd Year,P,
2026-09-15,24UIT158,TAMILSELVAN R,3rd Year,P,
2026-09-16,24UIT158,TAMILSELVAN R,3rd Year,P,
2026-09-17,24UIT158,TAMILSELVAN R,3rd Year,P,
2026-09-18,24UIT158,TAMILSELVAN R,3rd Year,P,
2026-09-21,24UIT158,TAMILSELVAN R,3rd Year,P,
2026-09-22,24UIT158,TAMILSELVAN R,3rd Year,P,
2026-09-23,24UIT158,TAMILSELVAN R,3rd Year,P,
2026-09-24,24UIT158,TAMILSELVAN R,3rd Year,P,
2026-09-25,24UIT158,TAMILSELVAN R,3rd Year,P,
2026-09-28,24UIT158,TAMILSELVAN R,3rd Year,P,
2026-09-29,24UIT158,TAMILSELVAN R,3rd Year,P,
2026-09-30,24UIT158,TAMILSELVAN R,3rd Year,P,
2026-10-01,24UIT158,TAMILSELVAN R,3rd Year,P,
2026-10-05,24UIT158,TAMILSELVAN R,3rd Year,P,
2026-08-03,24UIT159,TEJASWAR K,3rd Year,A,
2026-08-04,24UIT159,TEJASWAR K,3rd Year,A,
2026-08-05,24UIT159,TEJASWAR K,3rd Year,P,
2026-08-06,24UIT159,TEJASWAR K,3rd Year,P,
2026-08-07,24UIT159,TEJASWAR K,3rd Year,P,
2026-08-10,24UIT159,TEJASWAR K,3rd Year,P,
2026-08-11,24UIT159,TEJASWAR K,3rd Year,A,
2026-08-12,24UIT159,TEJASWAR K,3rd Year,P,
2026-08-13,24UIT159,TEJASWAR K,3rd Year,P,
2026-08-14,24UIT159,TEJASWAR K,3rd Year,P,
2026-08-18,24UIT159,TEJASWAR K,3rd Year,P,
2026-08-19,24UIT159,TEJASWAR K,3rd Year,P,
2026-08-21,24UIT159,TEJASWAR K,3rd Year,P,
2026-08-24,24UIT159,TEJASWAR K,3rd Year,A,
2026-08-25,24UIT159,TEJASWAR K,3rd Year,A,
2026-09-07,24UIT159,TEJASWAR K,3rd Year,A,
2026-09-08,24UIT159,TEJASWAR K,3rd Year,A,
2026-09-09,24UIT159,TEJASWAR K,3rd Year,A,
2026-09-10,24UIT159,TEJASWAR K,3rd Year,A,
2026-09-11,24UIT159,TEJASWAR K,3rd Year,A,
2026-09-15,24UIT159,TEJASWAR K,3rd Year,A,
2026-09-16,24UIT159,TEJASWAR K,3rd Year,A,
2026-09-17,24UIT159,TEJASWAR K,3rd Year,A,
2026-09-18,24UIT159,TEJASWAR K,3rd Year,A,
2026-09-21,24UIT159,TEJASWAR K,3rd Year,A,
2026-09-22,24UIT159,TEJASWAR K,3rd Year,A,
2026-09-23,24UIT159,TEJASWAR K,3rd Year,A,
2026-09-24,24UIT159,TEJASWAR K,3rd Year,A,
2026-09-25,24UIT159,TEJASWAR K,3rd Year,A,
2026-09-28,24UIT159,TEJASWAR K,3rd Year,A,
2026-09-29,24UIT159,TEJASWAR K,3rd Year,A,
2026-09-30,24UIT159,TEJASWAR K,3rd Year,A,
2026-10-01,24UIT159,TEJASWAR K,3rd Year,A,
2026-10-05,24UIT159,TEJASWAR K,3rd Year,A,
2026-08-03,24UIT160,THILAKA M,3rd Year,P,
2026-08-04,24UIT160,THILAKA M,3rd Year,A,
2026-08-05,24UIT160,THILAKA M,3rd Year,A,
2026-08-06,24UIT160,THILAKA M,3rd Year,A,
2026-08-07,24UIT160,THILAKA M,3rd Year,P,
2026-08-10,24UIT160,THILAKA M,3rd Year,P,
2026-08-11,24UIT160,THILAKA M,3rd Year,A,
2026-08-12,24UIT160,THILAKA M,3rd Year,P,
2026-08-13,24UIT160,THILAKA M,3rd Year,P,
2026-08-14,24UIT160,THILAKA M,3rd Year,P,
2026-08-18,24UIT160,THILAKA M,3rd Year,P,
2026-08-19,24UIT160,THILAKA M,3rd Year,A,
2026-08-21,24UIT160,THILAKA M,3rd Year,A,
2026-08-24,24UIT160,THILAKA M,3rd Year,P,
2026-08-25,24UIT160,THILAKA M,3rd Year,A,
2026-09-07,24UIT160,THILAKA M,3rd Year,P,
2026-09-08,24UIT160,THILAKA M,3rd Year,P,
2026-09-09,24UIT160,THILAKA M,3rd Year,P,
2026-09-10,24UIT160,THILAKA M,3rd Year,P,
2026-09-11,24UIT160,THILAKA M,3rd Year,P,
2026-09-15,24UIT160,THILAKA M,3rd Year,P,
2026-09-16,24UIT160,THILAKA M,3rd Year,P,
2026-09-17,24UIT160,THILAKA M,3rd Year,P,
2026-09-18,24UIT160,THILAKA M,3rd Year,P,
2026-09-21,24UIT160,THILAKA M,3rd Year,P,
2026-09-22,24UIT160,THILAKA M,3rd Year,P,
2026-09-23,24UIT160,THILAKA M,3rd Year,P,
2026-09-24,24UIT160,THILAKA M,3rd Year,P,
2026-09-25,24UIT160,THILAKA M,3rd Year,P,
2026-09-28,24UIT160,THILAKA M,3rd Year,P,
2026-09-29,24UIT160,THILAKA M,3rd Year,P,
2026-09-30,24UIT160,THILAKA M,3rd Year,P,
2026-10-01,24UIT160,THILAKA M,3rd Year,P,
2026-10-05,24UIT160,THILAKA M,3rd Year,P,
2026-08-03,24UIT161,VAISHNAV A,3rd Year,A,
2026-08-04,24UIT161,VAISHNAV A,3rd Year,A,
2026-08-05,24UIT161,VAISHNAV A,3rd Year,A,
2026-08-06,24UIT161,VAISHNAV A,3rd Year,A,
2026-08-07,24UIT161,VAISHNAV A,3rd Year,A,
2026-08-10,24UIT161,VAISHNAV A,3rd Year,A,
2026-08-11,24UIT161,VAISHNAV A,3rd Year,A,
2026-08-12,24UIT161,VAISHNAV A,3rd Year,A,
2026-08-13,24UIT161,VAISHNAV A,3rd Year,A,
2026-08-14,24UIT161,VAISHNAV A,3rd Year,P,
2026-08-18,24UIT161,VAISHNAV A,3rd Year,P,
2026-08-19,24UIT161,VAISHNAV A,3rd Year,P,
2026-08-21,24UIT161,VAISHNAV A,3rd Year,P,
2026-08-24,24UIT161,VAISHNAV A,3rd Year,P,
2026-08-25,24UIT161,VAISHNAV A,3rd Year,P,
2026-09-07,24UIT161,VAISHNAV A,3rd Year,P,
2026-09-08,24UIT161,VAISHNAV A,3rd Year,P,
2026-09-09,24UIT161,VAISHNAV A,3rd Year,P,
2026-09-10,24UIT161,VAISHNAV A,3rd Year,P,
2026-09-11,24UIT161,VAISHNAV A,3rd Year,P,
2026-09-15,24UIT161,VAISHNAV A,3rd Year,P,
2026-09-16,24UIT161,VAISHNAV A,3rd Year,P,
2026-09-17,24UIT161,VAISHNAV A,3rd Year,P,
2026-09-18,24UIT161,VAISHNAV A,3rd Year,P,
2026-09-21,24UIT161,VAISHNAV A,3rd Year,P,
2026-09-22,24UIT161,VAISHNAV A,3rd Year,P,
2026-09-23,24UIT161,VAISHNAV A,3rd Year,P,
2026-09-24,24UIT161,VAISHNAV A,3rd Year,P,
2026-09-25,24UIT161,VAISHNAV A,3rd Year,P,
2026-09-28,24UIT161,VAISHNAV A,3rd Year,P,
2026-09-29,24UIT161,VAISHNAV A,3rd Year,P,
2026-09-30,24UIT161,VAISHNAV A,3rd Year,P,
2026-10-01,24UIT161,VAISHNAV A,3rd Year,P,
2026-10-05,24UIT161,VAISHNAV A,3rd Year,P,
2026-08-03,24UIT162,YASHEEKA E T,3rd Year,A,
2026-08-04,24UIT162,YASHEEKA E T,3rd Year,A,
2026-08-05,24UIT162,YASHEEKA E T,3rd Year,P,
2026-08-06,24UIT162,YASHEEKA E T,3rd Year,P,
2026-08-07,24UIT162,YASHEEKA E T,3rd Year,A,
2026-08-10,24UIT162,YASHEEKA E T,3rd Year,P,
2026-08-11,24UIT162,YASHEEKA E T,3rd Year,A,
2026-08-12,24UIT162,YASHEEKA E T,3rd Year,P,
2026-08-13,24UIT162,YASHEEKA E T,3rd Year,P,
2026-08-14,24UIT162,YASHEEKA E T,3rd Year,P,
2026-08-18,24UIT162,YASHEEKA E T,3rd Year,P,
2026-08-19,24UIT162,YASHEEKA E T,3rd Year,A,
2026-08-21,24UIT162,YASHEEKA E T,3rd Year,P,
2026-08-24,24UIT162,YASHEEKA E T,3rd Year,P,
2026-08-25,24UIT162,YASHEEKA E T,3rd Year,A,
2026-09-07,24UIT162,YASHEEKA E T,3rd Year,A,
2026-09-08,24UIT162,YASHEEKA E T,3rd Year,A,
2026-09-09,24UIT162,YASHEEKA E T,3rd Year,P,
2026-09-10,24UIT162,YASHEEKA E T,3rd Year,P,
2026-09-11,24UIT162,YASHEEKA E T,3rd Year,P,
2026-09-15,24UIT162,YASHEEKA E T,3rd Year,A,
2026-09-16,24UIT162,YASHEEKA E T,3rd Year,P,
2026-09-17,24UIT162,YASHEEKA E T,3rd Year,A,
2026-09-18,24UIT162,YASHEEKA E T,3rd Year,P,
2026-09-21,24UIT162,YASHEEKA E T,3rd Year,P,
2026-09-22,24UIT162,YASHEEKA E T,3rd Year,P,
2026-09-23,24UIT162,YASHEEKA E T,3rd Year,P,
2026-09-24,24UIT162,YASHEEKA E T,3rd Year,P,
2026-09-25,24UIT162,YASHEEKA E T,3rd Year,P,
2026-09-28,24UIT162,YASHEEKA E T,3rd Year,P,
2026-09-29,24UIT162,YASHEEKA E T,3rd Year,P,
2026-09-30,24UIT162,YASHEEKA E T,3rd Year,P,
2026-10-01,24UIT162,YASHEEKA E T,3rd Year,P,
2026-10-05,24UIT162,YASHEEKA E T,3rd Year,P,
2026-08-03,24UIT163,YOGHESWAR T,3rd Year,P,
2026-08-04,24UIT163,YOGHESWAR T,3rd Year,A,
2026-08-05,24UIT163,YOGHESWAR T,3rd Year,P,
2026-08-06,24UIT163,YOGHESWAR T,3rd Year,P,
2026-08-07,24UIT163,YOGHESWAR T,3rd Year,P,
2026-08-10,24UIT163,YOGHESWAR T,3rd Year,A,
2026-08-11,24UIT163,YOGHESWAR T,3rd Year,A,
2026-08-12,24UIT163,YOGHESWAR T,3rd Year,P,
2026-08-13,24UIT163,YOGHESWAR T,3rd Year,P,
2026-08-14,24UIT163,YOGHESWAR T,3rd Year,A,
2026-08-18,24UIT163,YOGHESWAR T,3rd Year,P,
2026-08-19,24UIT163,YOGHESWAR T,3rd Year,P,
2026-08-21,24UIT163,YOGHESWAR T,3rd Year,P,
2026-08-24,24UIT163,YOGHESWAR T,3rd Year,P,
2026-08-25,24UIT163,YOGHESWAR T,3rd Year,P,
2026-09-07,24UIT163,YOGHESWAR T,3rd Year,P,
2026-09-08,24UIT163,YOGHESWAR T,3rd Year,P,
2026-09-09,24UIT163,YOGHESWAR T,3rd Year,P,
2026-09-10,24UIT163,YOGHESWAR T,3rd Year,P,
2026-09-11,24UIT163,YOGHESWAR T,3rd Year,P,
2026-09-15,24UIT163,YOGHESWAR T,3rd Year,A,
2026-09-16,24UIT163,YOGHESWAR T,3rd Year,P,
2026-09-17,24UIT163,YOGHESWAR T,3rd Year,P,
2026-09-18,24UIT163,YOGHESWAR T,3rd Year,P,
2026-09-21,24UIT163,YOGHESWAR T,3rd Year,P,
2026-09-22,24UIT163,YOGHESWAR T,3rd Year,P,
2026-09-23,24UIT163,YOGHESWAR T,3rd Year,P,
2026-09-24,24UIT163,YOGHESWAR T,3rd Year,P,
2026-09-25,24UIT163,YOGHESWAR T,3rd Year,P,
2026-09-28,24UIT163,YOGHESWAR T,3rd Year,P,
2026-09-29,24UIT163,YOGHESWAR T,3rd Year,A,
2026-09-30,24UIT163,YOGHESWAR T,3rd Year,P,
2026-10-01,24UIT163,YOGHESWAR T,3rd Year,P,
2026-10-05,24UIT163,YOGHESWAR T,3rd Year,P,
2026-08-03,24UIT602,DHANUSH K,3rd Year,A,
2026-08-04,24UIT602,DHANUSH K,3rd Year,A,
2026-08-05,24UIT602,DHANUSH K,3rd Year,P,
2026-08-06,24UIT602,DHANUSH K,3rd Year,P,
2026-08-07,24UIT602,DHANUSH K,3rd Year,P,
2026-08-10,24UIT602,DHANUSH K,3rd Year,P,
2026-08-11,24UIT602,DHANUSH K,3rd Year,A,
2026-08-12,24UIT602,DHANUSH K,3rd Year,P,
2026-08-13,24UIT602,DHANUSH K,3rd Year,P,
2026-08-14,24UIT602,DHANUSH K,3rd Year,P,
2026-08-18,24UIT602,DHANUSH K,3rd Year,P,
2026-08-19,24UIT602,DHANUSH K,3rd Year,P,
2026-08-21,24UIT602,DHANUSH K,3rd Year,P,
2026-08-24,24UIT602,DHANUSH K,3rd Year,P,
2026-08-25,24UIT602,DHANUSH K,3rd Year,P,
2026-09-07,24UIT602,DHANUSH K,3rd Year,A,
2026-09-08,24UIT602,DHANUSH K,3rd Year,A,
2026-09-09,24UIT602,DHANUSH K,3rd Year,P,
2026-09-10,24UIT602,DHANUSH K,3rd Year,A,
2026-09-11,24UIT602,DHANUSH K,3rd Year,P,
2026-09-15,24UIT602,DHANUSH K,3rd Year,A,
2026-09-16,24UIT602,DHANUSH K,3rd Year,P,
2026-09-17,24UIT602,DHANUSH K,3rd Year,P,
2026-09-18,24UIT602,DHANUSH K,3rd Year,P,
2026-09-21,24UIT602,DHANUSH K,3rd Year,P,
2026-09-22,24UIT602,DHANUSH K,3rd Year,P,
2026-09-23,24UIT602,DHANUSH K,3rd Year,P,
2026-09-24,24UIT602,DHANUSH K,3rd Year,P,
2026-09-25,24UIT602,DHANUSH K,3rd Year,P,
2026-09-28,24UIT602,DHANUSH K,3rd Year,P,
2026-09-29,24UIT602,DHANUSH K,3rd Year,P,
2026-09-30,24UIT602,DHANUSH K,3rd Year,P,
2026-10-01,24UIT602,DHANUSH K,3rd Year,P,
2026-10-05,24UIT602,DHANUSH K,3rd Year,A,
2026-08-03,24UIT605,VYASH M,3rd Year,A,
2026-08-04,24UIT605,VYASH M,3rd Year,A,
2026-08-05,24UIT605,VYASH M,3rd Year,P,
2026-08-06,24UIT605,VYASH M,3rd Year,P,
2026-08-07,24UIT605,VYASH M,3rd Year,P,
2026-08-10,24UIT605,VYASH M,3rd Year,P,
2026-08-11,24UIT605,VYASH M,3rd Year,A,
2026-08-12,24UIT605,VYASH M,3rd Year,P,
2026-08-13,24UIT605,VYASH M,3rd Year,P,
2026-08-14,24UIT605,VYASH M,3rd Year,P,
2026-08-18,24UIT605,VYASH M,3rd Year,P,
2026-08-19,24UIT605,VYASH M,3rd Year,P,
2026-08-21,24UIT605,VYASH M,3rd Year,P,
2026-08-24,24UIT605,VYASH M,3rd Year,P,
2026-08-25,24UIT605,VYASH M,3rd Year,A,
2026-09-07,24UIT605,VYASH M,3rd Year,P,
2026-09-08,24UIT605,VYASH M,3rd Year,P,
2026-09-09,24UIT605,VYASH M,3rd Year,P,
2026-09-10,24UIT605,VYASH M,3rd Year,P,
2026-09-11,24UIT605,VYASH M,3rd Year,P,
2026-09-15,24UIT605,VYASH M,3rd Year,P,
2026-09-16,24UIT605,VYASH M,3rd Year,P,
2026-09-17,24UIT605,VYASH M,3rd Year,A,
2026-09-18,24UIT605,VYASH M,3rd Year,P,
2026-09-21,24UIT605,VYASH M,3rd Year,P,
2026-09-22,24UIT605,VYASH M,3rd Year,P,
2026-09-23,24UIT605,VYASH M,3rd Year,P,
2026-09-24,24UIT605,VYASH M,3rd Year,P,
2026-09-25,24UIT605,VYASH M,3rd Year,P,
2026-09-28,24UIT605,VYASH M,3rd Year,P,
2026-09-29,24UIT605,VYASH M,3rd Year,P,
2026-09-30,24UIT605,VYASH M,3rd Year,P,
2026-10-01,24UIT605,VYASH M,3rd Year,P,
2026-10-05,24UIT605,VYASH M,3rd Year,P,
2026-08-03,24UME117,JEYA SURYA C,3rd Year,A,
2026-08-04,24UME117,JEYA SURYA C,3rd Year,A,
2026-08-05,24UME117,JEYA SURYA C,3rd Year,P,
2026-08-06,24UME117,JEYA SURYA C,3rd Year,A,
2026-08-07,24UME117,JEYA SURYA C,3rd Year,A,
2026-08-10,24UME117,JEYA SURYA C,3rd Year,A,
2026-08-11,24UME117,JEYA SURYA C,3rd Year,A,
2026-08-12,24UME117,JEYA SURYA C,3rd Year,A,
2026-08-13,24UME117,JEYA SURYA C,3rd Year,A,
2026-08-14,24UME117,JEYA SURYA C,3rd Year,A,
2026-08-18,24UME117,JEYA SURYA C,3rd Year,A,
2026-08-19,24UME117,JEYA SURYA C,3rd Year,A,
2026-08-21,24UME117,JEYA SURYA C,3rd Year,A,
2026-08-24,24UME117,JEYA SURYA C,3rd Year,A,
2026-08-25,24UME117,JEYA SURYA C,3rd Year,A,
2026-09-07,24UME117,JEYA SURYA C,3rd Year,A,
2026-09-08,24UME117,JEYA SURYA C,3rd Year,A,
2026-09-09,24UME117,JEYA SURYA C,3rd Year,A,
2026-09-10,24UME117,JEYA SURYA C,3rd Year,P,
2026-09-11,24UME117,JEYA SURYA C,3rd Year,P,
2026-09-15,24UME117,JEYA SURYA C,3rd Year,P,
2026-09-16,24UME117,JEYA SURYA C,3rd Year,A,
2026-09-17,24UME117,JEYA SURYA C,3rd Year,P,
2026-09-18,24UME117,JEYA SURYA C,3rd Year,A,
2026-09-21,24UME117,JEYA SURYA C,3rd Year,A,
2026-09-22,24UME117,JEYA SURYA C,3rd Year,P,
2026-09-23,24UME117,JEYA SURYA C,3rd Year,P,
2026-09-24,24UME117,JEYA SURYA C,3rd Year,P,
2026-09-25,24UME117,JEYA SURYA C,3rd Year,A,
2026-09-28,24UME117,JEYA SURYA C,3rd Year,P,
2026-09-29,24UME117,JEYA SURYA C,3rd Year,P,
2026-09-30,24UME117,JEYA SURYA C,3rd Year,P,
2026-10-01,24UME117,JEYA SURYA C,3rd Year,P,
2026-10-05,24UME117,JEYA SURYA C,3rd Year,A,
2026-08-03,24UME121,KISHORE R,3rd Year,P,
2026-08-04,24UME121,KISHORE R,3rd Year,A,
2026-08-05,24UME121,KISHORE R,3rd Year,A,
2026-08-06,24UME121,KISHORE R,3rd Year,P,
2026-08-07,24UME121,KISHORE R,3rd Year,P,
2026-08-10,24UME121,KISHORE R,3rd Year,P,
2026-08-11,24UME121,KISHORE R,3rd Year,A,
2026-08-12,24UME121,KISHORE R,3rd Year,P,
2026-08-13,24UME121,KISHORE R,3rd Year,P,
2026-08-14,24UME121,KISHORE R,3rd Year,A,
2026-08-18,24UME121,KISHORE R,3rd Year,P,
2026-08-19,24UME121,KISHORE R,3rd Year,P,
2026-08-21,24UME121,KISHORE R,3rd Year,A,
2026-08-24,24UME121,KISHORE R,3rd Year,A,
2026-08-25,24UME121,KISHORE R,3rd Year,A,
2026-09-07,24UME121,KISHORE R,3rd Year,A,
2026-09-08,24UME121,KISHORE R,3rd Year,P,
2026-09-09,24UME121,KISHORE R,3rd Year,P,
2026-09-10,24UME121,KISHORE R,3rd Year,P,
2026-09-11,24UME121,KISHORE R,3rd Year,P,
2026-09-15,24UME121,KISHORE R,3rd Year,P,
2026-09-16,24UME121,KISHORE R,3rd Year,P,
2026-09-17,24UME121,KISHORE R,3rd Year,P,
2026-09-18,24UME121,KISHORE R,3rd Year,A,
2026-09-21,24UME121,KISHORE R,3rd Year,P,
2026-09-22,24UME121,KISHORE R,3rd Year,P,
2026-09-23,24UME121,KISHORE R,3rd Year,P,
2026-09-24,24UME121,KISHORE R,3rd Year,P,
2026-09-25,24UME121,KISHORE R,3rd Year,P,
2026-09-28,24UME121,KISHORE R,3rd Year,P,
2026-09-29,24UME121,KISHORE R,3rd Year,P,
2026-09-30,24UME121,KISHORE R,3rd Year,P,
2026-10-01,24UME121,KISHORE R,3rd Year,P,
2026-10-05,24UME121,KISHORE R,3rd Year,A,
2026-08-03,24UME127,MANOJKUMAR M,3rd Year,P,
2026-08-04,24UME127,MANOJKUMAR M,3rd Year,P,
2026-08-05,24UME127,MANOJKUMAR M,3rd Year,P,
2026-08-06,24UME127,MANOJKUMAR M,3rd Year,P,
2026-08-07,24UME127,MANOJKUMAR M,3rd Year,P,
2026-08-10,24UME127,MANOJKUMAR M,3rd Year,P,
2026-08-11,24UME127,MANOJKUMAR M,3rd Year,P,
2026-08-12,24UME127,MANOJKUMAR M,3rd Year,P,
2026-08-13,24UME127,MANOJKUMAR M,3rd Year,P,
2026-08-14,24UME127,MANOJKUMAR M,3rd Year,P,
2026-08-18,24UME127,MANOJKUMAR M,3rd Year,P,
2026-08-19,24UME127,MANOJKUMAR M,3rd Year,P,
2026-08-21,24UME127,MANOJKUMAR M,3rd Year,P,
2026-08-24,24UME127,MANOJKUMAR M,3rd Year,P,
2026-08-25,24UME127,MANOJKUMAR M,3rd Year,P,
2026-09-07,24UME127,MANOJKUMAR M,3rd Year,P,
2026-09-08,24UME127,MANOJKUMAR M,3rd Year,P,
2026-09-09,24UME127,MANOJKUMAR M,3rd Year,P,
2026-09-10,24UME127,MANOJKUMAR M,3rd Year,P,
2026-09-11,24UME127,MANOJKUMAR M,3rd Year,P,
2026-09-15,24UME127,MANOJKUMAR M,3rd Year,P,
2026-09-16,24UME127,MANOJKUMAR M,3rd Year,P,
2026-09-17,24UME127,MANOJKUMAR M,3rd Year,P,
2026-09-18,24UME127,MANOJKUMAR M,3rd Year,P,
2026-09-21,24UME127,MANOJKUMAR M,3rd Year,P,
2026-09-22,24UME127,MANOJKUMAR M,3rd Year,P,
2026-09-23,24UME127,MANOJKUMAR M,3rd Year,P,
2026-09-24,24UME127,MANOJKUMAR M,3rd Year,P,
2026-09-25,24UME127,MANOJKUMAR M,3rd Year,P,
2026-09-28,24UME127,MANOJKUMAR M,3rd Year,P,
2026-09-29,24UME127,MANOJKUMAR M,3rd Year,P,
2026-09-30,24UME127,MANOJKUMAR M,3rd Year,P,
2026-10-01,24UME127,MANOJKUMAR M,3rd Year,P,
2026-10-05,24UME127,MANOJKUMAR M,3rd Year,A,
2026-08-03,24UME128,MOHAMED IMTHIYAS S,3rd Year,A,
2026-08-04,24UME128,MOHAMED IMTHIYAS S,3rd Year,A,
2026-08-05,24UME128,MOHAMED IMTHIYAS S,3rd Year,A,
2026-08-06,24UME128,MOHAMED IMTHIYAS S,3rd Year,P,
2026-08-07,24UME128,MOHAMED IMTHIYAS S,3rd Year,P,
2026-08-10,24UME128,MOHAMED IMTHIYAS S,3rd Year,P,
2026-08-11,24UME128,MOHAMED IMTHIYAS S,3rd Year,P,
2026-08-12,24UME128,MOHAMED IMTHIYAS S,3rd Year,A,
2026-08-13,24UME128,MOHAMED IMTHIYAS S,3rd Year,P,
2026-08-14,24UME128,MOHAMED IMTHIYAS S,3rd Year,P,
2026-08-18,24UME128,MOHAMED IMTHIYAS S,3rd Year,P,
2026-08-19,24UME128,MOHAMED IMTHIYAS S,3rd Year,A,
2026-08-21,24UME128,MOHAMED IMTHIYAS S,3rd Year,A,
2026-08-24,24UME128,MOHAMED IMTHIYAS S,3rd Year,A,
2026-08-25,24UME128,MOHAMED IMTHIYAS S,3rd Year,A,
2026-09-07,24UME128,MOHAMED IMTHIYAS S,3rd Year,A,
2026-09-08,24UME128,MOHAMED IMTHIYAS S,3rd Year,A,
2026-09-09,24UME128,MOHAMED IMTHIYAS S,3rd Year,A,
2026-09-10,24UME128,MOHAMED IMTHIYAS S,3rd Year,P,
2026-09-11,24UME128,MOHAMED IMTHIYAS S,3rd Year,P,
2026-09-15,24UME128,MOHAMED IMTHIYAS S,3rd Year,P,
2026-09-16,24UME128,MOHAMED IMTHIYAS S,3rd Year,P,
2026-09-17,24UME128,MOHAMED IMTHIYAS S,3rd Year,P,
2026-09-18,24UME128,MOHAMED IMTHIYAS S,3rd Year,A,
2026-09-21,24UME128,MOHAMED IMTHIYAS S,3rd Year,A,
2026-09-22,24UME128,MOHAMED IMTHIYAS S,3rd Year,P,
2026-09-23,24UME128,MOHAMED IMTHIYAS S,3rd Year,P,
2026-09-24,24UME128,MOHAMED IMTHIYAS S,3rd Year,P,
2026-09-25,24UME128,MOHAMED IMTHIYAS S,3rd Year,A,
2026-09-28,24UME128,MOHAMED IMTHIYAS S,3rd Year,P,
2026-09-29,24UME128,MOHAMED IMTHIYAS S,3rd Year,A,
2026-09-30,24UME128,MOHAMED IMTHIYAS S,3rd Year,A,
2026-10-01,24UME128,MOHAMED IMTHIYAS S,3rd Year,A,
2026-10-05,24UME128,MOHAMED IMTHIYAS S,3rd Year,A,
2026-08-03,24UME129,MOHAMMED RIYASH S,3rd Year,A,
2026-08-04,24UME129,MOHAMMED RIYASH S,3rd Year,A,
2026-08-05,24UME129,MOHAMMED RIYASH S,3rd Year,P,
2026-08-06,24UME129,MOHAMMED RIYASH S,3rd Year,A,
2026-08-07,24UME129,MOHAMMED RIYASH S,3rd Year,P,
2026-08-10,24UME129,MOHAMMED RIYASH S,3rd Year,A,
2026-08-11,24UME129,MOHAMMED RIYASH S,3rd Year,A,
2026-08-12,24UME129,MOHAMMED RIYASH S,3rd Year,P,
2026-08-13,24UME129,MOHAMMED RIYASH S,3rd Year,A,
2026-08-14,24UME129,MOHAMMED RIYASH S,3rd Year,A,
2026-08-18,24UME129,MOHAMMED RIYASH S,3rd Year,P,
2026-08-19,24UME129,MOHAMMED RIYASH S,3rd Year,P,
2026-08-21,24UME129,MOHAMMED RIYASH S,3rd Year,P,
2026-08-24,24UME129,MOHAMMED RIYASH S,3rd Year,P,
2026-08-25,24UME129,MOHAMMED RIYASH S,3rd Year,A,
2026-09-07,24UME129,MOHAMMED RIYASH S,3rd Year,A,
2026-09-08,24UME129,MOHAMMED RIYASH S,3rd Year,A,
2026-09-09,24UME129,MOHAMMED RIYASH S,3rd Year,P,
2026-09-10,24UME129,MOHAMMED RIYASH S,3rd Year,P,
2026-09-11,24UME129,MOHAMMED RIYASH S,3rd Year,A,
2026-09-15,24UME129,MOHAMMED RIYASH S,3rd Year,P,
2026-09-16,24UME129,MOHAMMED RIYASH S,3rd Year,P,
2026-09-17,24UME129,MOHAMMED RIYASH S,3rd Year,P,
2026-09-18,24UME129,MOHAMMED RIYASH S,3rd Year,A,
2026-09-21,24UME129,MOHAMMED RIYASH S,3rd Year,P,
2026-09-22,24UME129,MOHAMMED RIYASH S,3rd Year,P,
2026-09-23,24UME129,MOHAMMED RIYASH S,3rd Year,P,
2026-09-24,24UME129,MOHAMMED RIYASH S,3rd Year,P,
2026-09-25,24UME129,MOHAMMED RIYASH S,3rd Year,P,
2026-09-28,24UME129,MOHAMMED RIYASH S,3rd Year,A,
2026-09-29,24UME129,MOHAMMED RIYASH S,3rd Year,A,
2026-09-30,24UME129,MOHAMMED RIYASH S,3rd Year,P,
2026-10-01,24UME129,MOHAMMED RIYASH S,3rd Year,P,
2026-10-05,24UME129,MOHAMMED RIYASH S,3rd Year,P,
2026-08-03,24UME138,NITHEESKUMAR M,3rd Year,A,
2026-08-04,24UME138,NITHEESKUMAR M,3rd Year,A,
2026-08-05,24UME138,NITHEESKUMAR M,3rd Year,A,
2026-08-06,24UME138,NITHEESKUMAR M,3rd Year,P,
2026-08-07,24UME138,NITHEESKUMAR M,3rd Year,A,
2026-08-10,24UME138,NITHEESKUMAR M,3rd Year,A,
2026-08-11,24UME138,NITHEESKUMAR M,3rd Year,A,
2026-08-12,24UME138,NITHEESKUMAR M,3rd Year,A,
2026-08-13,24UME138,NITHEESKUMAR M,3rd Year,A,
2026-08-14,24UME138,NITHEESKUMAR M,3rd Year,A,
2026-08-18,24UME138,NITHEESKUMAR M,3rd Year,A,
2026-08-19,24UME138,NITHEESKUMAR M,3rd Year,A,
2026-08-21,24UME138,NITHEESKUMAR M,3rd Year,A,
2026-08-24,24UME138,NITHEESKUMAR M,3rd Year,A,
2026-08-25,24UME138,NITHEESKUMAR M,3rd Year,A,
2026-09-07,24UME138,NITHEESKUMAR M,3rd Year,A,
2026-09-08,24UME138,NITHEESKUMAR M,3rd Year,A,
2026-09-09,24UME138,NITHEESKUMAR M,3rd Year,A,
2026-09-10,24UME138,NITHEESKUMAR M,3rd Year,P,
2026-09-11,24UME138,NITHEESKUMAR M,3rd Year,P,
2026-09-15,24UME138,NITHEESKUMAR M,3rd Year,A,
2026-09-16,24UME138,NITHEESKUMAR M,3rd Year,P,
2026-09-17,24UME138,NITHEESKUMAR M,3rd Year,P,
2026-09-18,24UME138,NITHEESKUMAR M,3rd Year,A,
2026-09-21,24UME138,NITHEESKUMAR M,3rd Year,A,
2026-09-22,24UME138,NITHEESKUMAR M,3rd Year,A,
2026-09-23,24UME138,NITHEESKUMAR M,3rd Year,P,
2026-09-24,24UME138,NITHEESKUMAR M,3rd Year,P,
2026-09-25,24UME138,NITHEESKUMAR M,3rd Year,P,
2026-09-28,24UME138,NITHEESKUMAR M,3rd Year,P,
2026-09-29,24UME138,NITHEESKUMAR M,3rd Year,A,
2026-09-30,24UME138,NITHEESKUMAR M,3rd Year,P,
2026-10-01,24UME138,NITHEESKUMAR M,3rd Year,P,
2026-10-05,24UME138,NITHEESKUMAR M,3rd Year,P,
2026-08-03,24UME151,SREE DHARSHAN M P,3rd Year,A,
2026-08-04,24UME151,SREE DHARSHAN M P,3rd Year,A,
2026-08-05,24UME151,SREE DHARSHAN M P,3rd Year,A,
2026-08-06,24UME151,SREE DHARSHAN M P,3rd Year,A,
2026-08-07,24UME151,SREE DHARSHAN M P,3rd Year,A,
2026-08-10,24UME151,SREE DHARSHAN M P,3rd Year,A,
2026-08-11,24UME151,SREE DHARSHAN M P,3rd Year,A,
2026-08-12,24UME151,SREE DHARSHAN M P,3rd Year,A,
2026-08-13,24UME151,SREE DHARSHAN M P,3rd Year,A,
2026-08-14,24UME151,SREE DHARSHAN M P,3rd Year,P,
2026-08-18,24UME151,SREE DHARSHAN M P,3rd Year,P,
2026-08-19,24UME151,SREE DHARSHAN M P,3rd Year,A,
2026-08-21,24UME151,SREE DHARSHAN M P,3rd Year,A,
2026-08-24,24UME151,SREE DHARSHAN M P,3rd Year,P,
2026-08-25,24UME151,SREE DHARSHAN M P,3rd Year,P,
2026-09-07,24UME151,SREE DHARSHAN M P,3rd Year,A,
2026-09-08,24UME151,SREE DHARSHAN M P,3rd Year,A,
2026-09-09,24UME151,SREE DHARSHAN M P,3rd Year,A,
2026-09-10,24UME151,SREE DHARSHAN M P,3rd Year,P,
2026-09-11,24UME151,SREE DHARSHAN M P,3rd Year,P,
2026-09-15,24UME151,SREE DHARSHAN M P,3rd Year,A,
2026-09-16,24UME151,SREE DHARSHAN M P,3rd Year,P,
2026-09-17,24UME151,SREE DHARSHAN M P,3rd Year,A,
2026-09-18,24UME151,SREE DHARSHAN M P,3rd Year,A,
2026-09-21,24UME151,SREE DHARSHAN M P,3rd Year,P,
2026-09-22,24UME151,SREE DHARSHAN M P,3rd Year,A,
2026-09-23,24UME151,SREE DHARSHAN M P,3rd Year,P,
2026-09-24,24UME151,SREE DHARSHAN M P,3rd Year,P,
2026-09-25,24UME151,SREE DHARSHAN M P,3rd Year,A,
2026-09-28,24UME151,SREE DHARSHAN M P,3rd Year,P,
2026-09-29,24UME151,SREE DHARSHAN M P,3rd Year,P,
2026-09-30,24UME151,SREE DHARSHAN M P,3rd Year,A,
2026-10-01,24UME151,SREE DHARSHAN M P,3rd Year,P,
2026-10-05,24UME151,SREE DHARSHAN M P,3rd Year,P,
2026-08-03,24UAD101,AADIL A,3rd Year,P,
2026-08-05,24UAD101,AADIL A,3rd Year,P,
2026-08-06,24UAD101,AADIL A,3rd Year,P,
2026-08-07,24UAD101,AADIL A,3rd Year,P,
2026-08-10,24UAD101,AADIL A,3rd Year,P,
2026-08-11,24UAD101,AADIL A,3rd Year,A,
2026-08-12,24UAD101,AADIL A,3rd Year,P,
2026-08-13,24UAD101,AADIL A,3rd Year,P,
2026-08-14,24UAD101,AADIL A,3rd Year,P,
2026-08-17,24UAD101,AADIL A,3rd Year,P,
2026-08-18,24UAD101,AADIL A,3rd Year,P,
2026-08-19,24UAD101,AADIL A,3rd Year,P,
2026-08-21,24UAD101,AADIL A,3rd Year,P,
2026-08-24,24UAD101,AADIL A,3rd Year,P,
2026-09-10,24UAD101,AADIL A,3rd Year,P,
2026-09-11,24UAD101,AADIL A,3rd Year,P,
2026-09-15,24UAD101,AADIL A,3rd Year,P,
2026-09-16,24UAD101,AADIL A,3rd Year,P,
2026-09-17,24UAD101,AADIL A,3rd Year,P,
2026-09-18,24UAD101,AADIL A,3rd Year,A,
2026-09-21,24UAD101,AADIL A,3rd Year,P,
2026-09-22,24UAD101,AADIL A,3rd Year,P,
2026-09-23,24UAD101,AADIL A,3rd Year,P,
2026-09-24,24UAD101,AADIL A,3rd Year,P,
2026-09-25,24UAD101,AADIL A,3rd Year,P,
2026-09-28,24UAD101,AADIL A,3rd Year,P,
2026-09-29,24UAD101,AADIL A,3rd Year,P,
2026-09-30,24UAD101,AADIL A,3rd Year,P,
2026-10-01,24UAD101,AADIL A,3rd Year,P,
2026-10-05,24UAD101,AADIL A,3rd Year,P,
2026-08-03,24UAD108,ANAND P,3rd Year,A,
2026-08-05,24UAD108,ANAND P,3rd Year,A,
2026-08-06,24UAD108,ANAND P,3rd Year,A,
2026-08-07,24UAD108,ANAND P,3rd Year,A,
2026-08-10,24UAD108,ANAND P,3rd Year,A,
2026-08-11,24UAD108,ANAND P,3rd Year,A,
2026-08-12,24UAD108,ANAND P,3rd Year,A,
2026-08-13,24UAD108,ANAND P,3rd Year,A,
2026-08-14,24UAD108,ANAND P,3rd Year,A,
2026-08-17,24UAD108,ANAND P,3rd Year,A,
2026-08-18,24UAD108,ANAND P,3rd Year,A,
2026-08-19,24UAD108,ANAND P,3rd Year,A,
2026-08-21,24UAD108,ANAND P,3rd Year,A,
2026-08-24,24UAD108,ANAND P,3rd Year,A,
2026-09-10,24UAD108,ANAND P,3rd Year,A,
2026-09-11,24UAD108,ANAND P,3rd Year,A,
2026-09-15,24UAD108,ANAND P,3rd Year,A,
2026-09-16,24UAD108,ANAND P,3rd Year,A,
2026-09-17,24UAD108,ANAND P,3rd Year,A,
2026-09-18,24UAD108,ANAND P,3rd Year,A,
2026-09-21,24UAD108,ANAND P,3rd Year,A,
2026-09-22,24UAD108,ANAND P,3rd Year,A,
2026-09-23,24UAD108,ANAND P,3rd Year,P,
2026-09-24,24UAD108,ANAND P,3rd Year,A,
2026-09-25,24UAD108,ANAND P,3rd Year,A,
2026-09-28,24UAD108,ANAND P,3rd Year,A,
2026-09-29,24UAD108,ANAND P,3rd Year,A,
2026-09-30,24UAD108,ANAND P,3rd Year,A,
2026-10-01,24UAD108,ANAND P,3rd Year,A,
2026-10-05,24UAD108,ANAND P,3rd Year,A,
2026-08-03,24UAD109,ANGELIN KIRUBAWATHI T,3rd Year,P,
2026-08-05,24UAD109,ANGELIN KIRUBAWATHI T,3rd Year,P,
2026-08-06,24UAD109,ANGELIN KIRUBAWATHI T,3rd Year,P,
2026-08-07,24UAD109,ANGELIN KIRUBAWATHI T,3rd Year,P,
2026-08-10,24UAD109,ANGELIN KIRUBAWATHI T,3rd Year,P,
2026-08-11,24UAD109,ANGELIN KIRUBAWATHI T,3rd Year,A,
2026-08-12,24UAD109,ANGELIN KIRUBAWATHI T,3rd Year,P,
2026-08-13,24UAD109,ANGELIN KIRUBAWATHI T,3rd Year,P,
2026-08-14,24UAD109,ANGELIN KIRUBAWATHI T,3rd Year,P,
2026-08-17,24UAD109,ANGELIN KIRUBAWATHI T,3rd Year,P,
2026-08-18,24UAD109,ANGELIN KIRUBAWATHI T,3rd Year,P,
2026-08-19,24UAD109,ANGELIN KIRUBAWATHI T,3rd Year,P,
2026-08-21,24UAD109,ANGELIN KIRUBAWATHI T,3rd Year,P,
2026-08-24,24UAD109,ANGELIN KIRUBAWATHI T,3rd Year,P,
2026-09-10,24UAD109,ANGELIN KIRUBAWATHI T,3rd Year,P,
2026-09-11,24UAD109,ANGELIN KIRUBAWATHI T,3rd Year,P,
2026-09-15,24UAD109,ANGELIN KIRUBAWATHI T,3rd Year,A,
2026-09-16,24UAD109,ANGELIN KIRUBAWATHI T,3rd Year,A,
2026-09-17,24UAD109,ANGELIN KIRUBAWATHI T,3rd Year,P,
2026-09-18,24UAD109,ANGELIN KIRUBAWATHI T,3rd Year,P,
2026-09-21,24UAD109,ANGELIN KIRUBAWATHI T,3rd Year,P,
2026-09-22,24UAD109,ANGELIN KIRUBAWATHI T,3rd Year,P,
2026-09-23,24UAD109,ANGELIN KIRUBAWATHI T,3rd Year,P,
2026-09-24,24UAD109,ANGELIN KIRUBAWATHI T,3rd Year,P,
2026-09-25,24UAD109,ANGELIN KIRUBAWATHI T,3rd Year,P,
2026-09-28,24UAD109,ANGELIN KIRUBAWATHI T,3rd Year,P,
2026-09-29,24UAD109,ANGELIN KIRUBAWATHI T,3rd Year,P,
2026-09-30,24UAD109,ANGELIN KIRUBAWATHI T,3rd Year,P,
2026-10-01,24UAD109,ANGELIN KIRUBAWATHI T,3rd Year,P,
2026-10-05,24UAD109,ANGELIN KIRUBAWATHI T,3rd Year,P,
2026-08-03,24UAD115,ASVIKA A V S,3rd Year,P,
2026-08-05,24UAD115,ASVIKA A V S,3rd Year,P,
2026-08-06,24UAD115,ASVIKA A V S,3rd Year,P,
2026-08-07,24UAD115,ASVIKA A V S,3rd Year,P,
2026-08-10,24UAD115,ASVIKA A V S,3rd Year,P,
2026-08-11,24UAD115,ASVIKA A V S,3rd Year,A,
2026-08-12,24UAD115,ASVIKA A V S,3rd Year,P,
2026-08-13,24UAD115,ASVIKA A V S,3rd Year,P,
2026-08-14,24UAD115,ASVIKA A V S,3rd Year,P,
2026-08-17,24UAD115,ASVIKA A V S,3rd Year,P,
2026-08-18,24UAD115,ASVIKA A V S,3rd Year,P,
2026-08-19,24UAD115,ASVIKA A V S,3rd Year,P,
2026-08-21,24UAD115,ASVIKA A V S,3rd Year,P,
2026-08-24,24UAD115,ASVIKA A V S,3rd Year,P,
2026-09-10,24UAD115,ASVIKA A V S,3rd Year,P,
2026-09-11,24UAD115,ASVIKA A V S,3rd Year,P,
2026-09-15,24UAD115,ASVIKA A V S,3rd Year,P,
2026-09-16,24UAD115,ASVIKA A V S,3rd Year,P,
2026-09-17,24UAD115,ASVIKA A V S,3rd Year,P,
2026-09-18,24UAD115,ASVIKA A V S,3rd Year,P,
2026-09-21,24UAD115,ASVIKA A V S,3rd Year,P,
2026-09-22,24UAD115,ASVIKA A V S,3rd Year,P,
2026-09-23,24UAD115,ASVIKA A V S,3rd Year,P,
2026-09-24,24UAD115,ASVIKA A V S,3rd Year,P,
2026-09-25,24UAD115,ASVIKA A V S,3rd Year,P,
2026-09-28,24UAD115,ASVIKA A V S,3rd Year,P,
2026-09-29,24UAD115,ASVIKA A V S,3rd Year,P,
2026-09-30,24UAD115,ASVIKA A V S,3rd Year,P,
2026-10-01,24UAD115,ASVIKA A V S,3rd Year,P,
2026-10-05,24UAD115,ASVIKA A V S,3rd Year,P,
2026-08-03,24UAD130,GIRINATH K,3rd Year,A,
2026-08-05,24UAD130,GIRINATH K,3rd Year,P,
2026-08-06,24UAD130,GIRINATH K,3rd Year,P,
2026-08-07,24UAD130,GIRINATH K,3rd Year,P,
2026-08-10,24UAD130,GIRINATH K,3rd Year,P,
2026-08-11,24UAD130,GIRINATH K,3rd Year,A,
2026-08-12,24UAD130,GIRINATH K,3rd Year,P,
2026-08-13,24UAD130,GIRINATH K,3rd Year,P,
2026-08-14,24UAD130,GIRINATH K,3rd Year,P,
2026-08-17,24UAD130,GIRINATH K,3rd Year,P,
2026-08-18,24UAD130,GIRINATH K,3rd Year,P,
2026-08-19,24UAD130,GIRINATH K,3rd Year,P,
2026-08-21,24UAD130,GIRINATH K,3rd Year,P,
2026-08-24,24UAD130,GIRINATH K,3rd Year,P,
2026-09-10,24UAD130,GIRINATH K,3rd Year,P,
2026-09-11,24UAD130,GIRINATH K,3rd Year,P,
2026-09-15,24UAD130,GIRINATH K,3rd Year,P,
2026-09-16,24UAD130,GIRINATH K,3rd Year,P,
2026-09-17,24UAD130,GIRINATH K,3rd Year,P,
2026-09-18,24UAD130,GIRINATH K,3rd Year,P,
2026-09-21,24UAD130,GIRINATH K,3rd Year,P,
2026-09-22,24UAD130,GIRINATH K,3rd Year,P,
2026-09-23,24UAD130,GIRINATH K,3rd Year,P,
2026-09-24,24UAD130,GIRINATH K,3rd Year,P,
2026-09-25,24UAD130,GIRINATH K,3rd Year,P,
2026-09-28,24UAD130,GIRINATH K,3rd Year,A,
2026-09-29,24UAD130,GIRINATH K,3rd Year,A,
2026-09-30,24UAD130,GIRINATH K,3rd Year,P,
2026-10-01,24UAD130,GIRINATH K,3rd Year,P,
2026-10-05,24UAD130,GIRINATH K,3rd Year,A,
2026-08-03,24UAD141,JAISURYAN S,3rd Year,A,
2026-08-05,24UAD141,JAISURYAN S,3rd Year,A,
2026-08-06,24UAD141,JAISURYAN S,3rd Year,A,
2026-08-07,24UAD141,JAISURYAN S,3rd Year,A,
2026-08-10,24UAD141,JAISURYAN S,3rd Year,A,
2026-08-11,24UAD141,JAISURYAN S,3rd Year,A,
2026-08-12,24UAD141,JAISURYAN S,3rd Year,A,
2026-08-13,24UAD141,JAISURYAN S,3rd Year,A,
2026-08-14,24UAD141,JAISURYAN S,3rd Year,A,
2026-08-17,24UAD141,JAISURYAN S,3rd Year,A,
2026-08-18,24UAD141,JAISURYAN S,3rd Year,A,
2026-08-19,24UAD141,JAISURYAN S,3rd Year,A,
2026-08-21,24UAD141,JAISURYAN S,3rd Year,A,
2026-08-24,24UAD141,JAISURYAN S,3rd Year,P,
2026-09-10,24UAD141,JAISURYAN S,3rd Year,A,
2026-09-11,24UAD141,JAISURYAN S,3rd Year,A,
2026-09-15,24UAD141,JAISURYAN S,3rd Year,A,
2026-09-16,24UAD141,JAISURYAN S,3rd Year,A,
2026-09-17,24UAD141,JAISURYAN S,3rd Year,A,
2026-09-18,24UAD141,JAISURYAN S,3rd Year,A,
2026-09-21,24UAD141,JAISURYAN S,3rd Year,A,
2026-09-22,24UAD141,JAISURYAN S,3rd Year,A,
2026-09-23,24UAD141,JAISURYAN S,3rd Year,P,
2026-09-24,24UAD141,JAISURYAN S,3rd Year,A,
2026-09-25,24UAD141,JAISURYAN S,3rd Year,A,
2026-09-28,24UAD141,JAISURYAN S,3rd Year,A,
2026-09-29,24UAD141,JAISURYAN S,3rd Year,A,
2026-09-30,24UAD141,JAISURYAN S,3rd Year,A,
2026-10-01,24UAD141,JAISURYAN S,3rd Year,A,
2026-10-05,24UAD141,JAISURYAN S,3rd Year,A,
2026-08-03,24UAD148,KATHIRVEL N,3rd Year,A,
2026-08-05,24UAD148,KATHIRVEL N,3rd Year,A,
2026-08-06,24UAD148,KATHIRVEL N,3rd Year,A,
2026-08-07,24UAD148,KATHIRVEL N,3rd Year,A,
2026-08-10,24UAD148,KATHIRVEL N,3rd Year,A,
2026-08-11,24UAD148,KATHIRVEL N,3rd Year,A,
2026-08-12,24UAD148,KATHIRVEL N,3rd Year,A,
2026-08-13,24UAD148,KATHIRVEL N,3rd Year,A,
2026-08-14,24UAD148,KATHIRVEL N,3rd Year,A,
2026-08-17,24UAD148,KATHIRVEL N,3rd Year,A,
2026-08-18,24UAD148,KATHIRVEL N,3rd Year,A,
2026-08-19,24UAD148,KATHIRVEL N,3rd Year,A,
2026-08-21,24UAD148,KATHIRVEL N,3rd Year,A,
2026-08-24,24UAD148,KATHIRVEL N,3rd Year,A,
2026-09-10,24UAD148,KATHIRVEL N,3rd Year,A,
2026-09-11,24UAD148,KATHIRVEL N,3rd Year,A,
2026-09-15,24UAD148,KATHIRVEL N,3rd Year,A,
2026-09-16,24UAD148,KATHIRVEL N,3rd Year,A,
2026-09-17,24UAD148,KATHIRVEL N,3rd Year,A,
2026-09-18,24UAD148,KATHIRVEL N,3rd Year,A,
2026-09-21,24UAD148,KATHIRVEL N,3rd Year,A,
2026-09-22,24UAD148,KATHIRVEL N,3rd Year,A,
2026-09-23,24UAD148,KATHIRVEL N,3rd Year,P,
2026-09-24,24UAD148,KATHIRVEL N,3rd Year,A,
2026-09-25,24UAD148,KATHIRVEL N,3rd Year,A,
2026-09-28,24UAD148,KATHIRVEL N,3rd Year,A,
2026-09-29,24UAD148,KATHIRVEL N,3rd Year,A,
2026-09-30,24UAD148,KATHIRVEL N,3rd Year,A,
2026-10-01,24UAD148,KATHIRVEL N,3rd Year,A,
2026-10-05,24UAD148,KATHIRVEL N,3rd Year,P,
2026-08-03,24UAD153,MADHUMITHA A,3rd Year,P,
2026-08-05,24UAD153,MADHUMITHA A,3rd Year,P,
2026-08-06,24UAD153,MADHUMITHA A,3rd Year,P,
2026-08-07,24UAD153,MADHUMITHA A,3rd Year,P,
2026-08-10,24UAD153,MADHUMITHA A,3rd Year,P,
2026-08-11,24UAD153,MADHUMITHA A,3rd Year,A,
2026-08-12,24UAD153,MADHUMITHA A,3rd Year,P,
2026-08-13,24UAD153,MADHUMITHA A,3rd Year,P,
2026-08-14,24UAD153,MADHUMITHA A,3rd Year,P,
2026-08-17,24UAD153,MADHUMITHA A,3rd Year,A,
2026-08-18,24UAD153,MADHUMITHA A,3rd Year,P,
2026-08-19,24UAD153,MADHUMITHA A,3rd Year,P,
2026-08-21,24UAD153,MADHUMITHA A,3rd Year,P,
2026-08-24,24UAD153,MADHUMITHA A,3rd Year,P,
2026-09-10,24UAD153,MADHUMITHA A,3rd Year,P,
2026-09-11,24UAD153,MADHUMITHA A,3rd Year,P,
2026-09-15,24UAD153,MADHUMITHA A,3rd Year,A,
2026-09-16,24UAD153,MADHUMITHA A,3rd Year,A,
2026-09-17,24UAD153,MADHUMITHA A,3rd Year,A,
2026-09-18,24UAD153,MADHUMITHA A,3rd Year,P,
2026-09-21,24UAD153,MADHUMITHA A,3rd Year,P,
2026-09-22,24UAD153,MADHUMITHA A,3rd Year,P,
2026-09-23,24UAD153,MADHUMITHA A,3rd Year,P,
2026-09-24,24UAD153,MADHUMITHA A,3rd Year,P,
2026-09-25,24UAD153,MADHUMITHA A,3rd Year,P,
2026-09-28,24UAD153,MADHUMITHA A,3rd Year,P,
2026-09-29,24UAD153,MADHUMITHA A,3rd Year,A,
2026-09-30,24UAD153,MADHUMITHA A,3rd Year,P,
2026-10-01,24UAD153,MADHUMITHA A,3rd Year,P,
2026-10-05,24UAD153,MADHUMITHA A,3rd Year,P,
2026-08-03,24UAD160,MEGAVARSHINI G,3rd Year,P,
2026-08-05,24UAD160,MEGAVARSHINI G,3rd Year,P,
2026-08-06,24UAD160,MEGAVARSHINI G,3rd Year,P,
2026-08-07,24UAD160,MEGAVARSHINI G,3rd Year,P,
2026-08-10,24UAD160,MEGAVARSHINI G,3rd Year,P,
2026-08-11,24UAD160,MEGAVARSHINI G,3rd Year,A,
2026-08-12,24UAD160,MEGAVARSHINI G,3rd Year,P,
2026-08-13,24UAD160,MEGAVARSHINI G,3rd Year,P,
2026-08-14,24UAD160,MEGAVARSHINI G,3rd Year,P,
2026-08-17,24UAD160,MEGAVARSHINI G,3rd Year,P,
2026-08-18,24UAD160,MEGAVARSHINI G,3rd Year,P,
2026-08-19,24UAD160,MEGAVARSHINI G,3rd Year,P,
2026-08-21,24UAD160,MEGAVARSHINI G,3rd Year,P,
2026-08-24,24UAD160,MEGAVARSHINI G,3rd Year,P,
2026-09-10,24UAD160,MEGAVARSHINI G,3rd Year,A,
2026-09-11,24UAD160,MEGAVARSHINI G,3rd Year,P,
2026-09-15,24UAD160,MEGAVARSHINI G,3rd Year,P,
2026-09-16,24UAD160,MEGAVARSHINI G,3rd Year,P,
2026-09-17,24UAD160,MEGAVARSHINI G,3rd Year,P,
2026-09-18,24UAD160,MEGAVARSHINI G,3rd Year,P,
2026-09-21,24UAD160,MEGAVARSHINI G,3rd Year,P,
2026-09-22,24UAD160,MEGAVARSHINI G,3rd Year,P,
2026-09-23,24UAD160,MEGAVARSHINI G,3rd Year,P,
2026-09-24,24UAD160,MEGAVARSHINI G,3rd Year,P,
2026-09-25,24UAD160,MEGAVARSHINI G,3rd Year,P,
2026-09-28,24UAD160,MEGAVARSHINI G,3rd Year,P,
2026-09-29,24UAD160,MEGAVARSHINI G,3rd Year,P,
2026-09-30,24UAD160,MEGAVARSHINI G,3rd Year,P,
2026-10-01,24UAD160,MEGAVARSHINI G,3rd Year,P,
2026-10-05,24UAD160,MEGAVARSHINI G,3rd Year,P,
2026-08-03,24UAD161,MIRUTHULA SHREE S,3rd Year,A,
2026-08-05,24UAD161,MIRUTHULA SHREE S,3rd Year,P,
2026-08-06,24UAD161,MIRUTHULA SHREE S,3rd Year,P,
2026-08-07,24UAD161,MIRUTHULA SHREE S,3rd Year,P,
2026-08-10,24UAD161,MIRUTHULA SHREE S,3rd Year,P,
2026-08-11,24UAD161,MIRUTHULA SHREE S,3rd Year,A,
2026-08-12,24UAD161,MIRUTHULA SHREE S,3rd Year,P,
2026-08-13,24UAD161,MIRUTHULA SHREE S,3rd Year,P,
2026-08-14,24UAD161,MIRUTHULA SHREE S,3rd Year,P,
2026-08-17,24UAD161,MIRUTHULA SHREE S,3rd Year,P,
2026-08-18,24UAD161,MIRUTHULA SHREE S,3rd Year,A,
2026-08-19,24UAD161,MIRUTHULA SHREE S,3rd Year,P,
2026-08-21,24UAD161,MIRUTHULA SHREE S,3rd Year,P,
2026-08-24,24UAD161,MIRUTHULA SHREE S,3rd Year,P,
2026-09-10,24UAD161,MIRUTHULA SHREE S,3rd Year,P,
2026-09-11,24UAD161,MIRUTHULA SHREE S,3rd Year,P,
2026-09-15,24UAD161,MIRUTHULA SHREE S,3rd Year,A,
2026-09-16,24UAD161,MIRUTHULA SHREE S,3rd Year,A,
2026-09-17,24UAD161,MIRUTHULA SHREE S,3rd Year,P,
2026-09-18,24UAD161,MIRUTHULA SHREE S,3rd Year,P,
2026-09-21,24UAD161,MIRUTHULA SHREE S,3rd Year,P,
2026-09-22,24UAD161,MIRUTHULA SHREE S,3rd Year,P,
2026-09-23,24UAD161,MIRUTHULA SHREE S,3rd Year,P,
2026-09-24,24UAD161,MIRUTHULA SHREE S,3rd Year,P,
2026-09-25,24UAD161,MIRUTHULA SHREE S,3rd Year,P,
2026-09-28,24UAD161,MIRUTHULA SHREE S,3rd Year,P,
2026-09-29,24UAD161,MIRUTHULA SHREE S,3rd Year,P,
2026-09-30,24UAD161,MIRUTHULA SHREE S,3rd Year,P,
2026-10-01,24UAD161,MIRUTHULA SHREE S,3rd Year,P,
2026-10-05,24UAD161,MIRUTHULA SHREE S,3rd Year,P,
2026-08-03,24UAD232,SANJAY S,3rd Year,A,
2026-08-05,24UAD232,SANJAY S,3rd Year,P,
2026-08-06,24UAD232,SANJAY S,3rd Year,P,
2026-08-07,24UAD232,SANJAY S,3rd Year,P,
2026-08-10,24UAD232,SANJAY S,3rd Year,P,
2026-08-11,24UAD232,SANJAY S,3rd Year,A,
2026-08-12,24UAD232,SANJAY S,3rd Year,P,
2026-08-13,24UAD232,SANJAY S,3rd Year,P,
2026-08-14,24UAD232,SANJAY S,3rd Year,P,
2026-08-17,24UAD232,SANJAY S,3rd Year,P,
2026-08-18,24UAD232,SANJAY S,3rd Year,P,
2026-08-19,24UAD232,SANJAY S,3rd Year,P,
2026-08-21,24UAD232,SANJAY S,3rd Year,P,
2026-08-24,24UAD232,SANJAY S,3rd Year,P,
2026-09-10,24UAD232,SANJAY S,3rd Year,P,
2026-09-11,24UAD232,SANJAY S,3rd Year,P,
2026-09-15,24UAD232,SANJAY S,3rd Year,A,
2026-09-16,24UAD232,SANJAY S,3rd Year,A,
2026-09-17,24UAD232,SANJAY S,3rd Year,A,
2026-09-18,24UAD232,SANJAY S,3rd Year,A,
2026-09-21,24UAD232,SANJAY S,3rd Year,A,
2026-09-22,24UAD232,SANJAY S,3rd Year,P,
2026-09-23,24UAD232,SANJAY S,3rd Year,P,
2026-09-24,24UAD232,SANJAY S,3rd Year,P,
2026-09-25,24UAD232,SANJAY S,3rd Year,P,
2026-09-28,24UAD232,SANJAY S,3rd Year,P,
2026-09-29,24UAD232,SANJAY S,3rd Year,P,
2026-09-30,24UAD232,SANJAY S,3rd Year,P,
2026-10-01,24UAD232,SANJAY S,3rd Year,P,
2026-10-05,24UAD232,SANJAY S,3rd Year,A,
2026-08-03,24UAD251,TAMILARASAN S,3rd Year,P,
2026-08-05,24UAD251,TAMILARASAN S,3rd Year,P,
2026-08-06,24UAD251,TAMILARASAN S,3rd Year,P,
2026-08-07,24UAD251,TAMILARASAN S,3rd Year,P,
2026-08-10,24UAD251,TAMILARASAN S,3rd Year,P,
2026-08-11,24UAD251,TAMILARASAN S,3rd Year,A,
2026-08-12,24UAD251,TAMILARASAN S,3rd Year,P,
2026-08-13,24UAD251,TAMILARASAN S,3rd Year,P,
2026-08-14,24UAD251,TAMILARASAN S,3rd Year,P,
2026-08-17,24UAD251,TAMILARASAN S,3rd Year,A,
2026-08-18,24UAD251,TAMILARASAN S,3rd Year,P,
2026-08-19,24UAD251,TAMILARASAN S,3rd Year,A,
2026-08-21,24UAD251,TAMILARASAN S,3rd Year,A,
2026-08-24,24UAD251,TAMILARASAN S,3rd Year,A,
2026-09-10,24UAD251,TAMILARASAN S,3rd Year,P,
2026-09-11,24UAD251,TAMILARASAN S,3rd Year,P,
2026-09-15,24UAD251,TAMILARASAN S,3rd Year,P,
2026-09-16,24UAD251,TAMILARASAN S,3rd Year,A,
2026-09-17,24UAD251,TAMILARASAN S,3rd Year,A,
2026-09-18,24UAD251,TAMILARASAN S,3rd Year,A,
2026-09-21,24UAD251,TAMILARASAN S,3rd Year,A,
2026-09-22,24UAD251,TAMILARASAN S,3rd Year,P,
2026-09-23,24UAD251,TAMILARASAN S,3rd Year,P,
2026-09-24,24UAD251,TAMILARASAN S,3rd Year,P,
2026-09-25,24UAD251,TAMILARASAN S,3rd Year,A,
2026-09-28,24UAD251,TAMILARASAN S,3rd Year,A,
2026-09-29,24UAD251,TAMILARASAN S,3rd Year,P,
2026-09-30,24UAD251,TAMILARASAN S,3rd Year,A,
2026-10-01,24UAD251,TAMILARASAN S,3rd Year,A,
2026-10-05,24UAD251,TAMILARASAN S,3rd Year,A,
2026-08-03,24UAD601,BARATH T,3rd Year,P,
2026-08-05,24UAD601,BARATH T,3rd Year,P,
2026-08-06,24UAD601,BARATH T,3rd Year,P,
2026-08-07,24UAD601,BARATH T,3rd Year,P,
2026-08-10,24UAD601,BARATH T,3rd Year,P,
2026-08-11,24UAD601,BARATH T,3rd Year,A,
2026-08-12,24UAD601,BARATH T,3rd Year,P,
2026-08-13,24UAD601,BARATH T,3rd Year,P,
2026-08-14,24UAD601,BARATH T,3rd Year,A,
2026-08-17,24UAD601,BARATH T,3rd Year,A,
2026-08-18,24UAD601,BARATH T,3rd Year,A,
2026-08-19,24UAD601,BARATH T,3rd Year,A,
2026-08-21,24UAD601,BARATH T,3rd Year,P,
2026-08-24,24UAD601,BARATH T,3rd Year,P,
2026-09-10,24UAD601,BARATH T,3rd Year,P,
2026-09-11,24UAD601,BARATH T,3rd Year,P,
2026-09-15,24UAD601,BARATH T,3rd Year,P,
2026-09-16,24UAD601,BARATH T,3rd Year,P,
2026-09-17,24UAD601,BARATH T,3rd Year,P,
2026-09-18,24UAD601,BARATH T,3rd Year,P,
2026-09-21,24UAD601,BARATH T,3rd Year,P,
2026-09-22,24UAD601,BARATH T,3rd Year,P,
2026-09-23,24UAD601,BARATH T,3rd Year,P,
2026-09-24,24UAD601,BARATH T,3rd Year,P,
2026-09-25,24UAD601,BARATH T,3rd Year,A,
2026-09-28,24UAD601,BARATH T,3rd Year,P,
2026-09-29,24UAD601,BARATH T,3rd Year,A,
2026-09-30,24UAD601,BARATH T,3rd Year,A,
2026-10-01,24UAD601,BARATH T,3rd Year,P,
2026-10-05,24UAD601,BARATH T,3rd Year,P,
2026-08-03,24UAD603,KAVIN S,3rd Year,P,
2026-08-05,24UAD603,KAVIN S,3rd Year,P,
2026-08-06,24UAD603,KAVIN S,3rd Year,A,
2026-08-07,24UAD603,KAVIN S,3rd Year,P,
2026-08-10,24UAD603,KAVIN S,3rd Year,P,
2026-08-11,24UAD603,KAVIN S,3rd Year,A,
2026-08-12,24UAD603,KAVIN S,3rd Year,P,
2026-08-13,24UAD603,KAVIN S,3rd Year,P,
2026-08-14,24UAD603,KAVIN S,3rd Year,P,
2026-08-17,24UAD603,KAVIN S,3rd Year,P,
2026-08-18,24UAD603,KAVIN S,3rd Year,P,
2026-08-19,24UAD603,KAVIN S,3rd Year,P,
2026-08-21,24UAD603,KAVIN S,3rd Year,P,
2026-08-24,24UAD603,KAVIN S,3rd Year,A,
2026-09-10,24UAD603,KAVIN S,3rd Year,P,
2026-09-11,24UAD603,KAVIN S,3rd Year,P,
2026-09-15,24UAD603,KAVIN S,3rd Year,P,
2026-09-16,24UAD603,KAVIN S,3rd Year,P,
2026-09-17,24UAD603,KAVIN S,3rd Year,P,
2026-09-18,24UAD603,KAVIN S,3rd Year,P,
2026-09-21,24UAD603,KAVIN S,3rd Year,P,
2026-09-22,24UAD603,KAVIN S,3rd Year,P,
2026-09-23,24UAD603,KAVIN S,3rd Year,P,
2026-09-24,24UAD603,KAVIN S,3rd Year,P,
2026-09-25,24UAD603,KAVIN S,3rd Year,A,
2026-09-28,24UAD603,KAVIN S,3rd Year,P,
2026-09-29,24UAD603,KAVIN S,3rd Year,P,
2026-09-30,24UAD603,KAVIN S,3rd Year,P,
2026-10-01,24UAD603,KAVIN S,3rd Year,P,
2026-10-05,24UAD603,KAVIN S,3rd Year,P,
2026-08-03,24UAD604,KRISHNAN V,3rd Year,P,
2026-08-05,24UAD604,KRISHNAN V,3rd Year,P,
2026-08-06,24UAD604,KRISHNAN V,3rd Year,P,
2026-08-07,24UAD604,KRISHNAN V,3rd Year,P,
2026-08-10,24UAD604,KRISHNAN V,3rd Year,P,
2026-08-11,24UAD604,KRISHNAN V,3rd Year,A,
2026-08-12,24UAD604,KRISHNAN V,3rd Year,P,
2026-08-13,24UAD604,KRISHNAN V,3rd Year,P,
2026-08-14,24UAD604,KRISHNAN V,3rd Year,P,
2026-08-17,24UAD604,KRISHNAN V,3rd Year,A,
2026-08-18,24UAD604,KRISHNAN V,3rd Year,A,
2026-08-19,24UAD604,KRISHNAN V,3rd Year,A,
2026-08-21,24UAD604,KRISHNAN V,3rd Year,P,
2026-08-24,24UAD604,KRISHNAN V,3rd Year,P,
2026-09-10,24UAD604,KRISHNAN V,3rd Year,P,
2026-09-11,24UAD604,KRISHNAN V,3rd Year,P,
2026-09-15,24UAD604,KRISHNAN V,3rd Year,P,
2026-09-16,24UAD604,KRISHNAN V,3rd Year,A,
2026-09-17,24UAD604,KRISHNAN V,3rd Year,P,
2026-09-18,24UAD604,KRISHNAN V,3rd Year,P,
2026-09-21,24UAD604,KRISHNAN V,3rd Year,P,
2026-09-22,24UAD604,KRISHNAN V,3rd Year,P,
2026-09-23,24UAD604,KRISHNAN V,3rd Year,P,
2026-09-24,24UAD604,KRISHNAN V,3rd Year,P,
2026-09-25,24UAD604,KRISHNAN V,3rd Year,A,
2026-09-28,24UAD604,KRISHNAN V,3rd Year,P,
2026-09-29,24UAD604,KRISHNAN V,3rd Year,P,
2026-09-30,24UAD604,KRISHNAN V,3rd Year,P,
2026-10-01,24UAD604,KRISHNAN V,3rd Year,P,
2026-10-05,24UAD604,KRISHNAN V,3rd Year,P,
2026-08-03,24UAD605,MOULIDHARAN D S,3rd Year,P,
2026-08-05,24UAD605,MOULIDHARAN D S,3rd Year,P,
2026-08-06,24UAD605,MOULIDHARAN D S,3rd Year,A,
2026-08-07,24UAD605,MOULIDHARAN D S,3rd Year,P,
2026-08-10,24UAD605,MOULIDHARAN D S,3rd Year,P,
2026-08-11,24UAD605,MOULIDHARAN D S,3rd Year,P,
2026-08-12,24UAD605,MOULIDHARAN D S,3rd Year,A,
2026-08-13,24UAD605,MOULIDHARAN D S,3rd Year,A,
2026-08-14,24UAD605,MOULIDHARAN D S,3rd Year,A,
2026-08-17,24UAD605,MOULIDHARAN D S,3rd Year,P,
2026-08-18,24UAD605,MOULIDHARAN D S,3rd Year,A,
2026-08-19,24UAD605,MOULIDHARAN D S,3rd Year,P,
2026-08-21,24UAD605,MOULIDHARAN D S,3rd Year,P,
2026-08-24,24UAD605,MOULIDHARAN D S,3rd Year,P,
2026-09-10,24UAD605,MOULIDHARAN D S,3rd Year,P,
2026-09-11,24UAD605,MOULIDHARAN D S,3rd Year,P,
2026-09-15,24UAD605,MOULIDHARAN D S,3rd Year,P,
2026-09-16,24UAD605,MOULIDHARAN D S,3rd Year,P,
2026-09-17,24UAD605,MOULIDHARAN D S,3rd Year,P,
2026-09-18,24UAD605,MOULIDHARAN D S,3rd Year,P,
2026-09-21,24UAD605,MOULIDHARAN D S,3rd Year,P,
2026-09-22,24UAD605,MOULIDHARAN D S,3rd Year,P,
2026-09-23,24UAD605,MOULIDHARAN D S,3rd Year,P,
2026-09-24,24UAD605,MOULIDHARAN D S,3rd Year,P,
2026-09-25,24UAD605,MOULIDHARAN D S,3rd Year,P,
2026-09-28,24UAD605,MOULIDHARAN D S,3rd Year,P,
2026-09-29,24UAD605,MOULIDHARAN D S,3rd Year,P,
2026-09-30,24UAD605,MOULIDHARAN D S,3rd Year,P,
2026-10-01,24UAD605,MOULIDHARAN D S,3rd Year,P,
2026-10-05,24UAD605,MOULIDHARAN D S,3rd Year,P,
2026-08-03,24UAD606,NANDHA KUMAR M,3rd Year,P,
2026-08-05,24UAD606,NANDHA KUMAR M,3rd Year,P,
2026-08-06,24UAD606,NANDHA KUMAR M,3rd Year,P,
2026-08-07,24UAD606,NANDHA KUMAR M,3rd Year,P,
2026-08-10,24UAD606,NANDHA KUMAR M,3rd Year,P,
2026-08-11,24UAD606,NANDHA KUMAR M,3rd Year,A,
2026-08-12,24UAD606,NANDHA KUMAR M,3rd Year,P,
2026-08-13,24UAD606,NANDHA KUMAR M,3rd Year,P,
2026-08-14,24UAD606,NANDHA KUMAR M,3rd Year,P,
2026-08-17,24UAD606,NANDHA KUMAR M,3rd Year,P,
2026-08-18,24UAD606,NANDHA KUMAR M,3rd Year,P,
2026-08-19,24UAD606,NANDHA KUMAR M,3rd Year,A,
2026-08-21,24UAD606,NANDHA KUMAR M,3rd Year,A,
2026-08-24,24UAD606,NANDHA KUMAR M,3rd Year,P,
2026-09-10,24UAD606,NANDHA KUMAR M,3rd Year,P,
2026-09-11,24UAD606,NANDHA KUMAR M,3rd Year,P,
2026-09-15,24UAD606,NANDHA KUMAR M,3rd Year,P,
2026-09-16,24UAD606,NANDHA KUMAR M,3rd Year,A,
2026-09-17,24UAD606,NANDHA KUMAR M,3rd Year,P,
2026-09-18,24UAD606,NANDHA KUMAR M,3rd Year,P,
2026-09-21,24UAD606,NANDHA KUMAR M,3rd Year,P,
2026-09-22,24UAD606,NANDHA KUMAR M,3rd Year,P,
2026-09-23,24UAD606,NANDHA KUMAR M,3rd Year,P,
2026-09-24,24UAD606,NANDHA KUMAR M,3rd Year,P,
2026-09-25,24UAD606,NANDHA KUMAR M,3rd Year,P,
2026-09-28,24UAD606,NANDHA KUMAR M,3rd Year,P,
2026-09-29,24UAD606,NANDHA KUMAR M,3rd Year,P,
2026-09-30,24UAD606,NANDHA KUMAR M,3rd Year,P,
2026-10-01,24UAD606,NANDHA KUMAR M,3rd Year,P,
2026-10-05,24UAD606,NANDHA KUMAR M,3rd Year,P,
2026-08-03,24UAD608,SIVAPRASATH P,3rd Year,A,
2026-08-05,24UAD608,SIVAPRASATH P,3rd Year,P,
2026-08-06,24UAD608,SIVAPRASATH P,3rd Year,P,
2026-08-07,24UAD608,SIVAPRASATH P,3rd Year,P,
2026-08-10,24UAD608,SIVAPRASATH P,3rd Year,P,
2026-08-11,24UAD608,SIVAPRASATH P,3rd Year,A,
2026-08-12,24UAD608,SIVAPRASATH P,3rd Year,P,
2026-08-13,24UAD608,SIVAPRASATH P,3rd Year,P,
2026-08-14,24UAD608,SIVAPRASATH P,3rd Year,P,
2026-08-17,24UAD608,SIVAPRASATH P,3rd Year,P,
2026-08-18,24UAD608,SIVAPRASATH P,3rd Year,P,
2026-08-19,24UAD608,SIVAPRASATH P,3rd Year,P,
2026-08-21,24UAD608,SIVAPRASATH P,3rd Year,P,
2026-08-24,24UAD608,SIVAPRASATH P,3rd Year,P,
2026-09-10,24UAD608,SIVAPRASATH P,3rd Year,A,
2026-09-11,24UAD608,SIVAPRASATH P,3rd Year,P,
2026-09-15,24UAD608,SIVAPRASATH P,3rd Year,P,
2026-09-16,24UAD608,SIVAPRASATH P,3rd Year,P,
2026-09-17,24UAD608,SIVAPRASATH P,3rd Year,P,
2026-09-18,24UAD608,SIVAPRASATH P,3rd Year,P,
2026-09-21,24UAD608,SIVAPRASATH P,3rd Year,P,
2026-09-22,24UAD608,SIVAPRASATH P,3rd Year,P,
2026-09-23,24UAD608,SIVAPRASATH P,3rd Year,P,
2026-09-24,24UAD608,SIVAPRASATH P,3rd Year,P,
2026-09-25,24UAD608,SIVAPRASATH P,3rd Year,A,
2026-09-28,24UAD608,SIVAPRASATH P,3rd Year,P,
2026-09-29,24UAD608,SIVAPRASATH P,3rd Year,P,
2026-09-30,24UAD608,SIVAPRASATH P,3rd Year,P,
2026-10-01,24UAD608,SIVAPRASATH P,3rd Year,P,
2026-10-05,24UAD608,SIVAPRASATH P,3rd Year,P,
2026-08-03,24UAD609,SREEJITH S,3rd Year,P,
2026-08-05,24UAD609,SREEJITH S,3rd Year,P,
2026-08-06,24UAD609,SREEJITH S,3rd Year,P,
2026-08-07,24UAD609,SREEJITH S,3rd Year,P,
2026-08-10,24UAD609,SREEJITH S,3rd Year,P,
2026-08-11,24UAD609,SREEJITH S,3rd Year,A,
2026-08-12,24UAD609,SREEJITH S,3rd Year,P,
2026-08-13,24UAD609,SREEJITH S,3rd Year,P,
2026-08-14,24UAD609,SREEJITH S,3rd Year,P,
2026-08-17,24UAD609,SREEJITH S,3rd Year,P,
2026-08-18,24UAD609,SREEJITH S,3rd Year,P,
2026-08-19,24UAD609,SREEJITH S,3rd Year,A,
2026-08-21,24UAD609,SREEJITH S,3rd Year,P,
2026-08-24,24UAD609,SREEJITH S,3rd Year,P,
2026-09-10,24UAD609,SREEJITH S,3rd Year,P,
2026-09-11,24UAD609,SREEJITH S,3rd Year,P,
2026-09-15,24UAD609,SREEJITH S,3rd Year,P,
2026-09-16,24UAD609,SREEJITH S,3rd Year,P,
2026-09-17,24UAD609,SREEJITH S,3rd Year,P,
2026-09-18,24UAD609,SREEJITH S,3rd Year,P,
2026-09-21,24UAD609,SREEJITH S,3rd Year,P,
2026-09-22,24UAD609,SREEJITH S,3rd Year,P,
2026-09-23,24UAD609,SREEJITH S,3rd Year,P,
2026-09-24,24UAD609,SREEJITH S,3rd Year,P,
2026-09-25,24UAD609,SREEJITH S,3rd Year,A,
2026-09-28,24UAD609,SREEJITH S,3rd Year,P,
2026-09-29,24UAD609,SREEJITH S,3rd Year,P,
2026-09-30,24UAD609,SREEJITH S,3rd Year,P,
2026-10-01,24UAD609,SREEJITH S,3rd Year,P,
2026-10-05,24UAD609,SREEJITH S,3rd Year,P,
2026-08-03,24UAD610,VENKATESH S,3rd Year,P,
2026-08-05,24UAD610,VENKATESH S,3rd Year,P,
2026-08-06,24UAD610,VENKATESH S,3rd Year,P,
2026-08-07,24UAD610,VENKATESH S,3rd Year,P,
2026-08-10,24UAD610,VENKATESH S,3rd Year,P,
2026-08-11,24UAD610,VENKATESH S,3rd Year,A,
2026-08-12,24UAD610,VENKATESH S,3rd Year,P,
2026-08-13,24UAD610,VENKATESH S,3rd Year,P,
2026-08-14,24UAD610,VENKATESH S,3rd Year,P,
2026-08-17,24UAD610,VENKATESH S,3rd Year,A,
2026-08-18,24UAD610,VENKATESH S,3rd Year,P,
2026-08-19,24UAD610,VENKATESH S,3rd Year,A,
2026-08-21,24UAD610,VENKATESH S,3rd Year,A,
2026-08-24,24UAD610,VENKATESH S,3rd Year,P,
2026-09-10,24UAD610,VENKATESH S,3rd Year,P,
2026-09-11,24UAD610,VENKATESH S,3rd Year,P,
2026-09-15,24UAD610,VENKATESH S,3rd Year,P,
2026-09-16,24UAD610,VENKATESH S,3rd Year,P,
2026-09-17,24UAD610,VENKATESH S,3rd Year,P,
2026-09-18,24UAD610,VENKATESH S,3rd Year,P,
2026-09-21,24UAD610,VENKATESH S,3rd Year,P,
2026-09-22,24UAD610,VENKATESH S,3rd Year,P,
2026-09-23,24UAD610,VENKATESH S,3rd Year,A,
2026-09-24,24UAD610,VENKATESH S,3rd Year,P,
2026-09-25,24UAD610,VENKATESH S,3rd Year,A,
2026-09-28,24UAD610,VENKATESH S,3rd Year,P,
2026-09-29,24UAD610,VENKATESH S,3rd Year,P,
2026-09-30,24UAD610,VENKATESH S,3rd Year,P,
2026-10-01,24UAD610,VENKATESH S,3rd Year,P,
2026-10-05,24UAD610,VENKATESH S,3rd Year,P,
2026-08-03,24UCB102,ABHIRAM H,3rd Year,P,
2026-08-05,24UCB102,ABHIRAM H,3rd Year,P,
2026-08-06,24UCB102,ABHIRAM H,3rd Year,P,
2026-08-07,24UCB102,ABHIRAM H,3rd Year,P,
2026-08-10,24UCB102,ABHIRAM H,3rd Year,P,
2026-08-11,24UCB102,ABHIRAM H,3rd Year,A,
2026-08-12,24UCB102,ABHIRAM H,3rd Year,A,
2026-08-13,24UCB102,ABHIRAM H,3rd Year,P,
2026-08-14,24UCB102,ABHIRAM H,3rd Year,P,
2026-08-17,24UCB102,ABHIRAM H,3rd Year,A,
2026-08-18,24UCB102,ABHIRAM H,3rd Year,P,
2026-08-19,24UCB102,ABHIRAM H,3rd Year,A,
2026-08-21,24UCB102,ABHIRAM H,3rd Year,A,
2026-08-24,24UCB102,ABHIRAM H,3rd Year,P,
2026-09-10,24UCB102,ABHIRAM H,3rd Year,P,
2026-09-11,24UCB102,ABHIRAM H,3rd Year,P,
2026-09-15,24UCB102,ABHIRAM H,3rd Year,P,
2026-09-16,24UCB102,ABHIRAM H,3rd Year,A,
2026-09-17,24UCB102,ABHIRAM H,3rd Year,P,
2026-09-18,24UCB102,ABHIRAM H,3rd Year,P,
2026-09-21,24UCB102,ABHIRAM H,3rd Year,P,
2026-09-22,24UCB102,ABHIRAM H,3rd Year,P,
2026-09-23,24UCB102,ABHIRAM H,3rd Year,P,
2026-09-24,24UCB102,ABHIRAM H,3rd Year,A,
2026-09-25,24UCB102,ABHIRAM H,3rd Year,A,
2026-09-28,24UCB102,ABHIRAM H,3rd Year,A,
2026-09-29,24UCB102,ABHIRAM H,3rd Year,A,
2026-09-30,24UCB102,ABHIRAM H,3rd Year,P,
2026-10-01,24UCB102,ABHIRAM H,3rd Year,A,
2026-10-05,24UCB102,ABHIRAM H,3rd Year,P,
2026-08-03,24UCB142,RITTY ANN VARGHESE,3rd Year,P,
2026-08-05,24UCB142,RITTY ANN VARGHESE,3rd Year,P,
2026-08-06,24UCB142,RITTY ANN VARGHESE,3rd Year,P,
2026-08-07,24UCB142,RITTY ANN VARGHESE,3rd Year,P,
2026-08-10,24UCB142,RITTY ANN VARGHESE,3rd Year,P,
2026-08-11,24UCB142,RITTY ANN VARGHESE,3rd Year,A,
2026-08-12,24UCB142,RITTY ANN VARGHESE,3rd Year,P,
2026-08-13,24UCB142,RITTY ANN VARGHESE,3rd Year,A,
2026-08-14,24UCB142,RITTY ANN VARGHESE,3rd Year,A,
2026-08-17,24UCB142,RITTY ANN VARGHESE,3rd Year,P,
2026-08-18,24UCB142,RITTY ANN VARGHESE,3rd Year,P,
2026-08-19,24UCB142,RITTY ANN VARGHESE,3rd Year,P,
2026-08-21,24UCB142,RITTY ANN VARGHESE,3rd Year,P,
2026-08-24,24UCB142,RITTY ANN VARGHESE,3rd Year,P,
2026-09-10,24UCB142,RITTY ANN VARGHESE,3rd Year,A,
2026-09-11,24UCB142,RITTY ANN VARGHESE,3rd Year,A,
2026-09-15,24UCB142,RITTY ANN VARGHESE,3rd Year,P,
2026-09-16,24UCB142,RITTY ANN VARGHESE,3rd Year,P,
2026-09-17,24UCB142,RITTY ANN VARGHESE,3rd Year,P,
2026-09-18,24UCB142,RITTY ANN VARGHESE,3rd Year,P,
2026-09-21,24UCB142,RITTY ANN VARGHESE,3rd Year,P,
2026-09-22,24UCB142,RITTY ANN VARGHESE,3rd Year,P,
2026-09-23,24UCB142,RITTY ANN VARGHESE,3rd Year,A,
2026-09-24,24UCB142,RITTY ANN VARGHESE,3rd Year,P,
2026-09-25,24UCB142,RITTY ANN VARGHESE,3rd Year,P,
2026-09-28,24UCB142,RITTY ANN VARGHESE,3rd Year,P,
2026-09-29,24UCB142,RITTY ANN VARGHESE,3rd Year,P,
2026-09-30,24UCB142,RITTY ANN VARGHESE,3rd Year,P,
2026-10-01,24UCB142,RITTY ANN VARGHESE,3rd Year,P,
2026-10-05,24UCB142,RITTY ANN VARGHESE,3rd Year,P,
2026-08-03,24UCS142,JEFFREY SHALOM J,3rd Year,P,
2026-08-05,24UCS142,JEFFREY SHALOM J,3rd Year,P,
2026-08-06,24UCS142,JEFFREY SHALOM J,3rd Year,P,
2026-08-07,24UCS142,JEFFREY SHALOM J,3rd Year,P,
2026-08-10,24UCS142,JEFFREY SHALOM J,3rd Year,P,
2026-08-11,24UCS142,JEFFREY SHALOM J,3rd Year,A,
2026-08-12,24UCS142,JEFFREY SHALOM J,3rd Year,P,
2026-08-13,24UCS142,JEFFREY SHALOM J,3rd Year,P,
2026-08-14,24UCS142,JEFFREY SHALOM J,3rd Year,P,
2026-08-17,24UCS142,JEFFREY SHALOM J,3rd Year,P,
2026-08-18,24UCS142,JEFFREY SHALOM J,3rd Year,P,
2026-08-19,24UCS142,JEFFREY SHALOM J,3rd Year,A,
2026-08-21,24UCS142,JEFFREY SHALOM J,3rd Year,A,
2026-08-24,24UCS142,JEFFREY SHALOM J,3rd Year,A,
2026-09-10,24UCS142,JEFFREY SHALOM J,3rd Year,A,
2026-09-11,24UCS142,JEFFREY SHALOM J,3rd Year,A,
2026-09-15,24UCS142,JEFFREY SHALOM J,3rd Year,A,
2026-09-16,24UCS142,JEFFREY SHALOM J,3rd Year,A,
2026-09-17,24UCS142,JEFFREY SHALOM J,3rd Year,A,
2026-09-18,24UCS142,JEFFREY SHALOM J,3rd Year,A,
2026-09-21,24UCS142,JEFFREY SHALOM J,3rd Year,A,
2026-09-22,24UCS142,JEFFREY SHALOM J,3rd Year,A,
2026-09-23,24UCS142,JEFFREY SHALOM J,3rd Year,A,
2026-09-24,24UCS142,JEFFREY SHALOM J,3rd Year,A,
2026-09-25,24UCS142,JEFFREY SHALOM J,3rd Year,A,
2026-09-28,24UCS142,JEFFREY SHALOM J,3rd Year,A,
2026-09-29,24UCS142,JEFFREY SHALOM J,3rd Year,A,
2026-09-30,24UCS142,JEFFREY SHALOM J,3rd Year,A,
2026-10-01,24UCS142,JEFFREY SHALOM J,3rd Year,A,
2026-10-05,24UCS142,JEFFREY SHALOM J,3rd Year,A,
2026-08-03,24UCS206,NAVADEEP R,3rd Year,A,
2026-08-05,24UCS206,NAVADEEP R,3rd Year,P,
2026-08-06,24UCS206,NAVADEEP R,3rd Year,P,
2026-08-07,24UCS206,NAVADEEP R,3rd Year,P,
2026-08-10,24UCS206,NAVADEEP R,3rd Year,P,
2026-08-11,24UCS206,NAVADEEP R,3rd Year,A,
2026-08-12,24UCS206,NAVADEEP R,3rd Year,P,
2026-08-13,24UCS206,NAVADEEP R,3rd Year,P,
2026-08-14,24UCS206,NAVADEEP R,3rd Year,P,
2026-08-17,24UCS206,NAVADEEP R,3rd Year,A,
2026-08-18,24UCS206,NAVADEEP R,3rd Year,P,
2026-08-19,24UCS206,NAVADEEP R,3rd Year,P,
2026-08-21,24UCS206,NAVADEEP R,3rd Year,P,
2026-08-24,24UCS206,NAVADEEP R,3rd Year,A,
2026-09-10,24UCS206,NAVADEEP R,3rd Year,P,
2026-09-11,24UCS206,NAVADEEP R,3rd Year,P,
2026-09-15,24UCS206,NAVADEEP R,3rd Year,A,
2026-09-16,24UCS206,NAVADEEP R,3rd Year,A,
2026-09-17,24UCS206,NAVADEEP R,3rd Year,A,
2026-09-18,24UCS206,NAVADEEP R,3rd Year,P,
2026-09-21,24UCS206,NAVADEEP R,3rd Year,P,
2026-09-22,24UCS206,NAVADEEP R,3rd Year,P,
2026-09-23,24UCS206,NAVADEEP R,3rd Year,P,
2026-09-24,24UCS206,NAVADEEP R,3rd Year,P,
2026-09-25,24UCS206,NAVADEEP R,3rd Year,A,
2026-09-28,24UCS206,NAVADEEP R,3rd Year,P,
2026-09-29,24UCS206,NAVADEEP R,3rd Year,P,
2026-09-30,24UCS206,NAVADEEP R,3rd Year,P,
2026-10-01,24UCS206,NAVADEEP R,3rd Year,P,
2026-10-05,24UCS206,NAVADEEP R,3rd Year,P,
2026-08-03,24UCS210,NITHIKA S,3rd Year,A,
2026-08-05,24UCS210,NITHIKA S,3rd Year,A,
2026-08-06,24UCS210,NITHIKA S,3rd Year,P,
2026-08-07,24UCS210,NITHIKA S,3rd Year,P,
2026-08-10,24UCS210,NITHIKA S,3rd Year,P,
2026-08-11,24UCS210,NITHIKA S,3rd Year,A,
2026-08-12,24UCS210,NITHIKA S,3rd Year,P,
2026-08-13,24UCS210,NITHIKA S,3rd Year,P,
2026-08-14,24UCS210,NITHIKA S,3rd Year,P,
2026-08-17,24UCS210,NITHIKA S,3rd Year,P,
2026-08-18,24UCS210,NITHIKA S,3rd Year,P,
2026-08-19,24UCS210,NITHIKA S,3rd Year,P,
2026-08-21,24UCS210,NITHIKA S,3rd Year,P,
2026-08-24,24UCS210,NITHIKA S,3rd Year,P,
2026-09-10,24UCS210,NITHIKA S,3rd Year,P,
2026-09-11,24UCS210,NITHIKA S,3rd Year,P,
2026-09-15,24UCS210,NITHIKA S,3rd Year,P,
2026-09-16,24UCS210,NITHIKA S,3rd Year,P,
2026-09-17,24UCS210,NITHIKA S,3rd Year,P,
2026-09-18,24UCS210,NITHIKA S,3rd Year,P,
2026-09-21,24UCS210,NITHIKA S,3rd Year,P,
2026-09-22,24UCS210,NITHIKA S,3rd Year,P,
2026-09-23,24UCS210,NITHIKA S,3rd Year,P,
2026-09-24,24UCS210,NITHIKA S,3rd Year,P,
2026-09-25,24UCS210,NITHIKA S,3rd Year,P,
2026-09-28,24UCS210,NITHIKA S,3rd Year,P,
2026-09-29,24UCS210,NITHIKA S,3rd Year,P,
2026-09-30,24UCS210,NITHIKA S,3rd Year,P,
2026-10-01,24UCS210,NITHIKA S,3rd Year,P,
2026-10-05,24UCS210,NITHIKA S,3rd Year,P,
2026-08-03,24UCS213,PRAVIN RAJA M,3rd Year,P,
2026-08-05,24UCS213,PRAVIN RAJA M,3rd Year,P,
2026-08-06,24UCS213,PRAVIN RAJA M,3rd Year,P,
2026-08-07,24UCS213,PRAVIN RAJA M,3rd Year,P,
2026-08-10,24UCS213,PRAVIN RAJA M,3rd Year,P,
2026-08-11,24UCS213,PRAVIN RAJA M,3rd Year,A,
2026-08-12,24UCS213,PRAVIN RAJA M,3rd Year,P,
2026-08-13,24UCS213,PRAVIN RAJA M,3rd Year,P,
2026-08-14,24UCS213,PRAVIN RAJA M,3rd Year,P,
2026-08-17,24UCS213,PRAVIN RAJA M,3rd Year,P,
2026-08-18,24UCS213,PRAVIN RAJA M,3rd Year,P,
2026-08-19,24UCS213,PRAVIN RAJA M,3rd Year,P,
2026-08-21,24UCS213,PRAVIN RAJA M,3rd Year,P,
2026-08-24,24UCS213,PRAVIN RAJA M,3rd Year,A,
2026-09-10,24UCS213,PRAVIN RAJA M,3rd Year,P,
2026-09-11,24UCS213,PRAVIN RAJA M,3rd Year,P,
2026-09-15,24UCS213,PRAVIN RAJA M,3rd Year,P,
2026-09-16,24UCS213,PRAVIN RAJA M,3rd Year,P,
2026-09-17,24UCS213,PRAVIN RAJA M,3rd Year,P,
2026-09-18,24UCS213,PRAVIN RAJA M,3rd Year,P,
2026-09-21,24UCS213,PRAVIN RAJA M,3rd Year,P,
2026-09-22,24UCS213,PRAVIN RAJA M,3rd Year,P,
2026-09-23,24UCS213,PRAVIN RAJA M,3rd Year,P,
2026-09-24,24UCS213,PRAVIN RAJA M,3rd Year,P,
2026-09-25,24UCS213,PRAVIN RAJA M,3rd Year,A,
2026-09-28,24UCS213,PRAVIN RAJA M,3rd Year,P,
2026-09-29,24UCS213,PRAVIN RAJA M,3rd Year,P,
2026-09-30,24UCS213,PRAVIN RAJA M,3rd Year,P,
2026-10-01,24UCS213,PRAVIN RAJA M,3rd Year,P,
2026-10-05,24UCS213,PRAVIN RAJA M,3rd Year,P,
2026-08-03,24UCS228,Samasthuti,3rd Year,P,
2026-08-05,24UCS228,Samasthuti,3rd Year,P,
2026-08-06,24UCS228,Samasthuti,3rd Year,A,
2026-08-07,24UCS228,Samasthuti,3rd Year,P,
2026-08-10,24UCS228,Samasthuti,3rd Year,P,
2026-08-11,24UCS228,Samasthuti,3rd Year,A,
2026-08-12,24UCS228,Samasthuti,3rd Year,P,
2026-08-13,24UCS228,Samasthuti,3rd Year,P,
2026-08-14,24UCS228,Samasthuti,3rd Year,P,
2026-08-17,24UCS228,Samasthuti,3rd Year,P,
2026-08-18,24UCS228,Samasthuti,3rd Year,P,
2026-08-19,24UCS228,Samasthuti,3rd Year,P,
2026-08-21,24UCS228,Samasthuti,3rd Year,A,
2026-08-24,24UCS228,Samasthuti,3rd Year,A,
2026-09-10,24UCS228,Samasthuti,3rd Year,P,
2026-09-11,24UCS228,Samasthuti,3rd Year,P,
2026-09-15,24UCS228,Samasthuti,3rd Year,P,
2026-09-16,24UCS228,Samasthuti,3rd Year,P,
2026-09-17,24UCS228,Samasthuti,3rd Year,P,
2026-09-18,24UCS228,Samasthuti,3rd Year,P,
2026-09-21,24UCS228,Samasthuti,3rd Year,P,
2026-09-22,24UCS228,Samasthuti,3rd Year,P,
2026-09-23,24UCS228,Samasthuti,3rd Year,P,
2026-09-24,24UCS228,Samasthuti,3rd Year,P,
2026-09-25,24UCS228,Samasthuti,3rd Year,P,
2026-09-28,24UCS228,Samasthuti,3rd Year,P,
2026-09-29,24UCS228,Samasthuti,3rd Year,P,
2026-09-30,24UCS228,Samasthuti,3rd Year,P,
2026-10-01,24UCS228,Samasthuti,3rd Year,P,
2026-10-05,24UCS228,Samasthuti,3rd Year,P,
2026-08-03,24UCS245,SRIDHAR M,3rd Year,P,
2026-08-05,24UCS245,SRIDHAR M,3rd Year,P,
2026-08-06,24UCS245,SRIDHAR M,3rd Year,P,
2026-08-07,24UCS245,SRIDHAR M,3rd Year,P,
2026-08-10,24UCS245,SRIDHAR M,3rd Year,A,
2026-08-11,24UCS245,SRIDHAR M,3rd Year,A,
2026-08-12,24UCS245,SRIDHAR M,3rd Year,A,
2026-08-13,24UCS245,SRIDHAR M,3rd Year,P,
2026-08-14,24UCS245,SRIDHAR M,3rd Year,P,
2026-08-17,24UCS245,SRIDHAR M,3rd Year,P,
2026-08-18,24UCS245,SRIDHAR M,3rd Year,A,
2026-08-19,24UCS245,SRIDHAR M,3rd Year,P,
2026-08-21,24UCS245,SRIDHAR M,3rd Year,P,
2026-08-24,24UCS245,SRIDHAR M,3rd Year,P,
2026-09-10,24UCS245,SRIDHAR M,3rd Year,P,
2026-09-11,24UCS245,SRIDHAR M,3rd Year,P,
2026-09-15,24UCS245,SRIDHAR M,3rd Year,P,
2026-09-16,24UCS245,SRIDHAR M,3rd Year,P,
2026-09-17,24UCS245,SRIDHAR M,3rd Year,P,
2026-09-18,24UCS245,SRIDHAR M,3rd Year,P,
2026-09-21,24UCS245,SRIDHAR M,3rd Year,P,
2026-09-22,24UCS245,SRIDHAR M,3rd Year,P,
2026-09-23,24UCS245,SRIDHAR M,3rd Year,P,
2026-09-24,24UCS245,SRIDHAR M,3rd Year,P,
2026-09-25,24UCS245,SRIDHAR M,3rd Year,A,
2026-09-28,24UCS245,SRIDHAR M,3rd Year,P,
2026-09-29,24UCS245,SRIDHAR M,3rd Year,P,
2026-09-30,24UCS245,SRIDHAR M,3rd Year,P,
2026-10-01,24UCS245,SRIDHAR M,3rd Year,P,
2026-10-05,24UCS245,SRIDHAR M,3rd Year,P,
2026-08-03,24UCS251,SUDHARSAN S,3rd Year,P,
2026-08-05,24UCS251,SUDHARSAN S,3rd Year,P,
2026-08-06,24UCS251,SUDHARSAN S,3rd Year,P,
2026-08-07,24UCS251,SUDHARSAN S,3rd Year,P,
2026-08-10,24UCS251,SUDHARSAN S,3rd Year,P,
2026-08-11,24UCS251,SUDHARSAN S,3rd Year,A,
2026-08-12,24UCS251,SUDHARSAN S,3rd Year,P,
2026-08-13,24UCS251,SUDHARSAN S,3rd Year,P,
2026-08-14,24UCS251,SUDHARSAN S,3rd Year,P,
2026-08-17,24UCS251,SUDHARSAN S,3rd Year,P,
2026-08-18,24UCS251,SUDHARSAN S,3rd Year,P,
2026-08-19,24UCS251,SUDHARSAN S,3rd Year,P,
2026-08-21,24UCS251,SUDHARSAN S,3rd Year,P,
2026-08-24,24UCS251,SUDHARSAN S,3rd Year,P,
2026-09-10,24UCS251,SUDHARSAN S,3rd Year,P,
2026-09-11,24UCS251,SUDHARSAN S,3rd Year,P,
2026-09-15,24UCS251,SUDHARSAN S,3rd Year,P,
2026-09-16,24UCS251,SUDHARSAN S,3rd Year,P,
2026-09-17,24UCS251,SUDHARSAN S,3rd Year,A,
2026-09-18,24UCS251,SUDHARSAN S,3rd Year,A,
2026-09-21,24UCS251,SUDHARSAN S,3rd Year,P,
2026-09-22,24UCS251,SUDHARSAN S,3rd Year,P,
2026-09-23,24UCS251,SUDHARSAN S,3rd Year,P,
2026-09-24,24UCS251,SUDHARSAN S,3rd Year,P,
2026-09-25,24UCS251,SUDHARSAN S,3rd Year,A,
2026-09-28,24UCS251,SUDHARSAN S,3rd Year,P,
2026-09-29,24UCS251,SUDHARSAN S,3rd Year,P,
2026-09-30,24UCS251,SUDHARSAN S,3rd Year,P,
2026-10-01,24UCS251,SUDHARSAN S,3rd Year,P,
2026-10-05,24UCS251,SUDHARSAN S,3rd Year,P,
2026-08-03,24UCS253,SWETHA P,3rd Year,A,
2026-08-05,24UCS253,SWETHA P,3rd Year,P,
2026-08-06,24UCS253,SWETHA P,3rd Year,P,
2026-08-07,24UCS253,SWETHA P,3rd Year,P,
2026-08-10,24UCS253,SWETHA P,3rd Year,P,
2026-08-11,24UCS253,SWETHA P,3rd Year,A,
2026-08-12,24UCS253,SWETHA P,3rd Year,P,
2026-08-13,24UCS253,SWETHA P,3rd Year,P,
2026-08-14,24UCS253,SWETHA P,3rd Year,P,
2026-08-17,24UCS253,SWETHA P,3rd Year,P,
2026-08-18,24UCS253,SWETHA P,3rd Year,A,
2026-08-19,24UCS253,SWETHA P,3rd Year,P,
2026-08-21,24UCS253,SWETHA P,3rd Year,P,
2026-08-24,24UCS253,SWETHA P,3rd Year,P,
2026-09-10,24UCS253,SWETHA P,3rd Year,P,
2026-09-11,24UCS253,SWETHA P,3rd Year,P,
2026-09-15,24UCS253,SWETHA P,3rd Year,A,
2026-09-16,24UCS253,SWETHA P,3rd Year,A,
2026-09-17,24UCS253,SWETHA P,3rd Year,A,
2026-09-18,24UCS253,SWETHA P,3rd Year,P,
2026-09-21,24UCS253,SWETHA P,3rd Year,P,
2026-09-22,24UCS253,SWETHA P,3rd Year,P,
2026-09-23,24UCS253,SWETHA P,3rd Year,P,
2026-09-24,24UCS253,SWETHA P,3rd Year,P,
2026-09-25,24UCS253,SWETHA P,3rd Year,A,
2026-09-28,24UCS253,SWETHA P,3rd Year,P,
2026-09-29,24UCS253,SWETHA P,3rd Year,P,
2026-09-30,24UCS253,SWETHA P,3rd Year,P,
2026-10-01,24UCS253,SWETHA P,3rd Year,P,
2026-10-05,24UCS253,SWETHA P,3rd Year,P,
2026-08-03,24UCY107,ASWATH G,3rd Year,A,
2026-08-05,24UCY107,ASWATH G,3rd Year,P,
2026-08-06,24UCY107,ASWATH G,3rd Year,A,
2026-08-07,24UCY107,ASWATH G,3rd Year,P,
2026-08-10,24UCY107,ASWATH G,3rd Year,A,
2026-08-11,24UCY107,ASWATH G,3rd Year,A,
2026-08-12,24UCY107,ASWATH G,3rd Year,A,
2026-08-13,24UCY107,ASWATH G,3rd Year,A,
2026-08-14,24UCY107,ASWATH G,3rd Year,A,
2026-08-17,24UCY107,ASWATH G,3rd Year,P,
2026-08-18,24UCY107,ASWATH G,3rd Year,A,
2026-08-19,24UCY107,ASWATH G,3rd Year,P,
2026-08-21,24UCY107,ASWATH G,3rd Year,A,
2026-08-24,24UCY107,ASWATH G,3rd Year,P,
2026-09-10,24UCY107,ASWATH G,3rd Year,P,
2026-09-11,24UCY107,ASWATH G,3rd Year,P,
2026-09-15,24UCY107,ASWATH G,3rd Year,P,
2026-09-16,24UCY107,ASWATH G,3rd Year,P,
2026-09-17,24UCY107,ASWATH G,3rd Year,P,
2026-09-18,24UCY107,ASWATH G,3rd Year,A,
2026-09-21,24UCY107,ASWATH G,3rd Year,P,
2026-09-22,24UCY107,ASWATH G,3rd Year,P,
2026-09-23,24UCY107,ASWATH G,3rd Year,P,
2026-09-24,24UCY107,ASWATH G,3rd Year,P,
2026-09-25,24UCY107,ASWATH G,3rd Year,A,
2026-09-28,24UCY107,ASWATH G,3rd Year,P,
2026-09-29,24UCY107,ASWATH G,3rd Year,P,
2026-09-30,24UCY107,ASWATH G,3rd Year,P,
2026-10-01,24UCY107,ASWATH G,3rd Year,P,
2026-10-05,24UCY107,ASWATH G,3rd Year,P,
2026-08-03,24UCY116,JEYAKRISHNA G,3rd Year,P,
2026-08-05,24UCY116,JEYAKRISHNA G,3rd Year,P,
2026-08-06,24UCY116,JEYAKRISHNA G,3rd Year,P,
2026-08-07,24UCY116,JEYAKRISHNA G,3rd Year,P,
2026-08-10,24UCY116,JEYAKRISHNA G,3rd Year,P,
2026-08-11,24UCY116,JEYAKRISHNA G,3rd Year,A,
2026-08-12,24UCY116,JEYAKRISHNA G,3rd Year,P,
2026-08-13,24UCY116,JEYAKRISHNA G,3rd Year,P,
2026-08-14,24UCY116,JEYAKRISHNA G,3rd Year,A,
2026-08-17,24UCY116,JEYAKRISHNA G,3rd Year,A,
2026-08-18,24UCY116,JEYAKRISHNA G,3rd Year,P,
2026-08-19,24UCY116,JEYAKRISHNA G,3rd Year,A,
2026-08-21,24UCY116,JEYAKRISHNA G,3rd Year,A,
2026-08-24,24UCY116,JEYAKRISHNA G,3rd Year,A,
2026-09-10,24UCY116,JEYAKRISHNA G,3rd Year,P,
2026-09-11,24UCY116,JEYAKRISHNA G,3rd Year,P,
2026-09-15,24UCY116,JEYAKRISHNA G,3rd Year,P,
2026-09-16,24UCY116,JEYAKRISHNA G,3rd Year,P,
2026-09-17,24UCY116,JEYAKRISHNA G,3rd Year,P,
2026-09-18,24UCY116,JEYAKRISHNA G,3rd Year,A,
2026-09-21,24UCY116,JEYAKRISHNA G,3rd Year,P,
2026-09-22,24UCY116,JEYAKRISHNA G,3rd Year,P,
2026-09-23,24UCY116,JEYAKRISHNA G,3rd Year,P,
2026-09-24,24UCY116,JEYAKRISHNA G,3rd Year,A,
2026-09-25,24UCY116,JEYAKRISHNA G,3rd Year,P,
2026-09-28,24UCY116,JEYAKRISHNA G,3rd Year,A,
2026-09-29,24UCY116,JEYAKRISHNA G,3rd Year,A,
2026-09-30,24UCY116,JEYAKRISHNA G,3rd Year,A,
2026-10-01,24UCY116,JEYAKRISHNA G,3rd Year,A,
2026-10-05,24UCY116,JEYAKRISHNA G,3rd Year,P,
2026-08-03,24UCY122,LAKSHAN KUMARESH V D,3rd Year,P,
2026-08-05,24UCY122,LAKSHAN KUMARESH V D,3rd Year,P,
2026-08-06,24UCY122,LAKSHAN KUMARESH V D,3rd Year,P,
2026-08-07,24UCY122,LAKSHAN KUMARESH V D,3rd Year,P,
2026-08-10,24UCY122,LAKSHAN KUMARESH V D,3rd Year,A,
2026-08-11,24UCY122,LAKSHAN KUMARESH V D,3rd Year,A,
2026-08-12,24UCY122,LAKSHAN KUMARESH V D,3rd Year,P,
2026-08-13,24UCY122,LAKSHAN KUMARESH V D,3rd Year,P,
2026-08-14,24UCY122,LAKSHAN KUMARESH V D,3rd Year,P,
2026-08-17,24UCY122,LAKSHAN KUMARESH V D,3rd Year,P,
2026-08-18,24UCY122,LAKSHAN KUMARESH V D,3rd Year,P,
2026-08-19,24UCY122,LAKSHAN KUMARESH V D,3rd Year,A,
2026-08-21,24UCY122,LAKSHAN KUMARESH V D,3rd Year,A,
2026-08-24,24UCY122,LAKSHAN KUMARESH V D,3rd Year,A,
2026-09-10,24UCY122,LAKSHAN KUMARESH V D,3rd Year,P,
2026-09-11,24UCY122,LAKSHAN KUMARESH V D,3rd Year,P,
2026-09-15,24UCY122,LAKSHAN KUMARESH V D,3rd Year,P,
2026-09-16,24UCY122,LAKSHAN KUMARESH V D,3rd Year,P,
2026-09-17,24UCY122,LAKSHAN KUMARESH V D,3rd Year,P,
2026-09-18,24UCY122,LAKSHAN KUMARESH V D,3rd Year,P,
2026-09-21,24UCY122,LAKSHAN KUMARESH V D,3rd Year,P,
2026-09-22,24UCY122,LAKSHAN KUMARESH V D,3rd Year,P,
2026-09-23,24UCY122,LAKSHAN KUMARESH V D,3rd Year,P,
2026-09-24,24UCY122,LAKSHAN KUMARESH V D,3rd Year,P,
2026-09-25,24UCY122,LAKSHAN KUMARESH V D,3rd Year,P,
2026-09-28,24UCY122,LAKSHAN KUMARESH V D,3rd Year,P,
2026-09-29,24UCY122,LAKSHAN KUMARESH V D,3rd Year,P,
2026-09-30,24UCY122,LAKSHAN KUMARESH V D,3rd Year,P,
2026-10-01,24UCY122,LAKSHAN KUMARESH V D,3rd Year,P,
2026-10-05,24UCY122,LAKSHAN KUMARESH V D,3rd Year,P,
2026-08-03,24UCY123,LALITH KUMAR V P,3rd Year,A,
2026-08-05,24UCY123,LALITH KUMAR V P,3rd Year,A,
2026-08-06,24UCY123,LALITH KUMAR V P,3rd Year,P,
2026-08-07,24UCY123,LALITH KUMAR V P,3rd Year,A,
2026-08-10,24UCY123,LALITH KUMAR V P,3rd Year,P,
2026-08-11,24UCY123,LALITH KUMAR V P,3rd Year,A,
2026-08-12,24UCY123,LALITH KUMAR V P,3rd Year,P,
2026-08-13,24UCY123,LALITH KUMAR V P,3rd Year,A,
2026-08-14,24UCY123,LALITH KUMAR V P,3rd Year,P,
2026-08-17,24UCY123,LALITH KUMAR V P,3rd Year,P,
2026-08-18,24UCY123,LALITH KUMAR V P,3rd Year,P,
2026-08-19,24UCY123,LALITH KUMAR V P,3rd Year,P,
2026-08-21,24UCY123,LALITH KUMAR V P,3rd Year,A,
2026-08-24,24UCY123,LALITH KUMAR V P,3rd Year,P,
2026-09-10,24UCY123,LALITH KUMAR V P,3rd Year,P,
2026-09-11,24UCY123,LALITH KUMAR V P,3rd Year,P,
2026-09-15,24UCY123,LALITH KUMAR V P,3rd Year,A,
2026-09-16,24UCY123,LALITH KUMAR V P,3rd Year,A,
2026-09-17,24UCY123,LALITH KUMAR V P,3rd Year,P,
2026-09-18,24UCY123,LALITH KUMAR V P,3rd Year,P,
2026-09-21,24UCY123,LALITH KUMAR V P,3rd Year,P,
2026-09-22,24UCY123,LALITH KUMAR V P,3rd Year,P,
2026-09-23,24UCY123,LALITH KUMAR V P,3rd Year,P,
2026-09-24,24UCY123,LALITH KUMAR V P,3rd Year,P,
2026-09-25,24UCY123,LALITH KUMAR V P,3rd Year,P,
2026-09-28,24UCY123,LALITH KUMAR V P,3rd Year,P,
2026-09-29,24UCY123,LALITH KUMAR V P,3rd Year,P,
2026-09-30,24UCY123,LALITH KUMAR V P,3rd Year,P,
2026-10-01,24UCY123,LALITH KUMAR V P,3rd Year,P,
2026-10-05,24UCY123,LALITH KUMAR V P,3rd Year,A,
2026-08-03,24UCY124,LOGA MUMMOORTHI S,3rd Year,P,
2026-08-05,24UCY124,LOGA MUMMOORTHI S,3rd Year,P,
2026-08-06,24UCY124,LOGA MUMMOORTHI S,3rd Year,P,
2026-08-07,24UCY124,LOGA MUMMOORTHI S,3rd Year,P,
2026-08-10,24UCY124,LOGA MUMMOORTHI S,3rd Year,P,
2026-08-11,24UCY124,LOGA MUMMOORTHI S,3rd Year,A,
2026-08-12,24UCY124,LOGA MUMMOORTHI S,3rd Year,P,
2026-08-13,24UCY124,LOGA MUMMOORTHI S,3rd Year,P,
2026-08-14,24UCY124,LOGA MUMMOORTHI S,3rd Year,P,
2026-08-17,24UCY124,LOGA MUMMOORTHI S,3rd Year,P,
2026-08-18,24UCY124,LOGA MUMMOORTHI S,3rd Year,A,
2026-08-19,24UCY124,LOGA MUMMOORTHI S,3rd Year,A,
2026-08-21,24UCY124,LOGA MUMMOORTHI S,3rd Year,A,
2026-08-24,24UCY124,LOGA MUMMOORTHI S,3rd Year,P,
2026-09-10,24UCY124,LOGA MUMMOORTHI S,3rd Year,P,
2026-09-11,24UCY124,LOGA MUMMOORTHI S,3rd Year,P,
2026-09-15,24UCY124,LOGA MUMMOORTHI S,3rd Year,P,
2026-09-16,24UCY124,LOGA MUMMOORTHI S,3rd Year,P,
2026-09-17,24UCY124,LOGA MUMMOORTHI S,3rd Year,P,
2026-09-18,24UCY124,LOGA MUMMOORTHI S,3rd Year,A,
2026-09-21,24UCY124,LOGA MUMMOORTHI S,3rd Year,P,
2026-09-22,24UCY124,LOGA MUMMOORTHI S,3rd Year,P,
2026-09-23,24UCY124,LOGA MUMMOORTHI S,3rd Year,P,
2026-09-24,24UCY124,LOGA MUMMOORTHI S,3rd Year,P,
2026-09-25,24UCY124,LOGA MUMMOORTHI S,3rd Year,P,
2026-09-28,24UCY124,LOGA MUMMOORTHI S,3rd Year,P,
2026-09-29,24UCY124,LOGA MUMMOORTHI S,3rd Year,P,
2026-09-30,24UCY124,LOGA MUMMOORTHI S,3rd Year,P,
2026-10-01,24UCY124,LOGA MUMMOORTHI S,3rd Year,P,
2026-10-05,24UCY124,LOGA MUMMOORTHI S,3rd Year,P,
2026-08-03,24UCY135,PIRIYADHARSHINI L K,3rd Year,P,
2026-08-05,24UCY135,PIRIYADHARSHINI L K,3rd Year,P,
2026-08-06,24UCY135,PIRIYADHARSHINI L K,3rd Year,P,
2026-08-07,24UCY135,PIRIYADHARSHINI L K,3rd Year,P,
2026-08-10,24UCY135,PIRIYADHARSHINI L K,3rd Year,P,
2026-08-11,24UCY135,PIRIYADHARSHINI L K,3rd Year,P,
2026-08-12,24UCY135,PIRIYADHARSHINI L K,3rd Year,P,
2026-08-13,24UCY135,PIRIYADHARSHINI L K,3rd Year,P,
2026-08-14,24UCY135,PIRIYADHARSHINI L K,3rd Year,P,
2026-08-17,24UCY135,PIRIYADHARSHINI L K,3rd Year,P,
2026-08-18,24UCY135,PIRIYADHARSHINI L K,3rd Year,P,
2026-08-19,24UCY135,PIRIYADHARSHINI L K,3rd Year,P,
2026-08-21,24UCY135,PIRIYADHARSHINI L K,3rd Year,P,
2026-08-24,24UCY135,PIRIYADHARSHINI L K,3rd Year,P,
2026-09-10,24UCY135,PIRIYADHARSHINI L K,3rd Year,P,
2026-09-11,24UCY135,PIRIYADHARSHINI L K,3rd Year,P,
2026-09-15,24UCY135,PIRIYADHARSHINI L K,3rd Year,P,
2026-09-16,24UCY135,PIRIYADHARSHINI L K,3rd Year,P,
2026-09-17,24UCY135,PIRIYADHARSHINI L K,3rd Year,A,
2026-09-18,24UCY135,PIRIYADHARSHINI L K,3rd Year,A,
2026-09-21,24UCY135,PIRIYADHARSHINI L K,3rd Year,P,
2026-09-22,24UCY135,PIRIYADHARSHINI L K,3rd Year,P,
2026-09-23,24UCY135,PIRIYADHARSHINI L K,3rd Year,P,
2026-09-24,24UCY135,PIRIYADHARSHINI L K,3rd Year,P,
2026-09-25,24UCY135,PIRIYADHARSHINI L K,3rd Year,P,
2026-09-28,24UCY135,PIRIYADHARSHINI L K,3rd Year,P,
2026-09-29,24UCY135,PIRIYADHARSHINI L K,3rd Year,P,
2026-09-30,24UCY135,PIRIYADHARSHINI L K,3rd Year,P,
2026-10-01,24UCY135,PIRIYADHARSHINI L K,3rd Year,P,
2026-10-05,24UCY135,PIRIYADHARSHINI L K,3rd Year,P,
2026-08-03,24UCY138,PRASAATH S,3rd Year,P,
2026-08-05,24UCY138,PRASAATH S,3rd Year,P,
2026-08-06,24UCY138,PRASAATH S,3rd Year,P,
2026-08-07,24UCY138,PRASAATH S,3rd Year,P,
2026-08-10,24UCY138,PRASAATH S,3rd Year,P,
2026-08-11,24UCY138,PRASAATH S,3rd Year,P,
2026-08-12,24UCY138,PRASAATH S,3rd Year,P,
2026-08-13,24UCY138,PRASAATH S,3rd Year,P,
2026-08-14,24UCY138,PRASAATH S,3rd Year,P,
2026-08-17,24UCY138,PRASAATH S,3rd Year,P,
2026-08-18,24UCY138,PRASAATH S,3rd Year,P,
2026-08-19,24UCY138,PRASAATH S,3rd Year,P,
2026-08-21,24UCY138,PRASAATH S,3rd Year,P,
2026-08-24,24UCY138,PRASAATH S,3rd Year,P,
2026-09-07,24UCY138,PRASAATH S,3rd Year,OD,
2026-09-10,24UCY138,PRASAATH S,3rd Year,P,
2026-09-11,24UCY138,PRASAATH S,3rd Year,P,
2026-09-15,24UCY138,PRASAATH S,3rd Year,P,
2026-09-16,24UCY138,PRASAATH S,3rd Year,P,
2026-09-17,24UCY138,PRASAATH S,3rd Year,A,
2026-09-18,24UCY138,PRASAATH S,3rd Year,A,
2026-09-21,24UCY138,PRASAATH S,3rd Year,P,
2026-09-22,24UCY138,PRASAATH S,3rd Year,P,
2026-09-23,24UCY138,PRASAATH S,3rd Year,P,
2026-09-24,24UCY138,PRASAATH S,3rd Year,A,
2026-09-25,24UCY138,PRASAATH S,3rd Year,P,
2026-09-28,24UCY138,PRASAATH S,3rd Year,P,
2026-09-29,24UCY138,PRASAATH S,3rd Year,P,
2026-09-30,24UCY138,PRASAATH S,3rd Year,P,
2026-10-01,24UCY138,PRASAATH S,3rd Year,P,
2026-10-05,24UCY138,PRASAATH S,3rd Year,P,
2026-08-03,24UCY142,RITHISH S,3rd Year,P,
2026-08-05,24UCY142,RITHISH S,3rd Year,P,
2026-08-06,24UCY142,RITHISH S,3rd Year,P,
2026-08-07,24UCY142,RITHISH S,3rd Year,P,
2026-08-10,24UCY142,RITHISH S,3rd Year,P,
2026-08-11,24UCY142,RITHISH S,3rd Year,A,
2026-08-12,24UCY142,RITHISH S,3rd Year,P,
2026-08-13,24UCY142,RITHISH S,3rd Year,A,
2026-08-14,24UCY142,RITHISH S,3rd Year,P,
2026-08-17,24UCY142,RITHISH S,3rd Year,P,
2026-08-18,24UCY142,RITHISH S,3rd Year,A,
2026-08-19,24UCY142,RITHISH S,3rd Year,A,
2026-08-21,24UCY142,RITHISH S,3rd Year,A,
2026-08-24,24UCY142,RITHISH S,3rd Year,P,
2026-09-10,24UCY142,RITHISH S,3rd Year,P,
2026-09-11,24UCY142,RITHISH S,3rd Year,P,
2026-09-15,24UCY142,RITHISH S,3rd Year,A,
2026-09-16,24UCY142,RITHISH S,3rd Year,P,
2026-09-17,24UCY142,RITHISH S,3rd Year,P,
2026-09-18,24UCY142,RITHISH S,3rd Year,P,
2026-09-21,24UCY142,RITHISH S,3rd Year,P,
2026-09-22,24UCY142,RITHISH S,3rd Year,P,
2026-09-23,24UCY142,RITHISH S,3rd Year,P,
2026-09-24,24UCY142,RITHISH S,3rd Year,A,
2026-09-25,24UCY142,RITHISH S,3rd Year,A,
2026-09-28,24UCY142,RITHISH S,3rd Year,P,
2026-09-29,24UCY142,RITHISH S,3rd Year,P,
2026-09-30,24UCY142,RITHISH S,3rd Year,P,
2026-10-01,24UCY142,RITHISH S,3rd Year,P,
2026-10-05,24UCY142,RITHISH S,3rd Year,P,
2026-08-03,24UCY152,SOWNDHAR D,3rd Year,P,
2026-08-05,24UCY152,SOWNDHAR D,3rd Year,P,
2026-08-06,24UCY152,SOWNDHAR D,3rd Year,A,
2026-08-07,24UCY152,SOWNDHAR D,3rd Year,P,
2026-08-10,24UCY152,SOWNDHAR D,3rd Year,P,
2026-08-11,24UCY152,SOWNDHAR D,3rd Year,A,
2026-08-12,24UCY152,SOWNDHAR D,3rd Year,P,
2026-08-13,24UCY152,SOWNDHAR D,3rd Year,P,
2026-08-14,24UCY152,SOWNDHAR D,3rd Year,A,
2026-08-17,24UCY152,SOWNDHAR D,3rd Year,A,
2026-08-18,24UCY152,SOWNDHAR D,3rd Year,A,
2026-08-19,24UCY152,SOWNDHAR D,3rd Year,A,
2026-08-21,24UCY152,SOWNDHAR D,3rd Year,A,
2026-08-24,24UCY152,SOWNDHAR D,3rd Year,A,
2026-09-10,24UCY152,SOWNDHAR D,3rd Year,P,
2026-09-11,24UCY152,SOWNDHAR D,3rd Year,P,
2026-09-15,24UCY152,SOWNDHAR D,3rd Year,A,
2026-09-16,24UCY152,SOWNDHAR D,3rd Year,A,
2026-09-17,24UCY152,SOWNDHAR D,3rd Year,A,
2026-09-18,24UCY152,SOWNDHAR D,3rd Year,A,
2026-09-21,24UCY152,SOWNDHAR D,3rd Year,P,
2026-09-22,24UCY152,SOWNDHAR D,3rd Year,P,
2026-09-23,24UCY152,SOWNDHAR D,3rd Year,A,
2026-09-24,24UCY152,SOWNDHAR D,3rd Year,A,
2026-09-25,24UCY152,SOWNDHAR D,3rd Year,P,
2026-09-28,24UCY152,SOWNDHAR D,3rd Year,A,
2026-09-29,24UCY152,SOWNDHAR D,3rd Year,A,
2026-09-30,24UCY152,SOWNDHAR D,3rd Year,A,
2026-10-01,24UCY152,SOWNDHAR D,3rd Year,A,
2026-10-05,24UCY152,SOWNDHAR D,3rd Year,A,
2026-08-03,24UCY163,ZUVAIRIYA SHIFA S,3rd Year,A,
2026-08-05,24UCY163,ZUVAIRIYA SHIFA S,3rd Year,P,
2026-08-06,24UCY163,ZUVAIRIYA SHIFA S,3rd Year,P,
2026-08-07,24UCY163,ZUVAIRIYA SHIFA S,3rd Year,P,
2026-08-10,24UCY163,ZUVAIRIYA SHIFA S,3rd Year,P,
2026-08-11,24UCY163,ZUVAIRIYA SHIFA S,3rd Year,A,
2026-08-12,24UCY163,ZUVAIRIYA SHIFA S,3rd Year,P,
2026-08-13,24UCY163,ZUVAIRIYA SHIFA S,3rd Year,A,
2026-08-14,24UCY163,ZUVAIRIYA SHIFA S,3rd Year,P,
2026-08-17,24UCY163,ZUVAIRIYA SHIFA S,3rd Year,A,
2026-08-18,24UCY163,ZUVAIRIYA SHIFA S,3rd Year,P,
2026-08-19,24UCY163,ZUVAIRIYA SHIFA S,3rd Year,A,
2026-08-21,24UCY163,ZUVAIRIYA SHIFA S,3rd Year,A,
2026-08-24,24UCY163,ZUVAIRIYA SHIFA S,3rd Year,P,
2026-09-10,24UCY163,ZUVAIRIYA SHIFA S,3rd Year,P,
2026-09-11,24UCY163,ZUVAIRIYA SHIFA S,3rd Year,P,
2026-09-15,24UCY163,ZUVAIRIYA SHIFA S,3rd Year,A,
2026-09-16,24UCY163,ZUVAIRIYA SHIFA S,3rd Year,P,
2026-09-17,24UCY163,ZUVAIRIYA SHIFA S,3rd Year,P,
2026-09-18,24UCY163,ZUVAIRIYA SHIFA S,3rd Year,P,
2026-09-21,24UCY163,ZUVAIRIYA SHIFA S,3rd Year,P,
2026-09-22,24UCY163,ZUVAIRIYA SHIFA S,3rd Year,P,
2026-09-23,24UCY163,ZUVAIRIYA SHIFA S,3rd Year,P,
2026-09-24,24UCY163,ZUVAIRIYA SHIFA S,3rd Year,A,
2026-09-25,24UCY163,ZUVAIRIYA SHIFA S,3rd Year,A,
2026-09-28,24UCY163,ZUVAIRIYA SHIFA S,3rd Year,P,
2026-09-29,24UCY163,ZUVAIRIYA SHIFA S,3rd Year,P,
2026-09-30,24UCY163,ZUVAIRIYA SHIFA S,3rd Year,P,
2026-10-01,24UCY163,ZUVAIRIYA SHIFA S,3rd Year,P,
2026-10-05,24UCY163,ZUVAIRIYA SHIFA S,3rd Year,P,
2026-08-03,24UCY603,PRANETH S,3rd Year,A,
2026-08-05,24UCY603,PRANETH S,3rd Year,P,
2026-08-06,24UCY603,PRANETH S,3rd Year,P,
2026-08-07,24UCY603,PRANETH S,3rd Year,P,
2026-08-10,24UCY603,PRANETH S,3rd Year,P,
2026-08-11,24UCY603,PRANETH S,3rd Year,A,
2026-08-12,24UCY603,PRANETH S,3rd Year,P,
2026-08-13,24UCY603,PRANETH S,3rd Year,P,
2026-08-14,24UCY603,PRANETH S,3rd Year,P,
2026-08-17,24UCY603,PRANETH S,3rd Year,P,
2026-08-18,24UCY603,PRANETH S,3rd Year,P,
2026-08-19,24UCY603,PRANETH S,3rd Year,P,
2026-08-21,24UCY603,PRANETH S,3rd Year,A,
2026-08-24,24UCY603,PRANETH S,3rd Year,A,
2026-09-10,24UCY603,PRANETH S,3rd Year,P,
2026-09-11,24UCY603,PRANETH S,3rd Year,P,
2026-09-15,24UCY603,PRANETH S,3rd Year,P,
2026-09-16,24UCY603,PRANETH S,3rd Year,A,
2026-09-17,24UCY603,PRANETH S,3rd Year,P,
2026-09-18,24UCY603,PRANETH S,3rd Year,P,
2026-09-21,24UCY603,PRANETH S,3rd Year,P,
2026-09-22,24UCY603,PRANETH S,3rd Year,P,
2026-09-23,24UCY603,PRANETH S,3rd Year,P,
2026-09-24,24UCY603,PRANETH S,3rd Year,P,
2026-09-25,24UCY603,PRANETH S,3rd Year,P,
2026-09-28,24UCY603,PRANETH S,3rd Year,P,
2026-09-29,24UCY603,PRANETH S,3rd Year,P,
2026-09-30,24UCY603,PRANETH S,3rd Year,P,
2026-10-01,24UCY603,PRANETH S,3rd Year,P,
2026-10-05,24UCY603,PRANETH S,3rd Year,P,
2026-08-03,24UCY605,YUVANESH S,3rd Year,P,
2026-08-05,24UCY605,YUVANESH S,3rd Year,P,
2026-08-06,24UCY605,YUVANESH S,3rd Year,P,
2026-08-07,24UCY605,YUVANESH S,3rd Year,P,
2026-08-10,24UCY605,YUVANESH S,3rd Year,P,
2026-08-11,24UCY605,YUVANESH S,3rd Year,A,
2026-08-12,24UCY605,YUVANESH S,3rd Year,P,
2026-08-13,24UCY605,YUVANESH S,3rd Year,P,
2026-08-14,24UCY605,YUVANESH S,3rd Year,A,
2026-08-17,24UCY605,YUVANESH S,3rd Year,A,
2026-08-18,24UCY605,YUVANESH S,3rd Year,P,
2026-08-19,24UCY605,YUVANESH S,3rd Year,P,
2026-08-21,24UCY605,YUVANESH S,3rd Year,A,
2026-08-24,24UCY605,YUVANESH S,3rd Year,P,
2026-09-10,24UCY605,YUVANESH S,3rd Year,A,
2026-09-11,24UCY605,YUVANESH S,3rd Year,P,
2026-09-15,24UCY605,YUVANESH S,3rd Year,A,
2026-09-16,24UCY605,YUVANESH S,3rd Year,A,
2026-09-17,24UCY605,YUVANESH S,3rd Year,P,
2026-09-18,24UCY605,YUVANESH S,3rd Year,P,
2026-09-21,24UCY605,YUVANESH S,3rd Year,P,
2026-09-22,24UCY605,YUVANESH S,3rd Year,A,
2026-09-23,24UCY605,YUVANESH S,3rd Year,A,
2026-09-24,24UCY605,YUVANESH S,3rd Year,A,
2026-09-25,24UCY605,YUVANESH S,3rd Year,A,
2026-09-28,24UCY605,YUVANESH S,3rd Year,A,
2026-09-29,24UCY605,YUVANESH S,3rd Year,A,
2026-09-30,24UCY605,YUVANESH S,3rd Year,A,
2026-10-01,24UCY605,YUVANESH S,3rd Year,A,
2026-10-05,24UCY605,YUVANESH S,3rd Year,A,
2026-08-03,24UEC124,DEEPAK M,3rd Year,A,
2026-08-05,24UEC124,DEEPAK M,3rd Year,P,
2026-08-06,24UEC124,DEEPAK M,3rd Year,P,
2026-08-07,24UEC124,DEEPAK M,3rd Year,P,
2026-08-10,24UEC124,DEEPAK M,3rd Year,P,
2026-08-11,24UEC124,DEEPAK M,3rd Year,A,
2026-08-12,24UEC124,DEEPAK M,3rd Year,P,
2026-08-13,24UEC124,DEEPAK M,3rd Year,P,
2026-08-14,24UEC124,DEEPAK M,3rd Year,P,
2026-08-17,24UEC124,DEEPAK M,3rd Year,P,
2026-08-18,24UEC124,DEEPAK M,3rd Year,A,
2026-08-19,24UEC124,DEEPAK M,3rd Year,P,
2026-08-21,24UEC124,DEEPAK M,3rd Year,P,
2026-08-24,24UEC124,DEEPAK M,3rd Year,P,
2026-09-10,24UEC124,DEEPAK M,3rd Year,P,
2026-09-11,24UEC124,DEEPAK M,3rd Year,P,
2026-09-15,24UEC124,DEEPAK M,3rd Year,A,
2026-09-16,24UEC124,DEEPAK M,3rd Year,P,
2026-09-17,24UEC124,DEEPAK M,3rd Year,P,
2026-09-18,24UEC124,DEEPAK M,3rd Year,P,
2026-09-21,24UEC124,DEEPAK M,3rd Year,P,
2026-09-22,24UEC124,DEEPAK M,3rd Year,P,
2026-09-23,24UEC124,DEEPAK M,3rd Year,P,
2026-09-24,24UEC124,DEEPAK M,3rd Year,P,
2026-09-25,24UEC124,DEEPAK M,3rd Year,P,
2026-09-28,24UEC124,DEEPAK M,3rd Year,P,
2026-09-29,24UEC124,DEEPAK M,3rd Year,P,
2026-09-30,24UEC124,DEEPAK M,3rd Year,P,
2026-10-01,24UEC124,DEEPAK M,3rd Year,A,
2026-10-05,24UEC124,DEEPAK M,3rd Year,P,
2026-08-03,24UEC138,JANAMEJAY M,3rd Year,P,
2026-08-05,24UEC138,JANAMEJAY M,3rd Year,P,
2026-08-06,24UEC138,JANAMEJAY M,3rd Year,P,
2026-08-07,24UEC138,JANAMEJAY M,3rd Year,P,
2026-08-10,24UEC138,JANAMEJAY M,3rd Year,P,
2026-08-11,24UEC138,JANAMEJAY M,3rd Year,A,
2026-08-12,24UEC138,JANAMEJAY M,3rd Year,P,
2026-08-13,24UEC138,JANAMEJAY M,3rd Year,P,
2026-08-14,24UEC138,JANAMEJAY M,3rd Year,A,
2026-08-17,24UEC138,JANAMEJAY M,3rd Year,P,
2026-08-18,24UEC138,JANAMEJAY M,3rd Year,A,
2026-08-19,24UEC138,JANAMEJAY M,3rd Year,P,
2026-08-21,24UEC138,JANAMEJAY M,3rd Year,A,
2026-08-24,24UEC138,JANAMEJAY M,3rd Year,P,
2026-09-10,24UEC138,JANAMEJAY M,3rd Year,P,
2026-09-11,24UEC138,JANAMEJAY M,3rd Year,P,
2026-09-15,24UEC138,JANAMEJAY M,3rd Year,A,
2026-09-16,24UEC138,JANAMEJAY M,3rd Year,A,
2026-09-17,24UEC138,JANAMEJAY M,3rd Year,A,
2026-09-18,24UEC138,JANAMEJAY M,3rd Year,P,
2026-09-21,24UEC138,JANAMEJAY M,3rd Year,A,
2026-09-22,24UEC138,JANAMEJAY M,3rd Year,P,
2026-09-23,24UEC138,JANAMEJAY M,3rd Year,P,
2026-09-24,24UEC138,JANAMEJAY M,3rd Year,P,
2026-09-25,24UEC138,JANAMEJAY M,3rd Year,A,
2026-09-28,24UEC138,JANAMEJAY M,3rd Year,A,
2026-09-29,24UEC138,JANAMEJAY M,3rd Year,A,
2026-09-30,24UEC138,JANAMEJAY M,3rd Year,A,
2026-10-01,24UEC138,JANAMEJAY M,3rd Year,A,
2026-10-05,24UEC138,JANAMEJAY M,3rd Year,A,
2026-08-03,24UEC143,KARTHICK RAJA R,3rd Year,A,
2026-08-05,24UEC143,KARTHICK RAJA R,3rd Year,P,
2026-08-06,24UEC143,KARTHICK RAJA R,3rd Year,P,
2026-08-07,24UEC143,KARTHICK RAJA R,3rd Year,P,
2026-08-10,24UEC143,KARTHICK RAJA R,3rd Year,P,
2026-08-11,24UEC143,KARTHICK RAJA R,3rd Year,A,
2026-08-12,24UEC143,KARTHICK RAJA R,3rd Year,P,
2026-08-13,24UEC143,KARTHICK RAJA R,3rd Year,P,
2026-08-14,24UEC143,KARTHICK RAJA R,3rd Year,P,
2026-08-17,24UEC143,KARTHICK RAJA R,3rd Year,P,
2026-08-18,24UEC143,KARTHICK RAJA R,3rd Year,P,
2026-08-19,24UEC143,KARTHICK RAJA R,3rd Year,P,
2026-08-21,24UEC143,KARTHICK RAJA R,3rd Year,P,
2026-08-24,24UEC143,KARTHICK RAJA R,3rd Year,P,
2026-09-10,24UEC143,KARTHICK RAJA R,3rd Year,P,
2026-09-11,24UEC143,KARTHICK RAJA R,3rd Year,P,
2026-09-15,24UEC143,KARTHICK RAJA R,3rd Year,P,
2026-09-16,24UEC143,KARTHICK RAJA R,3rd Year,P,
2026-09-17,24UEC143,KARTHICK RAJA R,3rd Year,P,
2026-09-18,24UEC143,KARTHICK RAJA R,3rd Year,P,
2026-09-21,24UEC143,KARTHICK RAJA R,3rd Year,A,
2026-09-22,24UEC143,KARTHICK RAJA R,3rd Year,P,
2026-09-23,24UEC143,KARTHICK RAJA R,3rd Year,P,
2026-09-24,24UEC143,KARTHICK RAJA R,3rd Year,P,
2026-09-25,24UEC143,KARTHICK RAJA R,3rd Year,P,
2026-09-28,24UEC143,KARTHICK RAJA R,3rd Year,P,
2026-09-29,24UEC143,KARTHICK RAJA R,3rd Year,P,
2026-09-30,24UEC143,KARTHICK RAJA R,3rd Year,P,
2026-10-01,24UEC143,KARTHICK RAJA R,3rd Year,A,
2026-10-05,24UEC143,KARTHICK RAJA R,3rd Year,A,
2026-08-03,24UEC603,KANISH V,3rd Year,P,
2026-08-05,24UEC603,KANISH V,3rd Year,P,
2026-08-06,24UEC603,KANISH V,3rd Year,P,
2026-08-07,24UEC603,KANISH V,3rd Year,P,
2026-08-10,24UEC603,KANISH V,3rd Year,P,
2026-08-11,24UEC603,KANISH V,3rd Year,A,
2026-08-12,24UEC603,KANISH V,3rd Year,P,
2026-08-13,24UEC603,KANISH V,3rd Year,P,
2026-08-14,24UEC603,KANISH V,3rd Year,P,
2026-08-17,24UEC603,KANISH V,3rd Year,P,
2026-08-18,24UEC603,KANISH V,3rd Year,P,
2026-08-19,24UEC603,KANISH V,3rd Year,P,
2026-08-21,24UEC603,KANISH V,3rd Year,P,
2026-08-24,24UEC603,KANISH V,3rd Year,P,
2026-09-10,24UEC603,KANISH V,3rd Year,P,
2026-09-11,24UEC603,KANISH V,3rd Year,P,
2026-09-15,24UEC603,KANISH V,3rd Year,P,
2026-09-16,24UEC603,KANISH V,3rd Year,P,
2026-09-17,24UEC603,KANISH V,3rd Year,P,
2026-09-18,24UEC603,KANISH V,3rd Year,P,
2026-09-21,24UEC603,KANISH V,3rd Year,P,
2026-09-22,24UEC603,KANISH V,3rd Year,P,
2026-09-23,24UEC603,KANISH V,3rd Year,P,
2026-09-24,24UEC603,KANISH V,3rd Year,P,
2026-09-25,24UEC603,KANISH V,3rd Year,P,
2026-09-28,24UEC603,KANISH V,3rd Year,P,
2026-09-29,24UEC603,KANISH V,3rd Year,P,
2026-09-30,24UEC603,KANISH V,3rd Year,P,
2026-10-01,24UEC603,KANISH V,3rd Year,P,
2026-10-05,24UEC603,KANISH V,3rd Year,P,
2026-08-03,24UIT102,ADARSH RAM K,3rd Year,P,
2026-08-05,24UIT102,ADARSH RAM K,3rd Year,P,
2026-08-06,24UIT102,ADARSH RAM K,3rd Year,P,
2026-08-07,24UIT102,ADARSH RAM K,3rd Year,P,
2026-08-10,24UIT102,ADARSH RAM K,3rd Year,A,
2026-08-11,24UIT102,ADARSH RAM K,3rd Year,A,
2026-08-12,24UIT102,ADARSH RAM K,3rd Year,P,
2026-08-13,24UIT102,ADARSH RAM K,3rd Year,P,
2026-08-14,24UIT102,ADARSH RAM K,3rd Year,P,
2026-08-17,24UIT102,ADARSH RAM K,3rd Year,P,
2026-08-18,24UIT102,ADARSH RAM K,3rd Year,P,
2026-08-19,24UIT102,ADARSH RAM K,3rd Year,P,
2026-08-21,24UIT102,ADARSH RAM K,3rd Year,P,
2026-08-24,24UIT102,ADARSH RAM K,3rd Year,P,
2026-09-10,24UIT102,ADARSH RAM K,3rd Year,P,
2026-09-11,24UIT102,ADARSH RAM K,3rd Year,P,
2026-09-15,24UIT102,ADARSH RAM K,3rd Year,A,
2026-09-16,24UIT102,ADARSH RAM K,3rd Year,A,
2026-09-17,24UIT102,ADARSH RAM K,3rd Year,A,
2026-09-18,24UIT102,ADARSH RAM K,3rd Year,P,
2026-09-21,24UIT102,ADARSH RAM K,3rd Year,P,
2026-09-22,24UIT102,ADARSH RAM K,3rd Year,P,
2026-09-23,24UIT102,ADARSH RAM K,3rd Year,P,
2026-09-24,24UIT102,ADARSH RAM K,3rd Year,P,
2026-09-25,24UIT102,ADARSH RAM K,3rd Year,P,
2026-09-28,24UIT102,ADARSH RAM K,3rd Year,P,
2026-09-29,24UIT102,ADARSH RAM K,3rd Year,P,
2026-09-30,24UIT102,ADARSH RAM K,3rd Year,P,
2026-10-01,24UIT102,ADARSH RAM K,3rd Year,P,
2026-10-05,24UIT102,ADARSH RAM K,3rd Year,P,
2026-08-03,24UIT105,ASHIGA EVANJELIN R,3rd Year,P,
2026-08-05,24UIT105,ASHIGA EVANJELIN R,3rd Year,P,
2026-08-06,24UIT105,ASHIGA EVANJELIN R,3rd Year,P,
2026-08-07,24UIT105,ASHIGA EVANJELIN R,3rd Year,P,
2026-08-10,24UIT105,ASHIGA EVANJELIN R,3rd Year,P,
2026-08-11,24UIT105,ASHIGA EVANJELIN R,3rd Year,A,
2026-08-12,24UIT105,ASHIGA EVANJELIN R,3rd Year,P,
2026-08-13,24UIT105,ASHIGA EVANJELIN R,3rd Year,P,
2026-08-14,24UIT105,ASHIGA EVANJELIN R,3rd Year,P,
2026-08-17,24UIT105,ASHIGA EVANJELIN R,3rd Year,P,
2026-08-18,24UIT105,ASHIGA EVANJELIN R,3rd Year,P,
2026-08-19,24UIT105,ASHIGA EVANJELIN R,3rd Year,P,
2026-08-21,24UIT105,ASHIGA EVANJELIN R,3rd Year,P,
2026-08-24,24UIT105,ASHIGA EVANJELIN R,3rd Year,A,
2026-09-10,24UIT105,ASHIGA EVANJELIN R,3rd Year,P,
2026-09-11,24UIT105,ASHIGA EVANJELIN R,3rd Year,P,
2026-09-15,24UIT105,ASHIGA EVANJELIN R,3rd Year,P,
2026-09-16,24UIT105,ASHIGA EVANJELIN R,3rd Year,P,
2026-09-17,24UIT105,ASHIGA EVANJELIN R,3rd Year,P,
2026-09-18,24UIT105,ASHIGA EVANJELIN R,3rd Year,A,
2026-09-21,24UIT105,ASHIGA EVANJELIN R,3rd Year,P,
2026-09-22,24UIT105,ASHIGA EVANJELIN R,3rd Year,P,
2026-09-23,24UIT105,ASHIGA EVANJELIN R,3rd Year,P,
2026-09-24,24UIT105,ASHIGA EVANJELIN R,3rd Year,P,
2026-09-25,24UIT105,ASHIGA EVANJELIN R,3rd Year,P,
2026-09-28,24UIT105,ASHIGA EVANJELIN R,3rd Year,P,
2026-09-29,24UIT105,ASHIGA EVANJELIN R,3rd Year,P,
2026-09-30,24UIT105,ASHIGA EVANJELIN R,3rd Year,P,
2026-10-01,24UIT105,ASHIGA EVANJELIN R,3rd Year,P,
2026-10-05,24UIT105,ASHIGA EVANJELIN R,3rd Year,P,
2026-08-03,24UIT115,DHIYANAMOORTHY M,3rd Year,P,
2026-08-05,24UIT115,DHIYANAMOORTHY M,3rd Year,P,
2026-08-06,24UIT115,DHIYANAMOORTHY M,3rd Year,P,
2026-08-07,24UIT115,DHIYANAMOORTHY M,3rd Year,P,
2026-08-10,24UIT115,DHIYANAMOORTHY M,3rd Year,P,
2026-08-11,24UIT115,DHIYANAMOORTHY M,3rd Year,A,
2026-08-12,24UIT115,DHIYANAMOORTHY M,3rd Year,P,
2026-08-13,24UIT115,DHIYANAMOORTHY M,3rd Year,P,
2026-08-14,24UIT115,DHIYANAMOORTHY M,3rd Year,P,
2026-08-17,24UIT115,DHIYANAMOORTHY M,3rd Year,P,
2026-08-18,24UIT115,DHIYANAMOORTHY M,3rd Year,P,
2026-08-19,24UIT115,DHIYANAMOORTHY M,3rd Year,P,
2026-08-21,24UIT115,DHIYANAMOORTHY M,3rd Year,P,
2026-08-24,24UIT115,DHIYANAMOORTHY M,3rd Year,P,
2026-09-10,24UIT115,DHIYANAMOORTHY M,3rd Year,A,
2026-09-11,24UIT115,DHIYANAMOORTHY M,3rd Year,P,
2026-09-15,24UIT115,DHIYANAMOORTHY M,3rd Year,P,
2026-09-16,24UIT115,DHIYANAMOORTHY M,3rd Year,A,
2026-09-17,24UIT115,DHIYANAMOORTHY M,3rd Year,P,
2026-09-18,24UIT115,DHIYANAMOORTHY M,3rd Year,A,
2026-09-21,24UIT115,DHIYANAMOORTHY M,3rd Year,P,
2026-09-22,24UIT115,DHIYANAMOORTHY M,3rd Year,P,
2026-09-23,24UIT115,DHIYANAMOORTHY M,3rd Year,P,
2026-09-24,24UIT115,DHIYANAMOORTHY M,3rd Year,P,
2026-09-25,24UIT115,DHIYANAMOORTHY M,3rd Year,P,
2026-09-28,24UIT115,DHIYANAMOORTHY M,3rd Year,P,
2026-09-29,24UIT115,DHIYANAMOORTHY M,3rd Year,P,
2026-09-30,24UIT115,DHIYANAMOORTHY M,3rd Year,P,
2026-10-01,24UIT115,DHIYANAMOORTHY M,3rd Year,P,
2026-10-05,24UIT115,DHIYANAMOORTHY M,3rd Year,P,
2026-08-03,24UIT118,HANISH D,3rd Year,P,
2026-08-05,24UIT118,HANISH D,3rd Year,P,
2026-08-06,24UIT118,HANISH D,3rd Year,P,
2026-08-07,24UIT118,HANISH D,3rd Year,P,
2026-08-10,24UIT118,HANISH D,3rd Year,P,
2026-08-11,24UIT118,HANISH D,3rd Year,A,
2026-08-12,24UIT118,HANISH D,3rd Year,P,
2026-08-13,24UIT118,HANISH D,3rd Year,P,
2026-08-14,24UIT118,HANISH D,3rd Year,P,
2026-08-17,24UIT118,HANISH D,3rd Year,P,
2026-08-18,24UIT118,HANISH D,3rd Year,P,
2026-08-19,24UIT118,HANISH D,3rd Year,P,
2026-08-21,24UIT118,HANISH D,3rd Year,P,
2026-08-24,24UIT118,HANISH D,3rd Year,A,
2026-09-10,24UIT118,HANISH D,3rd Year,P,
2026-09-11,24UIT118,HANISH D,3rd Year,P,
2026-09-15,24UIT118,HANISH D,3rd Year,A,
2026-09-16,24UIT118,HANISH D,3rd Year,A,
2026-09-17,24UIT118,HANISH D,3rd Year,A,
2026-09-18,24UIT118,HANISH D,3rd Year,P,
2026-09-21,24UIT118,HANISH D,3rd Year,P,
2026-09-22,24UIT118,HANISH D,3rd Year,P,
2026-09-23,24UIT118,HANISH D,3rd Year,P,
2026-09-24,24UIT118,HANISH D,3rd Year,P,
2026-09-25,24UIT118,HANISH D,3rd Year,P,
2026-09-28,24UIT118,HANISH D,3rd Year,P,
2026-09-29,24UIT118,HANISH D,3rd Year,P,
2026-09-30,24UIT118,HANISH D,3rd Year,P,
2026-10-01,24UIT118,HANISH D,3rd Year,P,
2026-10-05,24UIT118,HANISH D,3rd Year,P,
2026-08-03,24UIT121,HEAMANTHRAJ S,3rd Year,P,
2026-08-05,24UIT121,HEAMANTHRAJ S,3rd Year,P,
2026-08-06,24UIT121,HEAMANTHRAJ S,3rd Year,P,
2026-08-07,24UIT121,HEAMANTHRAJ S,3rd Year,P,
2026-08-10,24UIT121,HEAMANTHRAJ S,3rd Year,P,
2026-08-11,24UIT121,HEAMANTHRAJ S,3rd Year,A,
2026-08-12,24UIT121,HEAMANTHRAJ S,3rd Year,P,
2026-08-13,24UIT121,HEAMANTHRAJ S,3rd Year,P,
2026-08-14,24UIT121,HEAMANTHRAJ S,3rd Year,P,
2026-08-17,24UIT121,HEAMANTHRAJ S,3rd Year,P,
2026-08-18,24UIT121,HEAMANTHRAJ S,3rd Year,P,
2026-08-19,24UIT121,HEAMANTHRAJ S,3rd Year,P,
2026-08-21,24UIT121,HEAMANTHRAJ S,3rd Year,P,
2026-08-24,24UIT121,HEAMANTHRAJ S,3rd Year,A,
2026-09-10,24UIT121,HEAMANTHRAJ S,3rd Year,A,
2026-09-11,24UIT121,HEAMANTHRAJ S,3rd Year,A,
2026-09-15,24UIT121,HEAMANTHRAJ S,3rd Year,A,
2026-09-16,24UIT121,HEAMANTHRAJ S,3rd Year,A,
2026-09-17,24UIT121,HEAMANTHRAJ S,3rd Year,A,
2026-09-18,24UIT121,HEAMANTHRAJ S,3rd Year,A,
2026-09-21,24UIT121,HEAMANTHRAJ S,3rd Year,A,
2026-09-22,24UIT121,HEAMANTHRAJ S,3rd Year,A,
2026-09-23,24UIT121,HEAMANTHRAJ S,3rd Year,A,
2026-09-24,24UIT121,HEAMANTHRAJ S,3rd Year,A,
2026-09-25,24UIT121,HEAMANTHRAJ S,3rd Year,A,
2026-09-28,24UIT121,HEAMANTHRAJ S,3rd Year,A,
2026-09-29,24UIT121,HEAMANTHRAJ S,3rd Year,A,
2026-09-30,24UIT121,HEAMANTHRAJ S,3rd Year,A,
2026-10-01,24UIT121,HEAMANTHRAJ S,3rd Year,A,
2026-10-05,24UIT121,HEAMANTHRAJ S,3rd Year,A,
2026-08-03,24UIT149,SRI SELVA MIRUTHULA V J,3rd Year,P,
2026-08-05,24UIT149,SRI SELVA MIRUTHULA V J,3rd Year,A,
2026-08-06,24UIT149,SRI SELVA MIRUTHULA V J,3rd Year,A,
2026-08-07,24UIT149,SRI SELVA MIRUTHULA V J,3rd Year,P,
2026-08-10,24UIT149,SRI SELVA MIRUTHULA V J,3rd Year,P,
2026-08-11,24UIT149,SRI SELVA MIRUTHULA V J,3rd Year,A,
2026-08-12,24UIT149,SRI SELVA MIRUTHULA V J,3rd Year,P,
2026-08-13,24UIT149,SRI SELVA MIRUTHULA V J,3rd Year,A,
2026-08-14,24UIT149,SRI SELVA MIRUTHULA V J,3rd Year,P,
2026-08-17,24UIT149,SRI SELVA MIRUTHULA V J,3rd Year,P,
2026-08-18,24UIT149,SRI SELVA MIRUTHULA V J,3rd Year,P,
2026-08-19,24UIT149,SRI SELVA MIRUTHULA V J,3rd Year,P,
2026-08-21,24UIT149,SRI SELVA MIRUTHULA V J,3rd Year,P,
2026-08-24,24UIT149,SRI SELVA MIRUTHULA V J,3rd Year,A,
2026-09-10,24UIT149,SRI SELVA MIRUTHULA V J,3rd Year,A,
2026-09-11,24UIT149,SRI SELVA MIRUTHULA V J,3rd Year,A,
2026-09-15,24UIT149,SRI SELVA MIRUTHULA V J,3rd Year,A,
2026-09-16,24UIT149,SRI SELVA MIRUTHULA V J,3rd Year,A,
2026-09-17,24UIT149,SRI SELVA MIRUTHULA V J,3rd Year,A,
2026-09-18,24UIT149,SRI SELVA MIRUTHULA V J,3rd Year,A,
2026-09-21,24UIT149,SRI SELVA MIRUTHULA V J,3rd Year,A,
2026-09-22,24UIT149,SRI SELVA MIRUTHULA V J,3rd Year,A,
2026-09-23,24UIT149,SRI SELVA MIRUTHULA V J,3rd Year,A,
2026-09-24,24UIT149,SRI SELVA MIRUTHULA V J,3rd Year,A,
2026-09-25,24UIT149,SRI SELVA MIRUTHULA V J,3rd Year,A,
2026-09-28,24UIT149,SRI SELVA MIRUTHULA V J,3rd Year,A,
2026-09-29,24UIT149,SRI SELVA MIRUTHULA V J,3rd Year,A,
2026-09-30,24UIT149,SRI SELVA MIRUTHULA V J,3rd Year,A,
2026-10-01,24UIT149,SRI SELVA MIRUTHULA V J,3rd Year,A,
2026-10-05,24UIT149,SRI SELVA MIRUTHULA V J,3rd Year,A,
2026-08-03,24UME111,GOPI K,3rd Year,P,
2026-08-05,24UME111,GOPI K,3rd Year,P,
2026-08-06,24UME111,GOPI K,3rd Year,P,
2026-08-07,24UME111,GOPI K,3rd Year,A,
2026-08-10,24UME111,GOPI K,3rd Year,P,
2026-08-11,24UME111,GOPI K,3rd Year,A,
2026-08-12,24UME111,GOPI K,3rd Year,P,
2026-08-13,24UME111,GOPI K,3rd Year,P,
2026-08-14,24UME111,GOPI K,3rd Year,P,
2026-08-17,24UME111,GOPI K,3rd Year,P,
2026-08-18,24UME111,GOPI K,3rd Year,P,
2026-08-19,24UME111,GOPI K,3rd Year,A,
2026-08-21,24UME111,GOPI K,3rd Year,P,
2026-08-24,24UME111,GOPI K,3rd Year,P,
2026-09-10,24UME111,GOPI K,3rd Year,P,
2026-09-11,24UME111,GOPI K,3rd Year,P,
2026-09-15,24UME111,GOPI K,3rd Year,P,
2026-09-16,24UME111,GOPI K,3rd Year,A,
2026-09-17,24UME111,GOPI K,3rd Year,A,
2026-09-18,24UME111,GOPI K,3rd Year,A,
2026-09-21,24UME111,GOPI K,3rd Year,P,
2026-09-22,24UME111,GOPI K,3rd Year,P,
2026-09-23,24UME111,GOPI K,3rd Year,P,
2026-09-24,24UME111,GOPI K,3rd Year,A,
2026-09-25,24UME111,GOPI K,3rd Year,A,
2026-09-28,24UME111,GOPI K,3rd Year,P,
2026-09-29,24UME111,GOPI K,3rd Year,P,
2026-09-30,24UME111,GOPI K,3rd Year,A,
2026-10-01,24UME111,GOPI K,3rd Year,A,
2026-10-05,24UME111,GOPI K,3rd Year,A,
2026-08-03,24UME154,SWETHARAN M,3rd Year,P,
2026-08-05,24UME154,SWETHARAN M,3rd Year,P,
2026-08-06,24UME154,SWETHARAN M,3rd Year,P,
2026-08-07,24UME154,SWETHARAN M,3rd Year,P,
2026-08-10,24UME154,SWETHARAN M,3rd Year,P,
2026-08-11,24UME154,SWETHARAN M,3rd Year,A,
2026-08-12,24UME154,SWETHARAN M,3rd Year,P,
2026-08-13,24UME154,SWETHARAN M,3rd Year,P,
2026-08-14,24UME154,SWETHARAN M,3rd Year,P,
2026-08-17,24UME154,SWETHARAN M,3rd Year,A,
2026-08-18,24UME154,SWETHARAN M,3rd Year,A,
2026-08-19,24UME154,SWETHARAN M,3rd Year,A,
2026-08-21,24UME154,SWETHARAN M,3rd Year,A,
2026-08-24,24UME154,SWETHARAN M,3rd Year,P,
2026-09-10,24UME154,SWETHARAN M,3rd Year,P,
2026-09-11,24UME154,SWETHARAN M,3rd Year,P,
2026-09-15,24UME154,SWETHARAN M,3rd Year,A,
2026-09-16,24UME154,SWETHARAN M,3rd Year,P,
2026-09-17,24UME154,SWETHARAN M,3rd Year,A,
2026-09-18,24UME154,SWETHARAN M,3rd Year,A,
2026-09-21,24UME154,SWETHARAN M,3rd Year,P,
2026-09-22,24UME154,SWETHARAN M,3rd Year,P,
2026-09-23,24UME154,SWETHARAN M,3rd Year,P,
2026-09-24,24UME154,SWETHARAN M,3rd Year,P,
2026-09-25,24UME154,SWETHARAN M,3rd Year,P,
2026-09-28,24UME154,SWETHARAN M,3rd Year,P,
2026-09-29,24UME154,SWETHARAN M,3rd Year,P,
2026-09-30,24UME154,SWETHARAN M,3rd Year,P,
2026-10-01,24UME154,SWETHARAN M,3rd Year,P,
2026-10-05,24UME154,SWETHARAN M,3rd Year,P,
2026-08-03,24UAD152,LOGESHWARI N,3rd Year,P,
2026-08-04,24UAD152,LOGESHWARI N,3rd Year,A,
2026-08-05,24UAD152,LOGESHWARI N,3rd Year,P,
2026-08-06,24UAD152,LOGESHWARI N,3rd Year,P,
2026-08-07,24UAD152,LOGESHWARI N,3rd Year,P,
2026-08-10,24UAD152,LOGESHWARI N,3rd Year,P,
2026-08-11,24UAD152,LOGESHWARI N,3rd Year,P,
2026-08-12,24UAD152,LOGESHWARI N,3rd Year,P,
2026-08-13,24UAD152,LOGESHWARI N,3rd Year,A,
2026-08-14,24UAD152,LOGESHWARI N,3rd Year,P,
2026-08-17,24UAD152,LOGESHWARI N,3rd Year,P,
2026-08-18,24UAD152,LOGESHWARI N,3rd Year,P,
2026-08-19,24UAD152,LOGESHWARI N,3rd Year,P,
2026-08-21,24UAD152,LOGESHWARI N,3rd Year,P,
2026-08-24,24UAD152,LOGESHWARI N,3rd Year,P,
2026-08-25,24UAD152,LOGESHWARI N,3rd Year,A,
2026-09-07,24UAD152,LOGESHWARI N,3rd Year,A,
2026-09-08,24UAD152,LOGESHWARI N,3rd Year,P,
2026-09-09,24UAD152,LOGESHWARI N,3rd Year,P,
2026-09-10,24UAD152,LOGESHWARI N,3rd Year,P,
2026-09-11,24UAD152,LOGESHWARI N,3rd Year,P,
2026-09-15,24UAD152,LOGESHWARI N,3rd Year,P,
2026-09-16,24UAD152,LOGESHWARI N,3rd Year,P,
2026-09-17,24UAD152,LOGESHWARI N,3rd Year,P,
2026-09-18,24UAD152,LOGESHWARI N,3rd Year,P,
2026-09-21,24UAD152,LOGESHWARI N,3rd Year,P,
2026-09-22,24UAD152,LOGESHWARI N,3rd Year,P,
2026-09-23,24UAD152,LOGESHWARI N,3rd Year,P,
2026-09-24,24UAD152,LOGESHWARI N,3rd Year,P,
2026-09-25,24UAD152,LOGESHWARI N,3rd Year,P,
2026-09-28,24UAD152,LOGESHWARI N,3rd Year,P,
2026-09-29,24UAD152,LOGESHWARI N,3rd Year,P,
2026-09-30,24UAD152,LOGESHWARI N,3rd Year,P,
2026-10-01,24UAD152,LOGESHWARI N,3rd Year,P,
2026-10-05,24UAD152,LOGESHWARI N,3rd Year,P,
2026-08-03,24UCS601,DEEPAVARTHINI S,3rd Year,P,
2026-08-04,24UCS601,DEEPAVARTHINI S,3rd Year,A,
2026-08-05,24UCS601,DEEPAVARTHINI S,3rd Year,P,
2026-08-06,24UCS601,DEEPAVARTHINI S,3rd Year,P,
2026-08-07,24UCS601,DEEPAVARTHINI S,3rd Year,P,
2026-08-10,24UCS601,DEEPAVARTHINI S,3rd Year,P,
2026-08-11,24UCS601,DEEPAVARTHINI S,3rd Year,P,
2026-08-12,24UCS601,DEEPAVARTHINI S,3rd Year,P,
2026-08-13,24UCS601,DEEPAVARTHINI S,3rd Year,P,
2026-08-14,24UCS601,DEEPAVARTHINI S,3rd Year,P,
2026-08-17,24UCS601,DEEPAVARTHINI S,3rd Year,P,
2026-08-18,24UCS601,DEEPAVARTHINI S,3rd Year,P,
2026-08-19,24UCS601,DEEPAVARTHINI S,3rd Year,P,
2026-08-21,24UCS601,DEEPAVARTHINI S,3rd Year,P,
2026-08-24,24UCS601,DEEPAVARTHINI S,3rd Year,P,
2026-08-25,24UCS601,DEEPAVARTHINI S,3rd Year,P,
2026-09-07,24UCS601,DEEPAVARTHINI S,3rd Year,P,
2026-09-08,24UCS601,DEEPAVARTHINI S,3rd Year,P,
2026-09-09,24UCS601,DEEPAVARTHINI S,3rd Year,P,
2026-09-10,24UCS601,DEEPAVARTHINI S,3rd Year,P,
2026-09-11,24UCS601,DEEPAVARTHINI S,3rd Year,A,
2026-09-15,24UCS601,DEEPAVARTHINI S,3rd Year,P,
2026-09-16,24UCS601,DEEPAVARTHINI S,3rd Year,P,
2026-09-17,24UCS601,DEEPAVARTHINI S,3rd Year,P,
2026-09-18,24UCS601,DEEPAVARTHINI S,3rd Year,P,
2026-09-21,24UCS601,DEEPAVARTHINI S,3rd Year,P,
2026-09-22,24UCS601,DEEPAVARTHINI S,3rd Year,P,
2026-09-23,24UCS601,DEEPAVARTHINI S,3rd Year,P,
2026-09-24,24UCS601,DEEPAVARTHINI S,3rd Year,P,
2026-09-25,24UCS601,DEEPAVARTHINI S,3rd Year,P,
2026-09-28,24UCS601,DEEPAVARTHINI S,3rd Year,P,
2026-09-29,24UCS601,DEEPAVARTHINI S,3rd Year,P,
2026-09-30,24UCS601,DEEPAVARTHINI S,3rd Year,P,
2026-10-01,24UCS601,DEEPAVARTHINI S,3rd Year,P,
2026-10-05,24UCS601,DEEPAVARTHINI S,3rd Year,P,
2026-08-03,24UCY117,JOEL P,3rd Year,P,
2026-08-04,24UCY117,JOEL P,3rd Year,A,
2026-08-05,24UCY117,JOEL P,3rd Year,P,
2026-08-06,24UCY117,JOEL P,3rd Year,A,
2026-08-07,24UCY117,JOEL P,3rd Year,P,
2026-08-10,24UCY117,JOEL P,3rd Year,P,
2026-08-11,24UCY117,JOEL P,3rd Year,P,
2026-08-12,24UCY117,JOEL P,3rd Year,P,
2026-08-13,24UCY117,JOEL P,3rd Year,A,
2026-08-14,24UCY117,JOEL P,3rd Year,A,
2026-08-17,24UCY117,JOEL P,3rd Year,P,
2026-08-18,24UCY117,JOEL P,3rd Year,P,
2026-08-19,24UCY117,JOEL P,3rd Year,A,
2026-08-21,24UCY117,JOEL P,3rd Year,A,
2026-08-24,24UCY117,JOEL P,3rd Year,P,
2026-08-25,24UCY117,JOEL P,3rd Year,P,
2026-09-07,24UCY117,JOEL P,3rd Year,P,
2026-09-08,24UCY117,JOEL P,3rd Year,P,
2026-09-09,24UCY117,JOEL P,3rd Year,P,
2026-09-10,24UCY117,JOEL P,3rd Year,P,
2026-09-11,24UCY117,JOEL P,3rd Year,P,
2026-09-15,24UCY117,JOEL P,3rd Year,P,
2026-09-16,24UCY117,JOEL P,3rd Year,P,
2026-09-17,24UCY117,JOEL P,3rd Year,P,
2026-09-18,24UCY117,JOEL P,3rd Year,P,
2026-09-21,24UCY117,JOEL P,3rd Year,P,
2026-09-22,24UCY117,JOEL P,3rd Year,P,
2026-09-23,24UCY117,JOEL P,3rd Year,P,
2026-09-24,24UCY117,JOEL P,3rd Year,P,
2026-09-25,24UCY117,JOEL P,3rd Year,P,
2026-09-28,24UCY117,JOEL P,3rd Year,P,
2026-09-29,24UCY117,JOEL P,3rd Year,P,
2026-09-30,24UCY117,JOEL P,3rd Year,P,
2026-10-01,24UCY117,JOEL P,3rd Year,P,
2026-10-05,24UCY117,JOEL P,3rd Year,P,
2026-08-03,24UCY132,NEGA M,3rd Year,P,
2026-08-04,24UCY132,NEGA M,3rd Year,A,
2026-08-05,24UCY132,NEGA M,3rd Year,P,
2026-08-06,24UCY132,NEGA M,3rd Year,A,
2026-08-07,24UCY132,NEGA M,3rd Year,P,
2026-08-10,24UCY132,NEGA M,3rd Year,P,
2026-08-11,24UCY132,NEGA M,3rd Year,P,
2026-08-12,24UCY132,NEGA M,3rd Year,A,
2026-08-13,24UCY132,NEGA M,3rd Year,A,
2026-08-14,24UCY132,NEGA M,3rd Year,P,
2026-08-17,24UCY132,NEGA M,3rd Year,P,
2026-08-18,24UCY132,NEGA M,3rd Year,P,
2026-08-19,24UCY132,NEGA M,3rd Year,A,
2026-08-21,24UCY132,NEGA M,3rd Year,A,
2026-08-24,24UCY132,NEGA M,3rd Year,A,
2026-08-25,24UCY132,NEGA M,3rd Year,P,
2026-09-07,24UCY132,NEGA M,3rd Year,P,
2026-09-08,24UCY132,NEGA M,3rd Year,A,
2026-09-09,24UCY132,NEGA M,3rd Year,A,
2026-09-10,24UCY132,NEGA M,3rd Year,A,
2026-09-11,24UCY132,NEGA M,3rd Year,A,
2026-09-15,24UCY132,NEGA M,3rd Year,A,
2026-09-16,24UCY132,NEGA M,3rd Year,A,
2026-09-17,24UCY132,NEGA M,3rd Year,A,
2026-09-18,24UCY132,NEGA M,3rd Year,A,
2026-09-21,24UCY132,NEGA M,3rd Year,A,
2026-09-22,24UCY132,NEGA M,3rd Year,A,
2026-09-23,24UCY132,NEGA M,3rd Year,A,
2026-09-24,24UCY132,NEGA M,3rd Year,A,
2026-09-25,24UCY132,NEGA M,3rd Year,A,
2026-09-28,24UCY132,NEGA M,3rd Year,A,
2026-09-29,24UCY132,NEGA M,3rd Year,A,
2026-09-30,24UCY132,NEGA M,3rd Year,A,
2026-10-01,24UCY132,NEGA M,3rd Year,A,
2026-10-05,24UCY132,NEGA M,3rd Year,A,
2026-08-03,24UEC101,AADIL MOHAMMED RAFI,3rd Year,A,
2026-08-04,24UEC101,AADIL MOHAMMED RAFI,3rd Year,A,
2026-08-05,24UEC101,AADIL MOHAMMED RAFI,3rd Year,P,
2026-08-06,24UEC101,AADIL MOHAMMED RAFI,3rd Year,P,
2026-08-07,24UEC101,AADIL MOHAMMED RAFI,3rd Year,P,
2026-08-10,24UEC101,AADIL MOHAMMED RAFI,3rd Year,P,
2026-08-11,24UEC101,AADIL MOHAMMED RAFI,3rd Year,P,
2026-08-12,24UEC101,AADIL MOHAMMED RAFI,3rd Year,P,
2026-08-13,24UEC101,AADIL MOHAMMED RAFI,3rd Year,P,
2026-08-14,24UEC101,AADIL MOHAMMED RAFI,3rd Year,P,
2026-08-17,24UEC101,AADIL MOHAMMED RAFI,3rd Year,P,
2026-08-18,24UEC101,AADIL MOHAMMED RAFI,3rd Year,P,
2026-08-19,24UEC101,AADIL MOHAMMED RAFI,3rd Year,P,
2026-08-21,24UEC101,AADIL MOHAMMED RAFI,3rd Year,P,
2026-08-24,24UEC101,AADIL MOHAMMED RAFI,3rd Year,A,
2026-08-25,24UEC101,AADIL MOHAMMED RAFI,3rd Year,P,
2026-09-07,24UEC101,AADIL MOHAMMED RAFI,3rd Year,P,
2026-09-08,24UEC101,AADIL MOHAMMED RAFI,3rd Year,P,
2026-09-09,24UEC101,AADIL MOHAMMED RAFI,3rd Year,P,
2026-09-10,24UEC101,AADIL MOHAMMED RAFI,3rd Year,P,
2026-09-11,24UEC101,AADIL MOHAMMED RAFI,3rd Year,P,
2026-09-15,24UEC101,AADIL MOHAMMED RAFI,3rd Year,P,
2026-09-16,24UEC101,AADIL MOHAMMED RAFI,3rd Year,P,
2026-09-17,24UEC101,AADIL MOHAMMED RAFI,3rd Year,P,
2026-09-18,24UEC101,AADIL MOHAMMED RAFI,3rd Year,P,
2026-09-21,24UEC101,AADIL MOHAMMED RAFI,3rd Year,A,
2026-09-22,24UEC101,AADIL MOHAMMED RAFI,3rd Year,P,
2026-09-23,24UEC101,AADIL MOHAMMED RAFI,3rd Year,A,
2026-09-24,24UEC101,AADIL MOHAMMED RAFI,3rd Year,A,
2026-09-25,24UEC101,AADIL MOHAMMED RAFI,3rd Year,A,
2026-09-28,24UEC101,AADIL MOHAMMED RAFI,3rd Year,P,
2026-09-29,24UEC101,AADIL MOHAMMED RAFI,3rd Year,P,
2026-09-30,24UEC101,AADIL MOHAMMED RAFI,3rd Year,P,
2026-10-01,24UEC101,AADIL MOHAMMED RAFI,3rd Year,P,
2026-10-05,24UEC101,AADIL MOHAMMED RAFI,3rd Year,P,
2026-08-03,24UEC103,ABDULLA J,3rd Year,A,
2026-08-04,24UEC103,ABDULLA J,3rd Year,A,
2026-08-05,24UEC103,ABDULLA J,3rd Year,P,
2026-08-06,24UEC103,ABDULLA J,3rd Year,P,
2026-08-07,24UEC103,ABDULLA J,3rd Year,P,
2026-08-10,24UEC103,ABDULLA J,3rd Year,P,
2026-08-11,24UEC103,ABDULLA J,3rd Year,P,
2026-08-12,24UEC103,ABDULLA J,3rd Year,P,
2026-08-13,24UEC103,ABDULLA J,3rd Year,P,
2026-08-14,24UEC103,ABDULLA J,3rd Year,A,
2026-08-17,24UEC103,ABDULLA J,3rd Year,A,
2026-08-18,24UEC103,ABDULLA J,3rd Year,P,
2026-08-19,24UEC103,ABDULLA J,3rd Year,P,
2026-08-21,24UEC103,ABDULLA J,3rd Year,P,
2026-08-24,24UEC103,ABDULLA J,3rd Year,P,
2026-08-25,24UEC103,ABDULLA J,3rd Year,P,
2026-09-07,24UEC103,ABDULLA J,3rd Year,A,
2026-09-08,24UEC103,ABDULLA J,3rd Year,P,
2026-09-09,24UEC103,ABDULLA J,3rd Year,P,
2026-09-10,24UEC103,ABDULLA J,3rd Year,P,
2026-09-11,24UEC103,ABDULLA J,3rd Year,P,
2026-09-15,24UEC103,ABDULLA J,3rd Year,A,
2026-09-16,24UEC103,ABDULLA J,3rd Year,P,
2026-09-17,24UEC103,ABDULLA J,3rd Year,P,
2026-09-18,24UEC103,ABDULLA J,3rd Year,P,
2026-09-21,24UEC103,ABDULLA J,3rd Year,P,
2026-09-22,24UEC103,ABDULLA J,3rd Year,P,
2026-09-23,24UEC103,ABDULLA J,3rd Year,P,
2026-09-24,24UEC103,ABDULLA J,3rd Year,P,
2026-09-25,24UEC103,ABDULLA J,3rd Year,P,
2026-09-28,24UEC103,ABDULLA J,3rd Year,P,
2026-09-29,24UEC103,ABDULLA J,3rd Year,P,
2026-09-30,24UEC103,ABDULLA J,3rd Year,P,
2026-10-01,24UEC103,ABDULLA J,3rd Year,A,
2026-10-05,24UEC103,ABDULLA J,3rd Year,A,
2026-08-03,24UEC104,ADITHIYAN K,3rd Year,P,
2026-08-04,24UEC104,ADITHIYAN K,3rd Year,A,
2026-08-05,24UEC104,ADITHIYAN K,3rd Year,P,
2026-08-06,24UEC104,ADITHIYAN K,3rd Year,P,
2026-08-07,24UEC104,ADITHIYAN K,3rd Year,P,
2026-08-10,24UEC104,ADITHIYAN K,3rd Year,A,
2026-08-11,24UEC104,ADITHIYAN K,3rd Year,P,
2026-08-12,24UEC104,ADITHIYAN K,3rd Year,P,
2026-08-13,24UEC104,ADITHIYAN K,3rd Year,P,
2026-08-14,24UEC104,ADITHIYAN K,3rd Year,P,
2026-08-17,24UEC104,ADITHIYAN K,3rd Year,A,
2026-08-18,24UEC104,ADITHIYAN K,3rd Year,P,
2026-08-19,24UEC104,ADITHIYAN K,3rd Year,P,
2026-08-21,24UEC104,ADITHIYAN K,3rd Year,P,
2026-08-24,24UEC104,ADITHIYAN K,3rd Year,P,
2026-08-25,24UEC104,ADITHIYAN K,3rd Year,A,
2026-09-07,24UEC104,ADITHIYAN K,3rd Year,A,
2026-09-08,24UEC104,ADITHIYAN K,3rd Year,P,
2026-09-09,24UEC104,ADITHIYAN K,3rd Year,P,
2026-09-10,24UEC104,ADITHIYAN K,3rd Year,P,
2026-09-11,24UEC104,ADITHIYAN K,3rd Year,A,
2026-09-15,24UEC104,ADITHIYAN K,3rd Year,P,
2026-09-16,24UEC104,ADITHIYAN K,3rd Year,P,
2026-09-17,24UEC104,ADITHIYAN K,3rd Year,P,
2026-09-18,24UEC104,ADITHIYAN K,3rd Year,A,
2026-09-21,24UEC104,ADITHIYAN K,3rd Year,P,
2026-09-22,24UEC104,ADITHIYAN K,3rd Year,P,
2026-09-23,24UEC104,ADITHIYAN K,3rd Year,P,
2026-09-24,24UEC104,ADITHIYAN K,3rd Year,P,
2026-09-25,24UEC104,ADITHIYAN K,3rd Year,P,
2026-09-28,24UEC104,ADITHIYAN K,3rd Year,P,
2026-09-29,24UEC104,ADITHIYAN K,3rd Year,P,
2026-09-30,24UEC104,ADITHIYAN K,3rd Year,P,
2026-10-01,24UEC104,ADITHIYAN K,3rd Year,P,
2026-10-05,24UEC104,ADITHIYAN K,3rd Year,A,
2026-08-03,24UEC105,AKCHAYA R,3rd Year,P,
2026-08-04,24UEC105,AKCHAYA R,3rd Year,A,
2026-08-05,24UEC105,AKCHAYA R,3rd Year,P,
2026-08-06,24UEC105,AKCHAYA R,3rd Year,P,
2026-08-07,24UEC105,AKCHAYA R,3rd Year,P,
2026-08-10,24UEC105,AKCHAYA R,3rd Year,P,
2026-08-11,24UEC105,AKCHAYA R,3rd Year,A,
2026-08-12,24UEC105,AKCHAYA R,3rd Year,P,
2026-08-13,24UEC105,AKCHAYA R,3rd Year,P,
2026-08-14,24UEC105,AKCHAYA R,3rd Year,A,
2026-08-17,24UEC105,AKCHAYA R,3rd Year,A,
2026-08-18,24UEC105,AKCHAYA R,3rd Year,A,
2026-08-19,24UEC105,AKCHAYA R,3rd Year,A,
2026-08-21,24UEC105,AKCHAYA R,3rd Year,A,
2026-08-24,24UEC105,AKCHAYA R,3rd Year,A,
2026-08-25,24UEC105,AKCHAYA R,3rd Year,A,
2026-09-07,24UEC105,AKCHAYA R,3rd Year,A,
2026-09-08,24UEC105,AKCHAYA R,3rd Year,A,
2026-09-09,24UEC105,AKCHAYA R,3rd Year,A,
2026-09-10,24UEC105,AKCHAYA R,3rd Year,A,
2026-09-11,24UEC105,AKCHAYA R,3rd Year,A,
2026-09-15,24UEC105,AKCHAYA R,3rd Year,A,
2026-09-16,24UEC105,AKCHAYA R,3rd Year,A,
2026-09-17,24UEC105,AKCHAYA R,3rd Year,A,
2026-09-18,24UEC105,AKCHAYA R,3rd Year,A,
2026-09-21,24UEC105,AKCHAYA R,3rd Year,P,
2026-09-22,24UEC105,AKCHAYA R,3rd Year,A,
2026-09-23,24UEC105,AKCHAYA R,3rd Year,A,
2026-09-24,24UEC105,AKCHAYA R,3rd Year,A,
2026-09-25,24UEC105,AKCHAYA R,3rd Year,A,
2026-09-28,24UEC105,AKCHAYA R,3rd Year,P,
2026-09-29,24UEC105,AKCHAYA R,3rd Year,P,
2026-09-30,24UEC105,AKCHAYA R,3rd Year,P,
2026-10-01,24UEC105,AKCHAYA R,3rd Year,A,
2026-10-05,24UEC105,AKCHAYA R,3rd Year,P,
2026-08-03,24UEC108,ANANTH S,3rd Year,P,
2026-08-04,24UEC108,ANANTH S,3rd Year,A,
2026-08-05,24UEC108,ANANTH S,3rd Year,P,
2026-08-06,24UEC108,ANANTH S,3rd Year,P,
2026-08-07,24UEC108,ANANTH S,3rd Year,P,
2026-08-10,24UEC108,ANANTH S,3rd Year,A,
2026-08-11,24UEC108,ANANTH S,3rd Year,P,
2026-08-12,24UEC108,ANANTH S,3rd Year,P,
2026-08-13,24UEC108,ANANTH S,3rd Year,P,
2026-08-14,24UEC108,ANANTH S,3rd Year,P,
2026-08-17,24UEC108,ANANTH S,3rd Year,P,
2026-08-18,24UEC108,ANANTH S,3rd Year,P,
2026-08-19,24UEC108,ANANTH S,3rd Year,A,
2026-08-21,24UEC108,ANANTH S,3rd Year,P,
2026-08-24,24UEC108,ANANTH S,3rd Year,A,
2026-08-25,24UEC108,ANANTH S,3rd Year,P,
2026-09-07,24UEC108,ANANTH S,3rd Year,P,
2026-09-08,24UEC108,ANANTH S,3rd Year,P,
2026-09-09,24UEC108,ANANTH S,3rd Year,P,
2026-09-10,24UEC108,ANANTH S,3rd Year,P,
2026-09-11,24UEC108,ANANTH S,3rd Year,P,
2026-09-15,24UEC108,ANANTH S,3rd Year,A,
2026-09-16,24UEC108,ANANTH S,3rd Year,P,
2026-09-17,24UEC108,ANANTH S,3rd Year,P,
2026-09-18,24UEC108,ANANTH S,3rd Year,P,
2026-09-21,24UEC108,ANANTH S,3rd Year,P,
2026-09-22,24UEC108,ANANTH S,3rd Year,A,
2026-09-23,24UEC108,ANANTH S,3rd Year,P,
2026-09-24,24UEC108,ANANTH S,3rd Year,P,
2026-09-25,24UEC108,ANANTH S,3rd Year,P,
2026-09-28,24UEC108,ANANTH S,3rd Year,P,
2026-09-29,24UEC108,ANANTH S,3rd Year,P,
2026-09-30,24UEC108,ANANTH S,3rd Year,P,
2026-10-01,24UEC108,ANANTH S,3rd Year,A,
2026-10-05,24UEC108,ANANTH S,3rd Year,P,
2026-08-03,24UEC109,ANDAL V,3rd Year,P,
2026-08-04,24UEC109,ANDAL V,3rd Year,A,
2026-08-05,24UEC109,ANDAL V,3rd Year,P,
2026-08-06,24UEC109,ANDAL V,3rd Year,P,
2026-08-07,24UEC109,ANDAL V,3rd Year,P,
2026-08-10,24UEC109,ANDAL V,3rd Year,P,
2026-08-11,24UEC109,ANDAL V,3rd Year,A,
2026-08-12,24UEC109,ANDAL V,3rd Year,P,
2026-08-13,24UEC109,ANDAL V,3rd Year,P,
2026-08-14,24UEC109,ANDAL V,3rd Year,P,
2026-08-17,24UEC109,ANDAL V,3rd Year,P,
2026-08-18,24UEC109,ANDAL V,3rd Year,A,
2026-08-19,24UEC109,ANDAL V,3rd Year,A,
2026-08-21,24UEC109,ANDAL V,3rd Year,P,
2026-08-24,24UEC109,ANDAL V,3rd Year,A,
2026-08-25,24UEC109,ANDAL V,3rd Year,A,
2026-09-07,24UEC109,ANDAL V,3rd Year,A,
2026-09-08,24UEC109,ANDAL V,3rd Year,A,
2026-09-09,24UEC109,ANDAL V,3rd Year,A,
2026-09-10,24UEC109,ANDAL V,3rd Year,A,
2026-09-11,24UEC109,ANDAL V,3rd Year,A,
2026-09-15,24UEC109,ANDAL V,3rd Year,A,
2026-09-16,24UEC109,ANDAL V,3rd Year,A,
2026-09-17,24UEC109,ANDAL V,3rd Year,A,
2026-09-18,24UEC109,ANDAL V,3rd Year,A,
2026-09-21,24UEC109,ANDAL V,3rd Year,A,
2026-09-22,24UEC109,ANDAL V,3rd Year,A,
2026-09-23,24UEC109,ANDAL V,3rd Year,A,
2026-09-24,24UEC109,ANDAL V,3rd Year,A,
2026-09-25,24UEC109,ANDAL V,3rd Year,A,
2026-09-28,24UEC109,ANDAL V,3rd Year,A,
2026-09-29,24UEC109,ANDAL V,3rd Year,A,
2026-09-30,24UEC109,ANDAL V,3rd Year,A,
2026-10-01,24UEC109,ANDAL V,3rd Year,A,
2026-10-05,24UEC109,ANDAL V,3rd Year,A,
2026-08-03,24UEC115,ARUN R,3rd Year,P,
2026-08-04,24UEC115,ARUN R,3rd Year,A,
2026-08-05,24UEC115,ARUN R,3rd Year,P,
2026-08-06,24UEC115,ARUN R,3rd Year,P,
2026-08-07,24UEC115,ARUN R,3rd Year,P,
2026-08-10,24UEC115,ARUN R,3rd Year,P,
2026-08-11,24UEC115,ARUN R,3rd Year,P,
2026-08-12,24UEC115,ARUN R,3rd Year,P,
2026-08-13,24UEC115,ARUN R,3rd Year,P,
2026-08-14,24UEC115,ARUN R,3rd Year,P,
2026-08-17,24UEC115,ARUN R,3rd Year,A,
2026-08-18,24UEC115,ARUN R,3rd Year,A,
2026-08-19,24UEC115,ARUN R,3rd Year,P,
2026-08-21,24UEC115,ARUN R,3rd Year,P,
2026-08-24,24UEC115,ARUN R,3rd Year,P,
2026-08-25,24UEC115,ARUN R,3rd Year,P,
2026-09-07,24UEC115,ARUN R,3rd Year,A,
2026-09-08,24UEC115,ARUN R,3rd Year,P,
2026-09-09,24UEC115,ARUN R,3rd Year,P,
2026-09-10,24UEC115,ARUN R,3rd Year,P,
2026-09-11,24UEC115,ARUN R,3rd Year,P,
2026-09-15,24UEC115,ARUN R,3rd Year,A,
2026-09-16,24UEC115,ARUN R,3rd Year,A,
2026-09-17,24UEC115,ARUN R,3rd Year,A,
2026-09-18,24UEC115,ARUN R,3rd Year,P,
2026-09-21,24UEC115,ARUN R,3rd Year,P,
2026-09-22,24UEC115,ARUN R,3rd Year,P,
2026-09-23,24UEC115,ARUN R,3rd Year,P,
2026-09-24,24UEC115,ARUN R,3rd Year,P,
2026-09-25,24UEC115,ARUN R,3rd Year,P,
2026-09-28,24UEC115,ARUN R,3rd Year,A,
2026-09-29,24UEC115,ARUN R,3rd Year,A,
2026-09-30,24UEC115,ARUN R,3rd Year,A,
2026-10-01,24UEC115,ARUN R,3rd Year,A,
2026-10-05,24UEC115,ARUN R,3rd Year,A,
2026-08-03,24UEC116,ARUNKUMAR P,3rd Year,P,
2026-08-04,24UEC116,ARUNKUMAR P,3rd Year,A,
2026-08-05,24UEC116,ARUNKUMAR P,3rd Year,P,
2026-08-06,24UEC116,ARUNKUMAR P,3rd Year,P,
2026-08-07,24UEC116,ARUNKUMAR P,3rd Year,P,
2026-08-10,24UEC116,ARUNKUMAR P,3rd Year,P,
2026-08-11,24UEC116,ARUNKUMAR P,3rd Year,P,
2026-08-12,24UEC116,ARUNKUMAR P,3rd Year,P,
2026-08-13,24UEC116,ARUNKUMAR P,3rd Year,P,
2026-08-14,24UEC116,ARUNKUMAR P,3rd Year,P,
2026-08-17,24UEC116,ARUNKUMAR P,3rd Year,P,
2026-08-18,24UEC116,ARUNKUMAR P,3rd Year,P,
2026-08-19,24UEC116,ARUNKUMAR P,3rd Year,P,
2026-08-21,24UEC116,ARUNKUMAR P,3rd Year,P,
2026-08-24,24UEC116,ARUNKUMAR P,3rd Year,P,
2026-08-25,24UEC116,ARUNKUMAR P,3rd Year,P,
2026-09-07,24UEC116,ARUNKUMAR P,3rd Year,A,
2026-09-08,24UEC116,ARUNKUMAR P,3rd Year,P,
2026-09-09,24UEC116,ARUNKUMAR P,3rd Year,A,
2026-09-10,24UEC116,ARUNKUMAR P,3rd Year,P,
2026-09-11,24UEC116,ARUNKUMAR P,3rd Year,P,
2026-09-15,24UEC116,ARUNKUMAR P,3rd Year,P,
2026-09-16,24UEC116,ARUNKUMAR P,3rd Year,P,
2026-09-17,24UEC116,ARUNKUMAR P,3rd Year,P,
2026-09-18,24UEC116,ARUNKUMAR P,3rd Year,P,
2026-09-21,24UEC116,ARUNKUMAR P,3rd Year,P,
2026-09-22,24UEC116,ARUNKUMAR P,3rd Year,P,
2026-09-23,24UEC116,ARUNKUMAR P,3rd Year,P,
2026-09-24,24UEC116,ARUNKUMAR P,3rd Year,P,
2026-09-25,24UEC116,ARUNKUMAR P,3rd Year,P,
2026-09-28,24UEC116,ARUNKUMAR P,3rd Year,P,
2026-09-29,24UEC116,ARUNKUMAR P,3rd Year,P,
2026-09-30,24UEC116,ARUNKUMAR P,3rd Year,P,
2026-10-01,24UEC116,ARUNKUMAR P,3rd Year,P,
2026-10-05,24UEC116,ARUNKUMAR P,3rd Year,P,
2026-08-03,24UEC117,ASHWIN K,3rd Year,A,
2026-08-04,24UEC117,ASHWIN K,3rd Year,A,
2026-08-05,24UEC117,ASHWIN K,3rd Year,P,
2026-08-06,24UEC117,ASHWIN K,3rd Year,P,
2026-08-07,24UEC117,ASHWIN K,3rd Year,P,
2026-08-10,24UEC117,ASHWIN K,3rd Year,P,
2026-08-11,24UEC117,ASHWIN K,3rd Year,P,
2026-08-12,24UEC117,ASHWIN K,3rd Year,A,
2026-08-13,24UEC117,ASHWIN K,3rd Year,P,
2026-08-14,24UEC117,ASHWIN K,3rd Year,P,
2026-08-17,24UEC117,ASHWIN K,3rd Year,P,
2026-08-18,24UEC117,ASHWIN K,3rd Year,P,
2026-08-19,24UEC117,ASHWIN K,3rd Year,P,
2026-08-21,24UEC117,ASHWIN K,3rd Year,P,
2026-08-24,24UEC117,ASHWIN K,3rd Year,P,
2026-08-25,24UEC117,ASHWIN K,3rd Year,P,
2026-09-07,24UEC117,ASHWIN K,3rd Year,P,
2026-09-08,24UEC117,ASHWIN K,3rd Year,P,
2026-09-09,24UEC117,ASHWIN K,3rd Year,A,
2026-09-10,24UEC117,ASHWIN K,3rd Year,P,
2026-09-11,24UEC117,ASHWIN K,3rd Year,P,
2026-09-15,24UEC117,ASHWIN K,3rd Year,P,
2026-09-16,24UEC117,ASHWIN K,3rd Year,P,
2026-09-17,24UEC117,ASHWIN K,3rd Year,P,
2026-09-18,24UEC117,ASHWIN K,3rd Year,A,
2026-09-21,24UEC117,ASHWIN K,3rd Year,P,
2026-09-22,24UEC117,ASHWIN K,3rd Year,P,
2026-09-23,24UEC117,ASHWIN K,3rd Year,P,
2026-09-24,24UEC117,ASHWIN K,3rd Year,A,
2026-09-25,24UEC117,ASHWIN K,3rd Year,P,
2026-09-28,24UEC117,ASHWIN K,3rd Year,P,
2026-09-29,24UEC117,ASHWIN K,3rd Year,P,
2026-09-30,24UEC117,ASHWIN K,3rd Year,P,
2026-10-01,24UEC117,ASHWIN K,3rd Year,P,
2026-10-05,24UEC117,ASHWIN K,3rd Year,P,
2026-08-03,24UEC118,BALAMURUGAN R,3rd Year,P,
2026-08-04,24UEC118,BALAMURUGAN R,3rd Year,A,
2026-08-05,24UEC118,BALAMURUGAN R,3rd Year,P,
2026-08-06,24UEC118,BALAMURUGAN R,3rd Year,P,
2026-08-07,24UEC118,BALAMURUGAN R,3rd Year,P,
2026-08-10,24UEC118,BALAMURUGAN R,3rd Year,P,
2026-08-11,24UEC118,BALAMURUGAN R,3rd Year,P,
2026-08-12,24UEC118,BALAMURUGAN R,3rd Year,P,
2026-08-13,24UEC118,BALAMURUGAN R,3rd Year,P,
2026-08-14,24UEC118,BALAMURUGAN R,3rd Year,P,
2026-08-17,24UEC118,BALAMURUGAN R,3rd Year,P,
2026-08-18,24UEC118,BALAMURUGAN R,3rd Year,P,
2026-08-19,24UEC118,BALAMURUGAN R,3rd Year,P,
2026-08-21,24UEC118,BALAMURUGAN R,3rd Year,P,
2026-08-24,24UEC118,BALAMURUGAN R,3rd Year,A,
2026-08-25,24UEC118,BALAMURUGAN R,3rd Year,A,
2026-09-07,24UEC118,BALAMURUGAN R,3rd Year,A,
2026-09-08,24UEC118,BALAMURUGAN R,3rd Year,A,
2026-09-09,24UEC118,BALAMURUGAN R,3rd Year,A,
2026-09-10,24UEC118,BALAMURUGAN R,3rd Year,A,
2026-09-11,24UEC118,BALAMURUGAN R,3rd Year,A,
2026-09-15,24UEC118,BALAMURUGAN R,3rd Year,A,
2026-09-16,24UEC118,BALAMURUGAN R,3rd Year,A,
2026-09-17,24UEC118,BALAMURUGAN R,3rd Year,A,
2026-09-18,24UEC118,BALAMURUGAN R,3rd Year,A,
2026-09-21,24UEC118,BALAMURUGAN R,3rd Year,A,
2026-09-22,24UEC118,BALAMURUGAN R,3rd Year,A,
2026-09-23,24UEC118,BALAMURUGAN R,3rd Year,A,
2026-09-24,24UEC118,BALAMURUGAN R,3rd Year,A,
2026-09-25,24UEC118,BALAMURUGAN R,3rd Year,A,
2026-09-28,24UEC118,BALAMURUGAN R,3rd Year,A,
2026-09-29,24UEC118,BALAMURUGAN R,3rd Year,A,
2026-09-30,24UEC118,BALAMURUGAN R,3rd Year,A,
2026-10-01,24UEC118,BALAMURUGAN R,3rd Year,A,
2026-10-05,24UEC118,BALAMURUGAN R,3rd Year,A,
2026-08-03,24UEC119,BHAAVANA K,3rd Year,A,
2026-08-04,24UEC119,BHAAVANA K,3rd Year,A,
2026-08-05,24UEC119,BHAAVANA K,3rd Year,P,
2026-08-06,24UEC119,BHAAVANA K,3rd Year,P,
2026-08-07,24UEC119,BHAAVANA K,3rd Year,P,
2026-08-10,24UEC119,BHAAVANA K,3rd Year,P,
2026-08-11,24UEC119,BHAAVANA K,3rd Year,P,
2026-08-12,24UEC119,BHAAVANA K,3rd Year,P,
2026-08-13,24UEC119,BHAAVANA K,3rd Year,P,
2026-08-14,24UEC119,BHAAVANA K,3rd Year,P,
2026-08-17,24UEC119,BHAAVANA K,3rd Year,A,
2026-08-18,24UEC119,BHAAVANA K,3rd Year,P,
2026-08-19,24UEC119,BHAAVANA K,3rd Year,P,
2026-08-21,24UEC119,BHAAVANA K,3rd Year,A,
2026-08-24,24UEC119,BHAAVANA K,3rd Year,A,
2026-08-25,24UEC119,BHAAVANA K,3rd Year,A,
2026-09-07,24UEC119,BHAAVANA K,3rd Year,A,
2026-09-08,24UEC119,BHAAVANA K,3rd Year,P,
2026-09-09,24UEC119,BHAAVANA K,3rd Year,P,
2026-09-10,24UEC119,BHAAVANA K,3rd Year,P,
2026-09-11,24UEC119,BHAAVANA K,3rd Year,P,
2026-09-15,24UEC119,BHAAVANA K,3rd Year,P,
2026-09-16,24UEC119,BHAAVANA K,3rd Year,P,
2026-09-17,24UEC119,BHAAVANA K,3rd Year,P,
2026-09-18,24UEC119,BHAAVANA K,3rd Year,P,
2026-09-21,24UEC119,BHAAVANA K,3rd Year,P,
2026-09-22,24UEC119,BHAAVANA K,3rd Year,P,
2026-09-23,24UEC119,BHAAVANA K,3rd Year,P,
2026-09-24,24UEC119,BHAAVANA K,3rd Year,P,
2026-09-25,24UEC119,BHAAVANA K,3rd Year,P,
2026-09-28,24UEC119,BHAAVANA K,3rd Year,P,
2026-09-29,24UEC119,BHAAVANA K,3rd Year,P,
2026-09-30,24UEC119,BHAAVANA K,3rd Year,P,
2026-10-01,24UEC119,BHAAVANA K,3rd Year,P,
2026-10-05,24UEC119,BHAAVANA K,3rd Year,P,
2026-08-03,24UEC121,BHAVASRI MAHALAKSHMI C,3rd Year,P,
2026-08-04,24UEC121,BHAVASRI MAHALAKSHMI C,3rd Year,A,
2026-08-05,24UEC121,BHAVASRI MAHALAKSHMI C,3rd Year,P,
2026-08-06,24UEC121,BHAVASRI MAHALAKSHMI C,3rd Year,P,
2026-08-07,24UEC121,BHAVASRI MAHALAKSHMI C,3rd Year,P,
2026-08-10,24UEC121,BHAVASRI MAHALAKSHMI C,3rd Year,P,
2026-08-11,24UEC121,BHAVASRI MAHALAKSHMI C,3rd Year,P,
2026-08-12,24UEC121,BHAVASRI MAHALAKSHMI C,3rd Year,P,
2026-08-13,24UEC121,BHAVASRI MAHALAKSHMI C,3rd Year,P,
2026-08-14,24UEC121,BHAVASRI MAHALAKSHMI C,3rd Year,P,
2026-08-17,24UEC121,BHAVASRI MAHALAKSHMI C,3rd Year,A,
2026-08-18,24UEC121,BHAVASRI MAHALAKSHMI C,3rd Year,P,
2026-08-19,24UEC121,BHAVASRI MAHALAKSHMI C,3rd Year,P,
2026-08-21,24UEC121,BHAVASRI MAHALAKSHMI C,3rd Year,A,
2026-08-24,24UEC121,BHAVASRI MAHALAKSHMI C,3rd Year,P,
2026-08-25,24UEC121,BHAVASRI MAHALAKSHMI C,3rd Year,A,
2026-09-07,24UEC121,BHAVASRI MAHALAKSHMI C,3rd Year,A,
2026-09-08,24UEC121,BHAVASRI MAHALAKSHMI C,3rd Year,P,
2026-09-09,24UEC121,BHAVASRI MAHALAKSHMI C,3rd Year,P,
2026-09-10,24UEC121,BHAVASRI MAHALAKSHMI C,3rd Year,P,
2026-09-11,24UEC121,BHAVASRI MAHALAKSHMI C,3rd Year,P,
2026-09-15,24UEC121,BHAVASRI MAHALAKSHMI C,3rd Year,A,
2026-09-16,24UEC121,BHAVASRI MAHALAKSHMI C,3rd Year,P,
2026-09-17,24UEC121,BHAVASRI MAHALAKSHMI C,3rd Year,P,
2026-09-18,24UEC121,BHAVASRI MAHALAKSHMI C,3rd Year,P,
2026-09-21,24UEC121,BHAVASRI MAHALAKSHMI C,3rd Year,P,
2026-09-22,24UEC121,BHAVASRI MAHALAKSHMI C,3rd Year,A,
2026-09-23,24UEC121,BHAVASRI MAHALAKSHMI C,3rd Year,A,
2026-09-24,24UEC121,BHAVASRI MAHALAKSHMI C,3rd Year,P,
2026-09-25,24UEC121,BHAVASRI MAHALAKSHMI C,3rd Year,P,
2026-09-28,24UEC121,BHAVASRI MAHALAKSHMI C,3rd Year,A,
2026-09-29,24UEC121,BHAVASRI MAHALAKSHMI C,3rd Year,P,
2026-09-30,24UEC121,BHAVASRI MAHALAKSHMI C,3rd Year,P,
2026-10-01,24UEC121,BHAVASRI MAHALAKSHMI C,3rd Year,P,
2026-10-05,24UEC121,BHAVASRI MAHALAKSHMI C,3rd Year,A,
2026-08-03,24UEC122,CHRISTOBER A,3rd Year,P,
2026-08-04,24UEC122,CHRISTOBER A,3rd Year,A,
2026-08-05,24UEC122,CHRISTOBER A,3rd Year,P,
2026-08-06,24UEC122,CHRISTOBER A,3rd Year,P,
2026-08-07,24UEC122,CHRISTOBER A,3rd Year,P,
2026-08-10,24UEC122,CHRISTOBER A,3rd Year,P,
2026-08-11,24UEC122,CHRISTOBER A,3rd Year,P,
2026-08-12,24UEC122,CHRISTOBER A,3rd Year,P,
2026-08-13,24UEC122,CHRISTOBER A,3rd Year,P,
2026-08-14,24UEC122,CHRISTOBER A,3rd Year,A,
2026-08-17,24UEC122,CHRISTOBER A,3rd Year,P,
2026-08-18,24UEC122,CHRISTOBER A,3rd Year,P,
2026-08-19,24UEC122,CHRISTOBER A,3rd Year,A,
2026-08-21,24UEC122,CHRISTOBER A,3rd Year,P,
2026-08-24,24UEC122,CHRISTOBER A,3rd Year,A,
2026-08-25,24UEC122,CHRISTOBER A,3rd Year,P,
2026-09-07,24UEC122,CHRISTOBER A,3rd Year,P,
2026-09-08,24UEC122,CHRISTOBER A,3rd Year,A,
2026-09-09,24UEC122,CHRISTOBER A,3rd Year,P,
2026-09-10,24UEC122,CHRISTOBER A,3rd Year,A,
2026-09-11,24UEC122,CHRISTOBER A,3rd Year,P,
2026-09-15,24UEC122,CHRISTOBER A,3rd Year,A,
2026-09-16,24UEC122,CHRISTOBER A,3rd Year,A,
2026-09-17,24UEC122,CHRISTOBER A,3rd Year,P,
2026-09-18,24UEC122,CHRISTOBER A,3rd Year,P,
2026-09-21,24UEC122,CHRISTOBER A,3rd Year,A,
2026-09-22,24UEC122,CHRISTOBER A,3rd Year,P,
2026-09-23,24UEC122,CHRISTOBER A,3rd Year,P,
2026-09-24,24UEC122,CHRISTOBER A,3rd Year,A,
2026-09-25,24UEC122,CHRISTOBER A,3rd Year,P,
2026-09-28,24UEC122,CHRISTOBER A,3rd Year,A,
2026-09-29,24UEC122,CHRISTOBER A,3rd Year,A,
2026-09-30,24UEC122,CHRISTOBER A,3rd Year,A,
2026-10-01,24UEC122,CHRISTOBER A,3rd Year,A,
2026-10-05,24UEC122,CHRISTOBER A,3rd Year,A,
2026-08-03,24UEC123,DAYALAN S,3rd Year,P,
2026-08-04,24UEC123,DAYALAN S,3rd Year,A,
2026-08-05,24UEC123,DAYALAN S,3rd Year,P,
2026-08-06,24UEC123,DAYALAN S,3rd Year,P,
2026-08-07,24UEC123,DAYALAN S,3rd Year,P,
2026-08-10,24UEC123,DAYALAN S,3rd Year,P,
2026-08-11,24UEC123,DAYALAN S,3rd Year,P,
2026-08-12,24UEC123,DAYALAN S,3rd Year,P,
2026-08-13,24UEC123,DAYALAN S,3rd Year,P,
2026-08-14,24UEC123,DAYALAN S,3rd Year,P,
2026-08-17,24UEC123,DAYALAN S,3rd Year,P,
2026-08-18,24UEC123,DAYALAN S,3rd Year,P,
2026-08-19,24UEC123,DAYALAN S,3rd Year,P,
2026-08-21,24UEC123,DAYALAN S,3rd Year,P,
2026-08-24,24UEC123,DAYALAN S,3rd Year,P,
2026-08-25,24UEC123,DAYALAN S,3rd Year,P,
2026-09-07,24UEC123,DAYALAN S,3rd Year,A,
2026-09-08,24UEC123,DAYALAN S,3rd Year,P,
2026-09-09,24UEC123,DAYALAN S,3rd Year,A,
2026-09-10,24UEC123,DAYALAN S,3rd Year,A,
2026-09-11,24UEC123,DAYALAN S,3rd Year,P,
2026-09-15,24UEC123,DAYALAN S,3rd Year,P,
2026-09-16,24UEC123,DAYALAN S,3rd Year,P,
2026-09-17,24UEC123,DAYALAN S,3rd Year,P,
2026-09-18,24UEC123,DAYALAN S,3rd Year,A,
2026-09-21,24UEC123,DAYALAN S,3rd Year,P,
2026-09-22,24UEC123,DAYALAN S,3rd Year,A,
2026-09-23,24UEC123,DAYALAN S,3rd Year,P,
2026-09-24,24UEC123,DAYALAN S,3rd Year,P,
2026-09-25,24UEC123,DAYALAN S,3rd Year,P,
2026-09-28,24UEC123,DAYALAN S,3rd Year,A,
2026-09-29,24UEC123,DAYALAN S,3rd Year,P,
2026-09-30,24UEC123,DAYALAN S,3rd Year,P,
2026-10-01,24UEC123,DAYALAN S,3rd Year,P,
2026-10-05,24UEC123,DAYALAN S,3rd Year,P,
2026-08-03,24UEC127,DHARINEESH P S,3rd Year,P,
2026-08-04,24UEC127,DHARINEESH P S,3rd Year,A,
2026-08-05,24UEC127,DHARINEESH P S,3rd Year,P,
2026-08-06,24UEC127,DHARINEESH P S,3rd Year,P,
2026-08-07,24UEC127,DHARINEESH P S,3rd Year,A,
2026-08-10,24UEC127,DHARINEESH P S,3rd Year,P,
2026-08-11,24UEC127,DHARINEESH P S,3rd Year,P,
2026-08-12,24UEC127,DHARINEESH P S,3rd Year,P,
2026-08-13,24UEC127,DHARINEESH P S,3rd Year,P,
2026-08-14,24UEC127,DHARINEESH P S,3rd Year,P,
2026-08-17,24UEC127,DHARINEESH P S,3rd Year,P,
2026-08-18,24UEC127,DHARINEESH P S,3rd Year,P,
2026-08-19,24UEC127,DHARINEESH P S,3rd Year,P,
2026-08-21,24UEC127,DHARINEESH P S,3rd Year,P,
2026-08-24,24UEC127,DHARINEESH P S,3rd Year,P,
2026-08-25,24UEC127,DHARINEESH P S,3rd Year,P,
2026-09-07,24UEC127,DHARINEESH P S,3rd Year,P,
2026-09-08,24UEC127,DHARINEESH P S,3rd Year,P,
2026-09-09,24UEC127,DHARINEESH P S,3rd Year,P,
2026-09-10,24UEC127,DHARINEESH P S,3rd Year,P,
2026-09-11,24UEC127,DHARINEESH P S,3rd Year,P,
2026-09-15,24UEC127,DHARINEESH P S,3rd Year,P,
2026-09-16,24UEC127,DHARINEESH P S,3rd Year,P,
2026-09-17,24UEC127,DHARINEESH P S,3rd Year,P,
2026-09-18,24UEC127,DHARINEESH P S,3rd Year,P,
2026-09-21,24UEC127,DHARINEESH P S,3rd Year,P,
2026-09-22,24UEC127,DHARINEESH P S,3rd Year,P,
2026-09-23,24UEC127,DHARINEESH P S,3rd Year,P,
2026-09-24,24UEC127,DHARINEESH P S,3rd Year,P,
2026-09-25,24UEC127,DHARINEESH P S,3rd Year,P,
2026-09-28,24UEC127,DHARINEESH P S,3rd Year,A,
2026-09-29,24UEC127,DHARINEESH P S,3rd Year,P,
2026-09-30,24UEC127,DHARINEESH P S,3rd Year,P,
2026-10-01,24UEC127,DHARINEESH P S,3rd Year,P,
2026-10-05,24UEC127,DHARINEESH P S,3rd Year,A,
2026-08-03,24UEC130,HARINE M,3rd Year,P,
2026-08-04,24UEC130,HARINE M,3rd Year,A,
2026-08-05,24UEC130,HARINE M,3rd Year,P,
2026-08-06,24UEC130,HARINE M,3rd Year,A,
2026-08-07,24UEC130,HARINE M,3rd Year,A,
2026-08-10,24UEC130,HARINE M,3rd Year,A,
2026-08-11,24UEC130,HARINE M,3rd Year,A,
2026-08-12,24UEC130,HARINE M,3rd Year,P,
2026-08-13,24UEC130,HARINE M,3rd Year,P,
2026-08-14,24UEC130,HARINE M,3rd Year,P,
2026-08-17,24UEC130,HARINE M,3rd Year,P,
2026-08-18,24UEC130,HARINE M,3rd Year,P,
2026-08-19,24UEC130,HARINE M,3rd Year,P,
2026-08-21,24UEC130,HARINE M,3rd Year,P,
2026-08-24,24UEC130,HARINE M,3rd Year,P,
2026-08-25,24UEC130,HARINE M,3rd Year,A,
2026-09-07,24UEC130,HARINE M,3rd Year,P,
2026-09-08,24UEC130,HARINE M,3rd Year,P,
2026-09-09,24UEC130,HARINE M,3rd Year,P,
2026-09-10,24UEC130,HARINE M,3rd Year,P,
2026-09-11,24UEC130,HARINE M,3rd Year,P,
2026-09-15,24UEC130,HARINE M,3rd Year,A,
2026-09-16,24UEC130,HARINE M,3rd Year,P,
2026-09-17,24UEC130,HARINE M,3rd Year,P,
2026-09-18,24UEC130,HARINE M,3rd Year,P,
2026-09-21,24UEC130,HARINE M,3rd Year,A,
2026-09-22,24UEC130,HARINE M,3rd Year,A,
2026-09-23,24UEC130,HARINE M,3rd Year,P,
2026-09-24,24UEC130,HARINE M,3rd Year,P,
2026-09-25,24UEC130,HARINE M,3rd Year,A,
2026-09-28,24UEC130,HARINE M,3rd Year,P,
2026-09-29,24UEC130,HARINE M,3rd Year,P,
2026-09-30,24UEC130,HARINE M,3rd Year,A,
2026-10-01,24UEC130,HARINE M,3rd Year,P,
2026-10-05,24UEC130,HARINE M,3rd Year,P,
2026-08-03,24UEC131,HARINI N,3rd Year,P,
2026-08-04,24UEC131,HARINI N,3rd Year,A,
2026-08-05,24UEC131,HARINI N,3rd Year,P,
2026-08-06,24UEC131,HARINI N,3rd Year,P,
2026-08-07,24UEC131,HARINI N,3rd Year,P,
2026-08-10,24UEC131,HARINI N,3rd Year,P,
2026-08-11,24UEC131,HARINI N,3rd Year,P,
2026-08-12,24UEC131,HARINI N,3rd Year,A,
2026-08-13,24UEC131,HARINI N,3rd Year,A,
2026-08-14,24UEC131,HARINI N,3rd Year,A,
2026-08-17,24UEC131,HARINI N,3rd Year,P,
2026-08-18,24UEC131,HARINI N,3rd Year,P,
2026-08-19,24UEC131,HARINI N,3rd Year,P,
2026-08-21,24UEC131,HARINI N,3rd Year,P,
2026-08-24,24UEC131,HARINI N,3rd Year,P,
2026-08-25,24UEC131,HARINI N,3rd Year,A,
2026-09-07,24UEC131,HARINI N,3rd Year,A,
2026-09-08,24UEC131,HARINI N,3rd Year,P,
2026-09-09,24UEC131,HARINI N,3rd Year,P,
2026-09-10,24UEC131,HARINI N,3rd Year,P,
2026-09-11,24UEC131,HARINI N,3rd Year,A,
2026-09-15,24UEC131,HARINI N,3rd Year,P,
2026-09-16,24UEC131,HARINI N,3rd Year,P,
2026-09-17,24UEC131,HARINI N,3rd Year,P,
2026-09-18,24UEC131,HARINI N,3rd Year,P,
2026-09-21,24UEC131,HARINI N,3rd Year,P,
2026-09-22,24UEC131,HARINI N,3rd Year,P,
2026-09-23,24UEC131,HARINI N,3rd Year,P,
2026-09-24,24UEC131,HARINI N,3rd Year,P,
2026-09-25,24UEC131,HARINI N,3rd Year,P,
2026-09-28,24UEC131,HARINI N,3rd Year,P,
2026-09-29,24UEC131,HARINI N,3rd Year,P,
2026-09-30,24UEC131,HARINI N,3rd Year,P,
2026-10-01,24UEC131,HARINI N,3rd Year,P,
2026-10-05,24UEC131,HARINI N,3rd Year,A,
2026-08-03,24UEC132,HARINIKA D R,3rd Year,P,
2026-08-04,24UEC132,HARINIKA D R,3rd Year,A,
2026-08-05,24UEC132,HARINIKA D R,3rd Year,P,
2026-08-06,24UEC132,HARINIKA D R,3rd Year,P,
2026-08-07,24UEC132,HARINIKA D R,3rd Year,P,
2026-08-10,24UEC132,HARINIKA D R,3rd Year,P,
2026-08-11,24UEC132,HARINIKA D R,3rd Year,P,
2026-08-12,24UEC132,HARINIKA D R,3rd Year,P,
2026-08-13,24UEC132,HARINIKA D R,3rd Year,P,
2026-08-14,24UEC132,HARINIKA D R,3rd Year,P,
2026-08-17,24UEC132,HARINIKA D R,3rd Year,P,
2026-08-18,24UEC132,HARINIKA D R,3rd Year,P,
2026-08-19,24UEC132,HARINIKA D R,3rd Year,P,
2026-08-21,24UEC132,HARINIKA D R,3rd Year,P,
2026-08-24,24UEC132,HARINIKA D R,3rd Year,P,
2026-08-25,24UEC132,HARINIKA D R,3rd Year,A,
2026-09-07,24UEC132,HARINIKA D R,3rd Year,P,
2026-09-08,24UEC132,HARINIKA D R,3rd Year,P,
2026-09-09,24UEC132,HARINIKA D R,3rd Year,P,
2026-09-10,24UEC132,HARINIKA D R,3rd Year,P,
2026-09-11,24UEC132,HARINIKA D R,3rd Year,P,
2026-09-15,24UEC132,HARINIKA D R,3rd Year,P,
2026-09-16,24UEC132,HARINIKA D R,3rd Year,P,
2026-09-17,24UEC132,HARINIKA D R,3rd Year,P,
2026-09-18,24UEC132,HARINIKA D R,3rd Year,P,
2026-09-21,24UEC132,HARINIKA D R,3rd Year,P,
2026-09-22,24UEC132,HARINIKA D R,3rd Year,P,
2026-09-23,24UEC132,HARINIKA D R,3rd Year,P,
2026-09-24,24UEC132,HARINIKA D R,3rd Year,A,
2026-09-25,24UEC132,HARINIKA D R,3rd Year,A,
2026-09-28,24UEC132,HARINIKA D R,3rd Year,P,
2026-09-29,24UEC132,HARINIKA D R,3rd Year,P,
2026-09-30,24UEC132,HARINIKA D R,3rd Year,P,
2026-10-01,24UEC132,HARINIKA D R,3rd Year,P,
2026-10-05,24UEC132,HARINIKA D R,3rd Year,P,
2026-08-03,24UEC133,HARISH S,3rd Year,A,
2026-08-04,24UEC133,HARISH S,3rd Year,A,
2026-08-05,24UEC133,HARISH S,3rd Year,P,
2026-08-06,24UEC133,HARISH S,3rd Year,P,
2026-08-07,24UEC133,HARISH S,3rd Year,P,
2026-08-10,24UEC133,HARISH S,3rd Year,P,
2026-08-11,24UEC133,HARISH S,3rd Year,P,
2026-08-12,24UEC133,HARISH S,3rd Year,A,
2026-08-13,24UEC133,HARISH S,3rd Year,A,
2026-08-14,24UEC133,HARISH S,3rd Year,P,
2026-08-17,24UEC133,HARISH S,3rd Year,P,
2026-08-18,24UEC133,HARISH S,3rd Year,P,
2026-08-19,24UEC133,HARISH S,3rd Year,P,
2026-08-21,24UEC133,HARISH S,3rd Year,P,
2026-08-24,24UEC133,HARISH S,3rd Year,A,
2026-08-25,24UEC133,HARISH S,3rd Year,P,
2026-09-07,24UEC133,HARISH S,3rd Year,P,
2026-09-08,24UEC133,HARISH S,3rd Year,P,
2026-09-09,24UEC133,HARISH S,3rd Year,P,
2026-09-10,24UEC133,HARISH S,3rd Year,P,
2026-09-11,24UEC133,HARISH S,3rd Year,P,
2026-09-15,24UEC133,HARISH S,3rd Year,A,
2026-09-16,24UEC133,HARISH S,3rd Year,P,
2026-09-17,24UEC133,HARISH S,3rd Year,P,
2026-09-18,24UEC133,HARISH S,3rd Year,P,
2026-09-21,24UEC133,HARISH S,3rd Year,P,
2026-09-22,24UEC133,HARISH S,3rd Year,A,
2026-09-23,24UEC133,HARISH S,3rd Year,P,
2026-09-24,24UEC133,HARISH S,3rd Year,P,
2026-09-25,24UEC133,HARISH S,3rd Year,P,
2026-09-28,24UEC133,HARISH S,3rd Year,P,
2026-09-29,24UEC133,HARISH S,3rd Year,P,
2026-09-30,24UEC133,HARISH S,3rd Year,P,
2026-10-01,24UEC133,HARISH S,3rd Year,P,
2026-10-05,24UEC133,HARISH S,3rd Year,A,
2026-08-03,24UEC134,HARSHITHA P,3rd Year,P,
2026-08-04,24UEC134,HARSHITHA P,3rd Year,A,
2026-08-05,24UEC134,HARSHITHA P,3rd Year,A,
2026-08-06,24UEC134,HARSHITHA P,3rd Year,P,
2026-08-07,24UEC134,HARSHITHA P,3rd Year,P,
2026-08-10,24UEC134,HARSHITHA P,3rd Year,P,
2026-08-11,24UEC134,HARSHITHA P,3rd Year,P,
2026-08-12,24UEC134,HARSHITHA P,3rd Year,P,
2026-08-13,24UEC134,HARSHITHA P,3rd Year,P,
2026-08-14,24UEC134,HARSHITHA P,3rd Year,P,
2026-08-17,24UEC134,HARSHITHA P,3rd Year,P,
2026-08-18,24UEC134,HARSHITHA P,3rd Year,P,
2026-08-19,24UEC134,HARSHITHA P,3rd Year,P,
2026-08-21,24UEC134,HARSHITHA P,3rd Year,P,
2026-08-24,24UEC134,HARSHITHA P,3rd Year,P,
2026-08-25,24UEC134,HARSHITHA P,3rd Year,P,
2026-09-07,24UEC134,HARSHITHA P,3rd Year,P,
2026-09-08,24UEC134,HARSHITHA P,3rd Year,P,
2026-09-09,24UEC134,HARSHITHA P,3rd Year,P,
2026-09-10,24UEC134,HARSHITHA P,3rd Year,P,
2026-09-11,24UEC134,HARSHITHA P,3rd Year,P,
2026-09-15,24UEC134,HARSHITHA P,3rd Year,P,
2026-09-16,24UEC134,HARSHITHA P,3rd Year,P,
2026-09-17,24UEC134,HARSHITHA P,3rd Year,A,
2026-09-18,24UEC134,HARSHITHA P,3rd Year,P,
2026-09-21,24UEC134,HARSHITHA P,3rd Year,P,
2026-09-22,24UEC134,HARSHITHA P,3rd Year,P,
2026-09-23,24UEC134,HARSHITHA P,3rd Year,P,
2026-09-24,24UEC134,HARSHITHA P,3rd Year,P,
2026-09-25,24UEC134,HARSHITHA P,3rd Year,P,
2026-09-28,24UEC134,HARSHITHA P,3rd Year,P,
2026-09-29,24UEC134,HARSHITHA P,3rd Year,P,
2026-09-30,24UEC134,HARSHITHA P,3rd Year,P,
2026-10-01,24UEC134,HARSHITHA P,3rd Year,A,
2026-10-05,24UEC134,HARSHITHA P,3rd Year,P,
2026-08-03,24UEC136,HARSHITHAA S V,3rd Year,P,
2026-08-04,24UEC136,HARSHITHAA S V,3rd Year,A,
2026-08-05,24UEC136,HARSHITHAA S V,3rd Year,P,
2026-08-06,24UEC136,HARSHITHAA S V,3rd Year,P,
2026-08-07,24UEC136,HARSHITHAA S V,3rd Year,P,
2026-08-10,24UEC136,HARSHITHAA S V,3rd Year,P,
2026-08-11,24UEC136,HARSHITHAA S V,3rd Year,P,
2026-08-12,24UEC136,HARSHITHAA S V,3rd Year,P,
2026-08-13,24UEC136,HARSHITHAA S V,3rd Year,P,
2026-08-14,24UEC136,HARSHITHAA S V,3rd Year,P,
2026-08-17,24UEC136,HARSHITHAA S V,3rd Year,P,
2026-08-18,24UEC136,HARSHITHAA S V,3rd Year,A,
2026-08-19,24UEC136,HARSHITHAA S V,3rd Year,P,
2026-08-21,24UEC136,HARSHITHAA S V,3rd Year,P,
2026-08-24,24UEC136,HARSHITHAA S V,3rd Year,P,
2026-08-25,24UEC136,HARSHITHAA S V,3rd Year,P,
2026-09-07,24UEC136,HARSHITHAA S V,3rd Year,P,
2026-09-08,24UEC136,HARSHITHAA S V,3rd Year,P,
2026-09-09,24UEC136,HARSHITHAA S V,3rd Year,P,
2026-09-10,24UEC136,HARSHITHAA S V,3rd Year,P,
2026-09-11,24UEC136,HARSHITHAA S V,3rd Year,A,
2026-09-15,24UEC136,HARSHITHAA S V,3rd Year,A,
2026-09-16,24UEC136,HARSHITHAA S V,3rd Year,P,
2026-09-17,24UEC136,HARSHITHAA S V,3rd Year,P,
2026-09-18,24UEC136,HARSHITHAA S V,3rd Year,P,
2026-09-21,24UEC136,HARSHITHAA S V,3rd Year,P,
2026-09-22,24UEC136,HARSHITHAA S V,3rd Year,P,
2026-09-23,24UEC136,HARSHITHAA S V,3rd Year,P,
2026-09-24,24UEC136,HARSHITHAA S V,3rd Year,P,
2026-09-25,24UEC136,HARSHITHAA S V,3rd Year,P,
2026-09-28,24UEC136,HARSHITHAA S V,3rd Year,P,
2026-09-29,24UEC136,HARSHITHAA S V,3rd Year,P,
2026-09-30,24UEC136,HARSHITHAA S V,3rd Year,P,
2026-10-01,24UEC136,HARSHITHAA S V,3rd Year,P,
2026-10-05,24UEC136,HARSHITHAA S V,3rd Year,P,
2026-08-03,24UEC137,HEERTHANA A S,3rd Year,A,
2026-08-04,24UEC137,HEERTHANA A S,3rd Year,A,
2026-08-05,24UEC137,HEERTHANA A S,3rd Year,P,
2026-08-06,24UEC137,HEERTHANA A S,3rd Year,P,
2026-08-07,24UEC137,HEERTHANA A S,3rd Year,P,
2026-08-10,24UEC137,HEERTHANA A S,3rd Year,P,
2026-08-11,24UEC137,HEERTHANA A S,3rd Year,P,
2026-08-12,24UEC137,HEERTHANA A S,3rd Year,P,
2026-08-13,24UEC137,HEERTHANA A S,3rd Year,P,
2026-08-14,24UEC137,HEERTHANA A S,3rd Year,P,
2026-08-17,24UEC137,HEERTHANA A S,3rd Year,P,
2026-08-18,24UEC137,HEERTHANA A S,3rd Year,A,
2026-08-19,24UEC137,HEERTHANA A S,3rd Year,P,
2026-08-21,24UEC137,HEERTHANA A S,3rd Year,P,
2026-08-24,24UEC137,HEERTHANA A S,3rd Year,P,
2026-08-25,24UEC137,HEERTHANA A S,3rd Year,A,
2026-09-07,24UEC137,HEERTHANA A S,3rd Year,P,
2026-09-08,24UEC137,HEERTHANA A S,3rd Year,P,
2026-09-09,24UEC137,HEERTHANA A S,3rd Year,P,
2026-09-10,24UEC137,HEERTHANA A S,3rd Year,P,
2026-09-11,24UEC137,HEERTHANA A S,3rd Year,P,
2026-09-15,24UEC137,HEERTHANA A S,3rd Year,A,
2026-09-16,24UEC137,HEERTHANA A S,3rd Year,P,
2026-09-17,24UEC137,HEERTHANA A S,3rd Year,P,
2026-09-18,24UEC137,HEERTHANA A S,3rd Year,P,
2026-09-21,24UEC137,HEERTHANA A S,3rd Year,P,
2026-09-22,24UEC137,HEERTHANA A S,3rd Year,P,
2026-09-23,24UEC137,HEERTHANA A S,3rd Year,P,
2026-09-24,24UEC137,HEERTHANA A S,3rd Year,P,
2026-09-25,24UEC137,HEERTHANA A S,3rd Year,P,
2026-09-28,24UEC137,HEERTHANA A S,3rd Year,P,
2026-09-29,24UEC137,HEERTHANA A S,3rd Year,A,
2026-09-30,24UEC137,HEERTHANA A S,3rd Year,P,
2026-10-01,24UEC137,HEERTHANA A S,3rd Year,A,
2026-10-05,24UEC137,HEERTHANA A S,3rd Year,P,
2026-08-03,24UEC140,KAMESH KUMAR M,3rd Year,P,
2026-08-04,24UEC140,KAMESH KUMAR M,3rd Year,A,
2026-08-05,24UEC140,KAMESH KUMAR M,3rd Year,P,
2026-08-06,24UEC140,KAMESH KUMAR M,3rd Year,P,
2026-08-07,24UEC140,KAMESH KUMAR M,3rd Year,P,
2026-08-10,24UEC140,KAMESH KUMAR M,3rd Year,P,
2026-08-11,24UEC140,KAMESH KUMAR M,3rd Year,A,
2026-08-12,24UEC140,KAMESH KUMAR M,3rd Year,P,
2026-08-13,24UEC140,KAMESH KUMAR M,3rd Year,P,
2026-08-14,24UEC140,KAMESH KUMAR M,3rd Year,P,
2026-08-17,24UEC140,KAMESH KUMAR M,3rd Year,P,
2026-08-18,24UEC140,KAMESH KUMAR M,3rd Year,P,
2026-08-19,24UEC140,KAMESH KUMAR M,3rd Year,P,
2026-08-21,24UEC140,KAMESH KUMAR M,3rd Year,P,
2026-08-24,24UEC140,KAMESH KUMAR M,3rd Year,P,
2026-08-25,24UEC140,KAMESH KUMAR M,3rd Year,P,
2026-09-07,24UEC140,KAMESH KUMAR M,3rd Year,A,
2026-09-08,24UEC140,KAMESH KUMAR M,3rd Year,P,
2026-09-09,24UEC140,KAMESH KUMAR M,3rd Year,A,
2026-09-10,24UEC140,KAMESH KUMAR M,3rd Year,P,
2026-09-11,24UEC140,KAMESH KUMAR M,3rd Year,P,
2026-09-15,24UEC140,KAMESH KUMAR M,3rd Year,A,
2026-09-16,24UEC140,KAMESH KUMAR M,3rd Year,P,
2026-09-17,24UEC140,KAMESH KUMAR M,3rd Year,P,
2026-09-18,24UEC140,KAMESH KUMAR M,3rd Year,P,
2026-09-21,24UEC140,KAMESH KUMAR M,3rd Year,P,
2026-09-22,24UEC140,KAMESH KUMAR M,3rd Year,P,
2026-09-23,24UEC140,KAMESH KUMAR M,3rd Year,P,
2026-09-24,24UEC140,KAMESH KUMAR M,3rd Year,P,
2026-09-25,24UEC140,KAMESH KUMAR M,3rd Year,P,
2026-09-28,24UEC140,KAMESH KUMAR M,3rd Year,P,
2026-09-29,24UEC140,KAMESH KUMAR M,3rd Year,P,
2026-09-30,24UEC140,KAMESH KUMAR M,3rd Year,P,
2026-10-01,24UEC140,KAMESH KUMAR M,3rd Year,P,
2026-10-05,24UEC140,KAMESH KUMAR M,3rd Year,P,
2026-08-03,24UEC144,KARTHIKEYAN C,3rd Year,P,
2026-08-04,24UEC144,KARTHIKEYAN C,3rd Year,A,
2026-08-05,24UEC144,KARTHIKEYAN C,3rd Year,P,
2026-08-06,24UEC144,KARTHIKEYAN C,3rd Year,P,
2026-08-07,24UEC144,KARTHIKEYAN C,3rd Year,P,
2026-08-10,24UEC144,KARTHIKEYAN C,3rd Year,P,
2026-08-11,24UEC144,KARTHIKEYAN C,3rd Year,P,
2026-08-12,24UEC144,KARTHIKEYAN C,3rd Year,P,
2026-08-13,24UEC144,KARTHIKEYAN C,3rd Year,P,
2026-08-14,24UEC144,KARTHIKEYAN C,3rd Year,P,
2026-08-17,24UEC144,KARTHIKEYAN C,3rd Year,P,
2026-08-18,24UEC144,KARTHIKEYAN C,3rd Year,P,
2026-08-19,24UEC144,KARTHIKEYAN C,3rd Year,P,
2026-08-21,24UEC144,KARTHIKEYAN C,3rd Year,P,
2026-08-24,24UEC144,KARTHIKEYAN C,3rd Year,A,
2026-08-25,24UEC144,KARTHIKEYAN C,3rd Year,A,
2026-09-07,24UEC144,KARTHIKEYAN C,3rd Year,P,
2026-09-08,24UEC144,KARTHIKEYAN C,3rd Year,P,
2026-09-09,24UEC144,KARTHIKEYAN C,3rd Year,P,
2026-09-10,24UEC144,KARTHIKEYAN C,3rd Year,P,
2026-09-11,24UEC144,KARTHIKEYAN C,3rd Year,P,
2026-09-15,24UEC144,KARTHIKEYAN C,3rd Year,A,
2026-09-16,24UEC144,KARTHIKEYAN C,3rd Year,A,
2026-09-17,24UEC144,KARTHIKEYAN C,3rd Year,P,
2026-09-18,24UEC144,KARTHIKEYAN C,3rd Year,P,
2026-09-21,24UEC144,KARTHIKEYAN C,3rd Year,P,
2026-09-22,24UEC144,KARTHIKEYAN C,3rd Year,P,
2026-09-23,24UEC144,KARTHIKEYAN C,3rd Year,P,
2026-09-24,24UEC144,KARTHIKEYAN C,3rd Year,P,
2026-09-25,24UEC144,KARTHIKEYAN C,3rd Year,P,
2026-09-28,24UEC144,KARTHIKEYAN C,3rd Year,P,
2026-09-29,24UEC144,KARTHIKEYAN C,3rd Year,P,
2026-09-30,24UEC144,KARTHIKEYAN C,3rd Year,P,
2026-10-01,24UEC144,KARTHIKEYAN C,3rd Year,P,
2026-10-05,24UEC144,KARTHIKEYAN C,3rd Year,P,
2026-08-03,24UEC147,KIRUTHIKA S,3rd Year,A,
2026-08-04,24UEC147,KIRUTHIKA S,3rd Year,A,
2026-08-05,24UEC147,KIRUTHIKA S,3rd Year,P,
2026-08-06,24UEC147,KIRUTHIKA S,3rd Year,P,
2026-08-07,24UEC147,KIRUTHIKA S,3rd Year,P,
2026-08-10,24UEC147,KIRUTHIKA S,3rd Year,P,
2026-08-11,24UEC147,KIRUTHIKA S,3rd Year,P,
2026-08-12,24UEC147,KIRUTHIKA S,3rd Year,P,
2026-08-13,24UEC147,KIRUTHIKA S,3rd Year,P,
2026-08-14,24UEC147,KIRUTHIKA S,3rd Year,P,
2026-08-17,24UEC147,KIRUTHIKA S,3rd Year,P,
2026-08-18,24UEC147,KIRUTHIKA S,3rd Year,P,
2026-08-19,24UEC147,KIRUTHIKA S,3rd Year,P,
2026-08-21,24UEC147,KIRUTHIKA S,3rd Year,P,
2026-08-24,24UEC147,KIRUTHIKA S,3rd Year,P,
2026-08-25,24UEC147,KIRUTHIKA S,3rd Year,A,
2026-09-07,24UEC147,KIRUTHIKA S,3rd Year,A,
2026-09-08,24UEC147,KIRUTHIKA S,3rd Year,P,
2026-09-09,24UEC147,KIRUTHIKA S,3rd Year,P,
2026-09-10,24UEC147,KIRUTHIKA S,3rd Year,P,
2026-09-11,24UEC147,KIRUTHIKA S,3rd Year,P,
2026-09-15,24UEC147,KIRUTHIKA S,3rd Year,P,
2026-09-16,24UEC147,KIRUTHIKA S,3rd Year,P,
2026-09-17,24UEC147,KIRUTHIKA S,3rd Year,P,
2026-09-18,24UEC147,KIRUTHIKA S,3rd Year,P,
2026-09-21,24UEC147,KIRUTHIKA S,3rd Year,A,
2026-09-22,24UEC147,KIRUTHIKA S,3rd Year,A,
2026-09-23,24UEC147,KIRUTHIKA S,3rd Year,P,
2026-09-24,24UEC147,KIRUTHIKA S,3rd Year,P,
2026-09-25,24UEC147,KIRUTHIKA S,3rd Year,P,
2026-09-28,24UEC147,KIRUTHIKA S,3rd Year,P,
2026-09-29,24UEC147,KIRUTHIKA S,3rd Year,P,
2026-09-30,24UEC147,KIRUTHIKA S,3rd Year,P,
2026-10-01,24UEC147,KIRUTHIKA S,3rd Year,P,
2026-10-05,24UEC147,KIRUTHIKA S,3rd Year,P,
2026-08-03,24UEC148,KISHORE B,3rd Year,A,
2026-08-04,24UEC148,KISHORE B,3rd Year,A,
2026-08-05,24UEC148,KISHORE B,3rd Year,P,
2026-08-06,24UEC148,KISHORE B,3rd Year,P,
2026-08-07,24UEC148,KISHORE B,3rd Year,P,
2026-08-10,24UEC148,KISHORE B,3rd Year,P,
2026-08-11,24UEC148,KISHORE B,3rd Year,P,
2026-08-12,24UEC148,KISHORE B,3rd Year,P,
2026-08-13,24UEC148,KISHORE B,3rd Year,P,
2026-08-14,24UEC148,KISHORE B,3rd Year,P,
2026-08-17,24UEC148,KISHORE B,3rd Year,A,
2026-08-18,24UEC148,KISHORE B,3rd Year,A,
2026-08-19,24UEC148,KISHORE B,3rd Year,A,
2026-08-21,24UEC148,KISHORE B,3rd Year,A,
2026-08-24,24UEC148,KISHORE B,3rd Year,A,
2026-08-25,24UEC148,KISHORE B,3rd Year,P,
2026-09-07,24UEC148,KISHORE B,3rd Year,A,
2026-09-08,24UEC148,KISHORE B,3rd Year,P,
2026-09-09,24UEC148,KISHORE B,3rd Year,P,
2026-09-10,24UEC148,KISHORE B,3rd Year,P,
2026-09-11,24UEC148,KISHORE B,3rd Year,P,
2026-09-15,24UEC148,KISHORE B,3rd Year,A,
2026-09-16,24UEC148,KISHORE B,3rd Year,A,
2026-09-17,24UEC148,KISHORE B,3rd Year,P,
2026-09-18,24UEC148,KISHORE B,3rd Year,P,
2026-09-21,24UEC148,KISHORE B,3rd Year,P,
2026-09-22,24UEC148,KISHORE B,3rd Year,P,
2026-09-23,24UEC148,KISHORE B,3rd Year,P,
2026-09-24,24UEC148,KISHORE B,3rd Year,P,
2026-09-25,24UEC148,KISHORE B,3rd Year,P,
2026-09-28,24UEC148,KISHORE B,3rd Year,A,
2026-09-29,24UEC148,KISHORE B,3rd Year,A,
2026-09-30,24UEC148,KISHORE B,3rd Year,A,
2026-10-01,24UEC148,KISHORE B,3rd Year,A,
2026-10-05,24UEC148,KISHORE B,3rd Year,A,
2026-08-03,24UEC149,KOUSHIK S V,3rd Year,P,
2026-08-04,24UEC149,KOUSHIK S V,3rd Year,A,
2026-08-05,24UEC149,KOUSHIK S V,3rd Year,P,
2026-08-06,24UEC149,KOUSHIK S V,3rd Year,P,
2026-08-07,24UEC149,KOUSHIK S V,3rd Year,P,
2026-08-10,24UEC149,KOUSHIK S V,3rd Year,P,
2026-08-11,24UEC149,KOUSHIK S V,3rd Year,P,
2026-08-12,24UEC149,KOUSHIK S V,3rd Year,P,
2026-08-13,24UEC149,KOUSHIK S V,3rd Year,P,
2026-08-14,24UEC149,KOUSHIK S V,3rd Year,P,
2026-08-17,24UEC149,KOUSHIK S V,3rd Year,P,
2026-08-18,24UEC149,KOUSHIK S V,3rd Year,P,
2026-08-19,24UEC149,KOUSHIK S V,3rd Year,P,
2026-08-21,24UEC149,KOUSHIK S V,3rd Year,A,
2026-08-24,24UEC149,KOUSHIK S V,3rd Year,P,
2026-08-25,24UEC149,KOUSHIK S V,3rd Year,P,
2026-09-07,24UEC149,KOUSHIK S V,3rd Year,A,
2026-09-08,24UEC149,KOUSHIK S V,3rd Year,P,
2026-09-09,24UEC149,KOUSHIK S V,3rd Year,P,
2026-09-10,24UEC149,KOUSHIK S V,3rd Year,P,
2026-09-11,24UEC149,KOUSHIK S V,3rd Year,P,
2026-09-15,24UEC149,KOUSHIK S V,3rd Year,P,
2026-09-16,24UEC149,KOUSHIK S V,3rd Year,P,
2026-09-17,24UEC149,KOUSHIK S V,3rd Year,P,
2026-09-18,24UEC149,KOUSHIK S V,3rd Year,P,
2026-09-21,24UEC149,KOUSHIK S V,3rd Year,P,
2026-09-22,24UEC149,KOUSHIK S V,3rd Year,P,
2026-09-23,24UEC149,KOUSHIK S V,3rd Year,P,
2026-09-24,24UEC149,KOUSHIK S V,3rd Year,P,
2026-09-25,24UEC149,KOUSHIK S V,3rd Year,A,
2026-09-28,24UEC149,KOUSHIK S V,3rd Year,P,
2026-09-29,24UEC149,KOUSHIK S V,3rd Year,P,
2026-09-30,24UEC149,KOUSHIK S V,3rd Year,P,
2026-10-01,24UEC149,KOUSHIK S V,3rd Year,P,
2026-10-05,24UEC149,KOUSHIK S V,3rd Year,P,
2026-08-03,24UEC150,KUMARAVEL T,3rd Year,P,
2026-08-04,24UEC150,KUMARAVEL T,3rd Year,A,
2026-08-05,24UEC150,KUMARAVEL T,3rd Year,P,
2026-08-06,24UEC150,KUMARAVEL T,3rd Year,P,
2026-08-07,24UEC150,KUMARAVEL T,3rd Year,P,
2026-08-10,24UEC150,KUMARAVEL T,3rd Year,P,
2026-08-11,24UEC150,KUMARAVEL T,3rd Year,P,
2026-08-12,24UEC150,KUMARAVEL T,3rd Year,P,
2026-08-13,24UEC150,KUMARAVEL T,3rd Year,P,
2026-08-14,24UEC150,KUMARAVEL T,3rd Year,A,
2026-08-17,24UEC150,KUMARAVEL T,3rd Year,P,
2026-08-18,24UEC150,KUMARAVEL T,3rd Year,P,
2026-08-19,24UEC150,KUMARAVEL T,3rd Year,P,
2026-08-21,24UEC150,KUMARAVEL T,3rd Year,P,
2026-08-24,24UEC150,KUMARAVEL T,3rd Year,P,
2026-08-25,24UEC150,KUMARAVEL T,3rd Year,P,
2026-09-07,24UEC150,KUMARAVEL T,3rd Year,P,
2026-09-08,24UEC150,KUMARAVEL T,3rd Year,P,
2026-09-09,24UEC150,KUMARAVEL T,3rd Year,P,
2026-09-10,24UEC150,KUMARAVEL T,3rd Year,P,
2026-09-11,24UEC150,KUMARAVEL T,3rd Year,P,
2026-09-15,24UEC150,KUMARAVEL T,3rd Year,P,
2026-09-16,24UEC150,KUMARAVEL T,3rd Year,P,
2026-09-17,24UEC150,KUMARAVEL T,3rd Year,P,
2026-09-18,24UEC150,KUMARAVEL T,3rd Year,P,
2026-09-21,24UEC150,KUMARAVEL T,3rd Year,P,
2026-09-22,24UEC150,KUMARAVEL T,3rd Year,P,
2026-09-23,24UEC150,KUMARAVEL T,3rd Year,P,
2026-09-24,24UEC150,KUMARAVEL T,3rd Year,P,
2026-09-25,24UEC150,KUMARAVEL T,3rd Year,P,
2026-09-28,24UEC150,KUMARAVEL T,3rd Year,A,
2026-09-29,24UEC150,KUMARAVEL T,3rd Year,A,
2026-09-30,24UEC150,KUMARAVEL T,3rd Year,P,
2026-10-01,24UEC150,KUMARAVEL T,3rd Year,P,
2026-10-05,24UEC150,KUMARAVEL T,3rd Year,A,
2026-08-03,24UEC154,MADHUBALA M,3rd Year,P,
2026-08-04,24UEC154,MADHUBALA M,3rd Year,A,
2026-08-05,24UEC154,MADHUBALA M,3rd Year,P,
2026-08-06,24UEC154,MADHUBALA M,3rd Year,P,
2026-08-07,24UEC154,MADHUBALA M,3rd Year,P,
2026-08-10,24UEC154,MADHUBALA M,3rd Year,P,
2026-08-11,24UEC154,MADHUBALA M,3rd Year,P,
2026-08-12,24UEC154,MADHUBALA M,3rd Year,P,
2026-08-13,24UEC154,MADHUBALA M,3rd Year,P,
2026-08-14,24UEC154,MADHUBALA M,3rd Year,A,
2026-08-17,24UEC154,MADHUBALA M,3rd Year,A,
2026-08-18,24UEC154,MADHUBALA M,3rd Year,A,
2026-08-19,24UEC154,MADHUBALA M,3rd Year,A,
2026-08-21,24UEC154,MADHUBALA M,3rd Year,A,
2026-08-24,24UEC154,MADHUBALA M,3rd Year,A,
2026-08-25,24UEC154,MADHUBALA M,3rd Year,A,
2026-09-07,24UEC154,MADHUBALA M,3rd Year,A,
2026-09-08,24UEC154,MADHUBALA M,3rd Year,A,
2026-09-09,24UEC154,MADHUBALA M,3rd Year,A,
2026-09-10,24UEC154,MADHUBALA M,3rd Year,A,
2026-09-11,24UEC154,MADHUBALA M,3rd Year,A,
2026-09-15,24UEC154,MADHUBALA M,3rd Year,A,
2026-09-16,24UEC154,MADHUBALA M,3rd Year,A,
2026-09-17,24UEC154,MADHUBALA M,3rd Year,A,
2026-09-18,24UEC154,MADHUBALA M,3rd Year,A,
2026-09-21,24UEC154,MADHUBALA M,3rd Year,P,
2026-09-22,24UEC154,MADHUBALA M,3rd Year,A,
2026-09-23,24UEC154,MADHUBALA M,3rd Year,A,
2026-09-24,24UEC154,MADHUBALA M,3rd Year,A,
2026-09-25,24UEC154,MADHUBALA M,3rd Year,A,
2026-09-28,24UEC154,MADHUBALA M,3rd Year,P,
2026-09-29,24UEC154,MADHUBALA M,3rd Year,A,
2026-09-30,24UEC154,MADHUBALA M,3rd Year,P,
2026-10-01,24UEC154,MADHUBALA M,3rd Year,A,
2026-10-05,24UEC154,MADHUBALA M,3rd Year,A,
2026-08-03,24UEC155,MAGESH R,3rd Year,A,
2026-08-04,24UEC155,MAGESH R,3rd Year,A,
2026-08-05,24UEC155,MAGESH R,3rd Year,P,
2026-08-06,24UEC155,MAGESH R,3rd Year,P,
2026-08-07,24UEC155,MAGESH R,3rd Year,P,
2026-08-10,24UEC155,MAGESH R,3rd Year,P,
2026-08-11,24UEC155,MAGESH R,3rd Year,P,
2026-08-12,24UEC155,MAGESH R,3rd Year,P,
2026-08-13,24UEC155,MAGESH R,3rd Year,P,
2026-08-14,24UEC155,MAGESH R,3rd Year,P,
2026-08-17,24UEC155,MAGESH R,3rd Year,P,
2026-08-18,24UEC155,MAGESH R,3rd Year,P,
2026-08-19,24UEC155,MAGESH R,3rd Year,P,
2026-08-21,24UEC155,MAGESH R,3rd Year,P,
2026-08-24,24UEC155,MAGESH R,3rd Year,P,
2026-08-25,24UEC155,MAGESH R,3rd Year,P,
2026-09-07,24UEC155,MAGESH R,3rd Year,A,
2026-09-08,24UEC155,MAGESH R,3rd Year,P,
2026-09-09,24UEC155,MAGESH R,3rd Year,P,
2026-09-10,24UEC155,MAGESH R,3rd Year,P,
2026-09-11,24UEC155,MAGESH R,3rd Year,P,
2026-09-15,24UEC155,MAGESH R,3rd Year,P,
2026-09-16,24UEC155,MAGESH R,3rd Year,P,
2026-09-17,24UEC155,MAGESH R,3rd Year,P,
2026-09-18,24UEC155,MAGESH R,3rd Year,P,
2026-09-21,24UEC155,MAGESH R,3rd Year,P,
2026-09-22,24UEC155,MAGESH R,3rd Year,P,
2026-09-23,24UEC155,MAGESH R,3rd Year,P,
2026-09-24,24UEC155,MAGESH R,3rd Year,P,
2026-09-25,24UEC155,MAGESH R,3rd Year,P,
2026-09-28,24UEC155,MAGESH R,3rd Year,P,
2026-09-29,24UEC155,MAGESH R,3rd Year,P,
2026-09-30,24UEC155,MAGESH R,3rd Year,P,
2026-10-01,24UEC155,MAGESH R,3rd Year,P,
2026-10-05,24UEC155,MAGESH R,3rd Year,P,
2026-08-03,24UEC156,MAHESWARI D,3rd Year,A,
2026-08-04,24UEC156,MAHESWARI D,3rd Year,A,
2026-08-05,24UEC156,MAHESWARI D,3rd Year,P,
2026-08-06,24UEC156,MAHESWARI D,3rd Year,P,
2026-08-07,24UEC156,MAHESWARI D,3rd Year,P,
2026-08-10,24UEC156,MAHESWARI D,3rd Year,P,
2026-08-11,24UEC156,MAHESWARI D,3rd Year,P,
2026-08-12,24UEC156,MAHESWARI D,3rd Year,P,
2026-08-13,24UEC156,MAHESWARI D,3rd Year,P,
2026-08-14,24UEC156,MAHESWARI D,3rd Year,P,
2026-08-17,24UEC156,MAHESWARI D,3rd Year,P,
2026-08-18,24UEC156,MAHESWARI D,3rd Year,P,
2026-08-19,24UEC156,MAHESWARI D,3rd Year,P,
2026-08-21,24UEC156,MAHESWARI D,3rd Year,P,
2026-08-24,24UEC156,MAHESWARI D,3rd Year,P,
2026-08-25,24UEC156,MAHESWARI D,3rd Year,A,
2026-09-07,24UEC156,MAHESWARI D,3rd Year,P,
2026-09-08,24UEC156,MAHESWARI D,3rd Year,P,
2026-09-09,24UEC156,MAHESWARI D,3rd Year,P,
2026-09-10,24UEC156,MAHESWARI D,3rd Year,P,
2026-09-11,24UEC156,MAHESWARI D,3rd Year,P,
2026-09-15,24UEC156,MAHESWARI D,3rd Year,P,
2026-09-16,24UEC156,MAHESWARI D,3rd Year,P,
2026-09-17,24UEC156,MAHESWARI D,3rd Year,P,
2026-09-18,24UEC156,MAHESWARI D,3rd Year,P,
2026-09-21,24UEC156,MAHESWARI D,3rd Year,P,
2026-09-22,24UEC156,MAHESWARI D,3rd Year,P,
2026-09-23,24UEC156,MAHESWARI D,3rd Year,P,
2026-09-24,24UEC156,MAHESWARI D,3rd Year,P,
2026-09-25,24UEC156,MAHESWARI D,3rd Year,P,
2026-09-28,24UEC156,MAHESWARI D,3rd Year,P,
2026-09-29,24UEC156,MAHESWARI D,3rd Year,P,
2026-09-30,24UEC156,MAHESWARI D,3rd Year,P,
2026-10-01,24UEC156,MAHESWARI D,3rd Year,P,
2026-10-05,24UEC156,MAHESWARI D,3rd Year,P,
2026-08-03,24UEC157,MANISHA BHARATHI V,3rd Year,P,
2026-08-04,24UEC157,MANISHA BHARATHI V,3rd Year,A,
2026-08-05,24UEC157,MANISHA BHARATHI V,3rd Year,P,
2026-08-06,24UEC157,MANISHA BHARATHI V,3rd Year,P,
2026-08-07,24UEC157,MANISHA BHARATHI V,3rd Year,P,
2026-08-10,24UEC157,MANISHA BHARATHI V,3rd Year,P,
2026-08-11,24UEC157,MANISHA BHARATHI V,3rd Year,P,
2026-08-12,24UEC157,MANISHA BHARATHI V,3rd Year,P,
2026-08-13,24UEC157,MANISHA BHARATHI V,3rd Year,P,
2026-08-14,24UEC157,MANISHA BHARATHI V,3rd Year,P,
2026-08-17,24UEC157,MANISHA BHARATHI V,3rd Year,P,
2026-08-18,24UEC157,MANISHA BHARATHI V,3rd Year,P,
2026-08-19,24UEC157,MANISHA BHARATHI V,3rd Year,P,
2026-08-21,24UEC157,MANISHA BHARATHI V,3rd Year,P,
2026-08-24,24UEC157,MANISHA BHARATHI V,3rd Year,A,
2026-08-25,24UEC157,MANISHA BHARATHI V,3rd Year,P,
2026-09-07,24UEC157,MANISHA BHARATHI V,3rd Year,A,
2026-09-08,24UEC157,MANISHA BHARATHI V,3rd Year,P,
2026-09-09,24UEC157,MANISHA BHARATHI V,3rd Year,A,
2026-09-10,24UEC157,MANISHA BHARATHI V,3rd Year,P,
2026-09-11,24UEC157,MANISHA BHARATHI V,3rd Year,P,
2026-09-15,24UEC157,MANISHA BHARATHI V,3rd Year,P,
2026-09-16,24UEC157,MANISHA BHARATHI V,3rd Year,P,
2026-09-17,24UEC157,MANISHA BHARATHI V,3rd Year,P,
2026-09-18,24UEC157,MANISHA BHARATHI V,3rd Year,P,
2026-09-21,24UEC157,MANISHA BHARATHI V,3rd Year,P,
2026-09-22,24UEC157,MANISHA BHARATHI V,3rd Year,P,
2026-09-23,24UEC157,MANISHA BHARATHI V,3rd Year,P,
2026-09-24,24UEC157,MANISHA BHARATHI V,3rd Year,P,
2026-09-25,24UEC157,MANISHA BHARATHI V,3rd Year,P,
2026-09-28,24UEC157,MANISHA BHARATHI V,3rd Year,P,
2026-09-29,24UEC157,MANISHA BHARATHI V,3rd Year,P,
2026-09-30,24UEC157,MANISHA BHARATHI V,3rd Year,P,
2026-10-01,24UEC157,MANISHA BHARATHI V,3rd Year,P,
2026-10-05,24UEC157,MANISHA BHARATHI V,3rd Year,P,
2026-08-03,24UEC158,MARZUK AHAMED S,3rd Year,P,
2026-08-04,24UEC158,MARZUK AHAMED S,3rd Year,A,
2026-08-05,24UEC158,MARZUK AHAMED S,3rd Year,P,
2026-08-06,24UEC158,MARZUK AHAMED S,3rd Year,P,
2026-08-07,24UEC158,MARZUK AHAMED S,3rd Year,A,
2026-08-10,24UEC158,MARZUK AHAMED S,3rd Year,P,
2026-08-11,24UEC158,MARZUK AHAMED S,3rd Year,P,
2026-08-12,24UEC158,MARZUK AHAMED S,3rd Year,P,
2026-08-13,24UEC158,MARZUK AHAMED S,3rd Year,P,
2026-08-14,24UEC158,MARZUK AHAMED S,3rd Year,P,
2026-08-17,24UEC158,MARZUK AHAMED S,3rd Year,A,
2026-08-18,24UEC158,MARZUK AHAMED S,3rd Year,A,
2026-08-19,24UEC158,MARZUK AHAMED S,3rd Year,A,
2026-08-21,24UEC158,MARZUK AHAMED S,3rd Year,P,
2026-08-24,24UEC158,MARZUK AHAMED S,3rd Year,A,
2026-08-25,24UEC158,MARZUK AHAMED S,3rd Year,P,
2026-09-07,24UEC158,MARZUK AHAMED S,3rd Year,A,
2026-09-08,24UEC158,MARZUK AHAMED S,3rd Year,P,
2026-09-09,24UEC158,MARZUK AHAMED S,3rd Year,P,
2026-09-10,24UEC158,MARZUK AHAMED S,3rd Year,P,
2026-09-11,24UEC158,MARZUK AHAMED S,3rd Year,P,
2026-09-15,24UEC158,MARZUK AHAMED S,3rd Year,P,
2026-09-16,24UEC158,MARZUK AHAMED S,3rd Year,P,
2026-09-17,24UEC158,MARZUK AHAMED S,3rd Year,P,
2026-09-18,24UEC158,MARZUK AHAMED S,3rd Year,P,
2026-09-21,24UEC158,MARZUK AHAMED S,3rd Year,P,
2026-09-22,24UEC158,MARZUK AHAMED S,3rd Year,P,
2026-09-23,24UEC158,MARZUK AHAMED S,3rd Year,P,
2026-09-24,24UEC158,MARZUK AHAMED S,3rd Year,P,
2026-09-25,24UEC158,MARZUK AHAMED S,3rd Year,P,
2026-09-28,24UEC158,MARZUK AHAMED S,3rd Year,P,
2026-09-29,24UEC158,MARZUK AHAMED S,3rd Year,P,
2026-09-30,24UEC158,MARZUK AHAMED S,3rd Year,A,
2026-10-01,24UEC158,MARZUK AHAMED S,3rd Year,P,
2026-10-05,24UEC158,MARZUK AHAMED S,3rd Year,A,
2026-08-03,24UEC159,MITHUN G,3rd Year,P,
2026-08-04,24UEC159,MITHUN G,3rd Year,A,
2026-08-05,24UEC159,MITHUN G,3rd Year,P,
2026-08-06,24UEC159,MITHUN G,3rd Year,P,
2026-08-07,24UEC159,MITHUN G,3rd Year,P,
2026-08-10,24UEC159,MITHUN G,3rd Year,P,
2026-08-11,24UEC159,MITHUN G,3rd Year,P,
2026-08-12,24UEC159,MITHUN G,3rd Year,P,
2026-08-13,24UEC159,MITHUN G,3rd Year,P,
2026-08-14,24UEC159,MITHUN G,3rd Year,P,
2026-08-17,24UEC159,MITHUN G,3rd Year,P,
2026-08-18,24UEC159,MITHUN G,3rd Year,P,
2026-08-19,24UEC159,MITHUN G,3rd Year,P,
2026-08-21,24UEC159,MITHUN G,3rd Year,P,
2026-08-24,24UEC159,MITHUN G,3rd Year,A,
2026-08-25,24UEC159,MITHUN G,3rd Year,P,
2026-09-07,24UEC159,MITHUN G,3rd Year,A,
2026-09-08,24UEC159,MITHUN G,3rd Year,P,
2026-09-09,24UEC159,MITHUN G,3rd Year,P,
2026-09-10,24UEC159,MITHUN G,3rd Year,P,
2026-09-11,24UEC159,MITHUN G,3rd Year,P,
2026-09-15,24UEC159,MITHUN G,3rd Year,A,
2026-09-16,24UEC159,MITHUN G,3rd Year,P,
2026-09-17,24UEC159,MITHUN G,3rd Year,A,
2026-09-18,24UEC159,MITHUN G,3rd Year,A,
2026-09-21,24UEC159,MITHUN G,3rd Year,P,
2026-09-22,24UEC159,MITHUN G,3rd Year,P,
2026-09-23,24UEC159,MITHUN G,3rd Year,A,
2026-09-24,24UEC159,MITHUN G,3rd Year,A,
2026-09-25,24UEC159,MITHUN G,3rd Year,A,
2026-09-28,24UEC159,MITHUN G,3rd Year,P,
2026-09-29,24UEC159,MITHUN G,3rd Year,P,
2026-09-30,24UEC159,MITHUN G,3rd Year,P,
2026-10-01,24UEC159,MITHUN G,3rd Year,P,
2026-10-05,24UEC159,MITHUN G,3rd Year,P,
2026-08-03,24UEC160,MOBIN K,3rd Year,A,
2026-08-04,24UEC160,MOBIN K,3rd Year,A,
2026-08-05,24UEC160,MOBIN K,3rd Year,P,
2026-08-06,24UEC160,MOBIN K,3rd Year,P,
2026-08-07,24UEC160,MOBIN K,3rd Year,P,
2026-08-10,24UEC160,MOBIN K,3rd Year,P,
2026-08-11,24UEC160,MOBIN K,3rd Year,P,
2026-08-12,24UEC160,MOBIN K,3rd Year,P,
2026-08-13,24UEC160,MOBIN K,3rd Year,P,
2026-08-14,24UEC160,MOBIN K,3rd Year,P,
2026-08-17,24UEC160,MOBIN K,3rd Year,P,
2026-08-18,24UEC160,MOBIN K,3rd Year,P,
2026-08-19,24UEC160,MOBIN K,3rd Year,P,
2026-08-21,24UEC160,MOBIN K,3rd Year,P,
2026-08-24,24UEC160,MOBIN K,3rd Year,P,
2026-08-25,24UEC160,MOBIN K,3rd Year,P,
2026-09-07,24UEC160,MOBIN K,3rd Year,P,
2026-09-08,24UEC160,MOBIN K,3rd Year,P,
2026-09-09,24UEC160,MOBIN K,3rd Year,P,
2026-09-10,24UEC160,MOBIN K,3rd Year,P,
2026-09-11,24UEC160,MOBIN K,3rd Year,P,
2026-09-15,24UEC160,MOBIN K,3rd Year,P,
2026-09-16,24UEC160,MOBIN K,3rd Year,P,
2026-09-17,24UEC160,MOBIN K,3rd Year,P,
2026-09-18,24UEC160,MOBIN K,3rd Year,P,
2026-09-21,24UEC160,MOBIN K,3rd Year,P,
2026-09-22,24UEC160,MOBIN K,3rd Year,P,
2026-09-23,24UEC160,MOBIN K,3rd Year,P,
2026-09-24,24UEC160,MOBIN K,3rd Year,P,
2026-09-25,24UEC160,MOBIN K,3rd Year,P,
2026-09-28,24UEC160,MOBIN K,3rd Year,P,
2026-09-29,24UEC160,MOBIN K,3rd Year,A,
2026-09-30,24UEC160,MOBIN K,3rd Year,P,
2026-10-01,24UEC160,MOBIN K,3rd Year,P,
2026-10-05,24UEC160,MOBIN K,3rd Year,P,
2026-08-03,24UEC161,MOHAMMED ARIF M,3rd Year,P,
2026-08-04,24UEC161,MOHAMMED ARIF M,3rd Year,A,
2026-08-05,24UEC161,MOHAMMED ARIF M,3rd Year,P,
2026-08-06,24UEC161,MOHAMMED ARIF M,3rd Year,P,
2026-08-07,24UEC161,MOHAMMED ARIF M,3rd Year,P,
2026-08-10,24UEC161,MOHAMMED ARIF M,3rd Year,P,
2026-08-11,24UEC161,MOHAMMED ARIF M,3rd Year,P,
2026-08-12,24UEC161,MOHAMMED ARIF M,3rd Year,P,
2026-08-13,24UEC161,MOHAMMED ARIF M,3rd Year,P,
2026-08-14,24UEC161,MOHAMMED ARIF M,3rd Year,P,
2026-08-17,24UEC161,MOHAMMED ARIF M,3rd Year,P,
2026-08-18,24UEC161,MOHAMMED ARIF M,3rd Year,P,
2026-08-19,24UEC161,MOHAMMED ARIF M,3rd Year,P,
2026-08-21,24UEC161,MOHAMMED ARIF M,3rd Year,P,
2026-08-24,24UEC161,MOHAMMED ARIF M,3rd Year,P,
2026-08-25,24UEC161,MOHAMMED ARIF M,3rd Year,P,
2026-09-07,24UEC161,MOHAMMED ARIF M,3rd Year,P,
2026-09-08,24UEC161,MOHAMMED ARIF M,3rd Year,P,
2026-09-09,24UEC161,MOHAMMED ARIF M,3rd Year,P,
2026-09-10,24UEC161,MOHAMMED ARIF M,3rd Year,P,
2026-09-11,24UEC161,MOHAMMED ARIF M,3rd Year,P,
2026-09-15,24UEC161,MOHAMMED ARIF M,3rd Year,P,
2026-09-16,24UEC161,MOHAMMED ARIF M,3rd Year,P,
2026-09-17,24UEC161,MOHAMMED ARIF M,3rd Year,P,
2026-09-18,24UEC161,MOHAMMED ARIF M,3rd Year,P,
2026-09-21,24UEC161,MOHAMMED ARIF M,3rd Year,P,
2026-09-22,24UEC161,MOHAMMED ARIF M,3rd Year,P,
2026-09-23,24UEC161,MOHAMMED ARIF M,3rd Year,P,
2026-09-24,24UEC161,MOHAMMED ARIF M,3rd Year,P,
2026-09-25,24UEC161,MOHAMMED ARIF M,3rd Year,P,
2026-09-28,24UEC161,MOHAMMED ARIF M,3rd Year,P,
2026-09-29,24UEC161,MOHAMMED ARIF M,3rd Year,P,
2026-09-30,24UEC161,MOHAMMED ARIF M,3rd Year,P,
2026-10-01,24UEC161,MOHAMMED ARIF M,3rd Year,P,
2026-10-05,24UEC161,MOHAMMED ARIF M,3rd Year,P,
2026-08-03,24UEC201,MUKIL KANNAN M,3rd Year,P,
2026-08-04,24UEC201,MUKIL KANNAN M,3rd Year,A,
2026-08-05,24UEC201,MUKIL KANNAN M,3rd Year,P,
2026-08-06,24UEC201,MUKIL KANNAN M,3rd Year,P,
2026-08-07,24UEC201,MUKIL KANNAN M,3rd Year,P,
2026-08-10,24UEC201,MUKIL KANNAN M,3rd Year,P,
2026-08-11,24UEC201,MUKIL KANNAN M,3rd Year,P,
2026-08-12,24UEC201,MUKIL KANNAN M,3rd Year,P,
2026-08-13,24UEC201,MUKIL KANNAN M,3rd Year,P,
2026-08-14,24UEC201,MUKIL KANNAN M,3rd Year,P,
2026-08-17,24UEC201,MUKIL KANNAN M,3rd Year,P,
2026-08-18,24UEC201,MUKIL KANNAN M,3rd Year,P,
2026-08-19,24UEC201,MUKIL KANNAN M,3rd Year,P,
2026-08-21,24UEC201,MUKIL KANNAN M,3rd Year,A,
2026-08-24,24UEC201,MUKIL KANNAN M,3rd Year,A,
2026-08-25,24UEC201,MUKIL KANNAN M,3rd Year,P,
2026-09-07,24UEC201,MUKIL KANNAN M,3rd Year,A,
2026-09-08,24UEC201,MUKIL KANNAN M,3rd Year,A,
2026-09-09,24UEC201,MUKIL KANNAN M,3rd Year,A,
2026-09-10,24UEC201,MUKIL KANNAN M,3rd Year,A,
2026-09-11,24UEC201,MUKIL KANNAN M,3rd Year,A,
2026-09-15,24UEC201,MUKIL KANNAN M,3rd Year,P,
2026-09-16,24UEC201,MUKIL KANNAN M,3rd Year,P,
2026-09-17,24UEC201,MUKIL KANNAN M,3rd Year,P,
2026-09-18,24UEC201,MUKIL KANNAN M,3rd Year,P,
2026-09-21,24UEC201,MUKIL KANNAN M,3rd Year,P,
2026-09-22,24UEC201,MUKIL KANNAN M,3rd Year,P,
2026-09-23,24UEC201,MUKIL KANNAN M,3rd Year,P,
2026-09-24,24UEC201,MUKIL KANNAN M,3rd Year,P,
2026-09-25,24UEC201,MUKIL KANNAN M,3rd Year,P,
2026-09-28,24UEC201,MUKIL KANNAN M,3rd Year,P,
2026-09-29,24UEC201,MUKIL KANNAN M,3rd Year,P,
2026-09-30,24UEC201,MUKIL KANNAN M,3rd Year,P,
2026-10-01,24UEC201,MUKIL KANNAN M,3rd Year,P,
2026-10-05,24UEC201,MUKIL KANNAN M,3rd Year,P,
2026-08-03,24UEC202,MUZAIBUDHDEEN I,3rd Year,A,
2026-08-04,24UEC202,MUZAIBUDHDEEN I,3rd Year,A,
2026-08-05,24UEC202,MUZAIBUDHDEEN I,3rd Year,P,
2026-08-06,24UEC202,MUZAIBUDHDEEN I,3rd Year,P,
2026-08-07,24UEC202,MUZAIBUDHDEEN I,3rd Year,P,
2026-08-10,24UEC202,MUZAIBUDHDEEN I,3rd Year,P,
2026-08-11,24UEC202,MUZAIBUDHDEEN I,3rd Year,P,
2026-08-12,24UEC202,MUZAIBUDHDEEN I,3rd Year,P,
2026-08-13,24UEC202,MUZAIBUDHDEEN I,3rd Year,P,
2026-08-14,24UEC202,MUZAIBUDHDEEN I,3rd Year,A,
2026-08-17,24UEC202,MUZAIBUDHDEEN I,3rd Year,P,
2026-08-18,24UEC202,MUZAIBUDHDEEN I,3rd Year,P,
2026-08-19,24UEC202,MUZAIBUDHDEEN I,3rd Year,P,
2026-08-21,24UEC202,MUZAIBUDHDEEN I,3rd Year,P,
2026-08-24,24UEC202,MUZAIBUDHDEEN I,3rd Year,P,
2026-08-25,24UEC202,MUZAIBUDHDEEN I,3rd Year,P,
2026-09-07,24UEC202,MUZAIBUDHDEEN I,3rd Year,P,
2026-09-08,24UEC202,MUZAIBUDHDEEN I,3rd Year,P,
2026-09-09,24UEC202,MUZAIBUDHDEEN I,3rd Year,P,
2026-09-10,24UEC202,MUZAIBUDHDEEN I,3rd Year,A,
2026-09-11,24UEC202,MUZAIBUDHDEEN I,3rd Year,A,
2026-09-15,24UEC202,MUZAIBUDHDEEN I,3rd Year,P,
2026-09-16,24UEC202,MUZAIBUDHDEEN I,3rd Year,P,
2026-09-17,24UEC202,MUZAIBUDHDEEN I,3rd Year,P,
2026-09-18,24UEC202,MUZAIBUDHDEEN I,3rd Year,P,
2026-09-21,24UEC202,MUZAIBUDHDEEN I,3rd Year,P,
2026-09-22,24UEC202,MUZAIBUDHDEEN I,3rd Year,P,
2026-09-23,24UEC202,MUZAIBUDHDEEN I,3rd Year,P,
2026-09-24,24UEC202,MUZAIBUDHDEEN I,3rd Year,P,
2026-09-25,24UEC202,MUZAIBUDHDEEN I,3rd Year,A,
2026-09-28,24UEC202,MUZAIBUDHDEEN I,3rd Year,P,
2026-09-29,24UEC202,MUZAIBUDHDEEN I,3rd Year,P,
2026-09-30,24UEC202,MUZAIBUDHDEEN I,3rd Year,P,
2026-10-01,24UEC202,MUZAIBUDHDEEN I,3rd Year,P,
2026-10-05,24UEC202,MUZAIBUDHDEEN I,3rd Year,P,
2026-08-03,24UEC203,MUZHUMATHI V,3rd Year,A,
2026-08-04,24UEC203,MUZHUMATHI V,3rd Year,A,
2026-08-05,24UEC203,MUZHUMATHI V,3rd Year,P,
2026-08-06,24UEC203,MUZHUMATHI V,3rd Year,P,
2026-08-07,24UEC203,MUZHUMATHI V,3rd Year,P,
2026-08-10,24UEC203,MUZHUMATHI V,3rd Year,P,
2026-08-11,24UEC203,MUZHUMATHI V,3rd Year,P,
2026-08-12,24UEC203,MUZHUMATHI V,3rd Year,P,
2026-08-13,24UEC203,MUZHUMATHI V,3rd Year,P,
2026-08-14,24UEC203,MUZHUMATHI V,3rd Year,A,
2026-08-17,24UEC203,MUZHUMATHI V,3rd Year,P,
2026-08-18,24UEC203,MUZHUMATHI V,3rd Year,P,
2026-08-19,24UEC203,MUZHUMATHI V,3rd Year,P,
2026-08-21,24UEC203,MUZHUMATHI V,3rd Year,P,
2026-08-24,24UEC203,MUZHUMATHI V,3rd Year,P,
2026-08-25,24UEC203,MUZHUMATHI V,3rd Year,A,
2026-09-07,24UEC203,MUZHUMATHI V,3rd Year,A,
2026-09-08,24UEC203,MUZHUMATHI V,3rd Year,P,
2026-09-09,24UEC203,MUZHUMATHI V,3rd Year,A,
2026-09-10,24UEC203,MUZHUMATHI V,3rd Year,P,
2026-09-11,24UEC203,MUZHUMATHI V,3rd Year,A,
2026-09-15,24UEC203,MUZHUMATHI V,3rd Year,P,
2026-09-16,24UEC203,MUZHUMATHI V,3rd Year,A,
2026-09-17,24UEC203,MUZHUMATHI V,3rd Year,P,
2026-09-18,24UEC203,MUZHUMATHI V,3rd Year,P,
2026-09-21,24UEC203,MUZHUMATHI V,3rd Year,A,
2026-09-22,24UEC203,MUZHUMATHI V,3rd Year,P,
2026-09-23,24UEC203,MUZHUMATHI V,3rd Year,P,
2026-09-24,24UEC203,MUZHUMATHI V,3rd Year,P,
2026-09-25,24UEC203,MUZHUMATHI V,3rd Year,P,
2026-09-28,24UEC203,MUZHUMATHI V,3rd Year,P,
2026-09-29,24UEC203,MUZHUMATHI V,3rd Year,P,
2026-09-30,24UEC203,MUZHUMATHI V,3rd Year,P,
2026-10-01,24UEC203,MUZHUMATHI V,3rd Year,A,
2026-10-05,24UEC203,MUZHUMATHI V,3rd Year,A,
2026-08-03,24UEC204,NADHIYA P,3rd Year,A,
2026-08-04,24UEC204,NADHIYA P,3rd Year,A,
2026-08-05,24UEC204,NADHIYA P,3rd Year,P,
2026-08-06,24UEC204,NADHIYA P,3rd Year,P,
2026-08-07,24UEC204,NADHIYA P,3rd Year,P,
2026-08-10,24UEC204,NADHIYA P,3rd Year,P,
2026-08-11,24UEC204,NADHIYA P,3rd Year,P,
2026-08-12,24UEC204,NADHIYA P,3rd Year,P,
2026-08-13,24UEC204,NADHIYA P,3rd Year,P,
2026-08-14,24UEC204,NADHIYA P,3rd Year,P,
2026-08-17,24UEC204,NADHIYA P,3rd Year,P,
2026-08-18,24UEC204,NADHIYA P,3rd Year,P,
2026-08-19,24UEC204,NADHIYA P,3rd Year,P,
2026-08-21,24UEC204,NADHIYA P,3rd Year,P,
2026-08-24,24UEC204,NADHIYA P,3rd Year,A,
2026-08-25,24UEC204,NADHIYA P,3rd Year,A,
2026-09-07,24UEC204,NADHIYA P,3rd Year,P,
2026-09-08,24UEC204,NADHIYA P,3rd Year,P,
2026-09-09,24UEC204,NADHIYA P,3rd Year,P,
2026-09-10,24UEC204,NADHIYA P,3rd Year,P,
2026-09-11,24UEC204,NADHIYA P,3rd Year,P,
2026-09-15,24UEC204,NADHIYA P,3rd Year,A,
2026-09-16,24UEC204,NADHIYA P,3rd Year,P,
2026-09-17,24UEC204,NADHIYA P,3rd Year,P,
2026-09-18,24UEC204,NADHIYA P,3rd Year,P,
2026-09-21,24UEC204,NADHIYA P,3rd Year,P,
2026-09-22,24UEC204,NADHIYA P,3rd Year,P,
2026-09-23,24UEC204,NADHIYA P,3rd Year,P,
2026-09-24,24UEC204,NADHIYA P,3rd Year,P,
2026-09-25,24UEC204,NADHIYA P,3rd Year,P,
2026-09-28,24UEC204,NADHIYA P,3rd Year,P,
2026-09-29,24UEC204,NADHIYA P,3rd Year,P,
2026-09-30,24UEC204,NADHIYA P,3rd Year,P,
2026-10-01,24UEC204,NADHIYA P,3rd Year,P,
2026-10-05,24UEC204,NADHIYA P,3rd Year,A,
2026-08-03,24UEC208,NAVIN KUMAR S,3rd Year,P,
2026-08-04,24UEC208,NAVIN KUMAR S,3rd Year,A,
2026-08-05,24UEC208,NAVIN KUMAR S,3rd Year,P,
2026-08-06,24UEC208,NAVIN KUMAR S,3rd Year,P,
2026-08-07,24UEC208,NAVIN KUMAR S,3rd Year,P,
2026-08-10,24UEC208,NAVIN KUMAR S,3rd Year,P,
2026-08-11,24UEC208,NAVIN KUMAR S,3rd Year,P,
2026-08-12,24UEC208,NAVIN KUMAR S,3rd Year,P,
2026-08-13,24UEC208,NAVIN KUMAR S,3rd Year,P,
2026-08-14,24UEC208,NAVIN KUMAR S,3rd Year,A,
2026-08-17,24UEC208,NAVIN KUMAR S,3rd Year,P,
2026-08-18,24UEC208,NAVIN KUMAR S,3rd Year,A,
2026-08-19,24UEC208,NAVIN KUMAR S,3rd Year,P,
2026-08-21,24UEC208,NAVIN KUMAR S,3rd Year,A,
2026-08-24,24UEC208,NAVIN KUMAR S,3rd Year,P,
2026-08-25,24UEC208,NAVIN KUMAR S,3rd Year,A,
2026-09-07,24UEC208,NAVIN KUMAR S,3rd Year,A,
2026-09-08,24UEC208,NAVIN KUMAR S,3rd Year,A,
2026-09-09,24UEC208,NAVIN KUMAR S,3rd Year,P,
2026-09-10,24UEC208,NAVIN KUMAR S,3rd Year,P,
2026-09-11,24UEC208,NAVIN KUMAR S,3rd Year,P,
2026-09-15,24UEC208,NAVIN KUMAR S,3rd Year,P,
2026-09-16,24UEC208,NAVIN KUMAR S,3rd Year,P,
2026-09-17,24UEC208,NAVIN KUMAR S,3rd Year,P,
2026-09-18,24UEC208,NAVIN KUMAR S,3rd Year,P,
2026-09-21,24UEC208,NAVIN KUMAR S,3rd Year,P,
2026-09-22,24UEC208,NAVIN KUMAR S,3rd Year,P,
2026-09-23,24UEC208,NAVIN KUMAR S,3rd Year,P,
2026-09-24,24UEC208,NAVIN KUMAR S,3rd Year,P,
2026-09-25,24UEC208,NAVIN KUMAR S,3rd Year,P,
2026-09-28,24UEC208,NAVIN KUMAR S,3rd Year,P,
2026-09-29,24UEC208,NAVIN KUMAR S,3rd Year,P,
2026-09-30,24UEC208,NAVIN KUMAR S,3rd Year,P,
2026-10-01,24UEC208,NAVIN KUMAR S,3rd Year,P,
2026-10-05,24UEC208,NAVIN KUMAR S,3rd Year,P,
2026-08-03,24UEC209,NISHANTH M,3rd Year,A,
2026-08-04,24UEC209,NISHANTH M,3rd Year,A,
2026-08-05,24UEC209,NISHANTH M,3rd Year,P,
2026-08-06,24UEC209,NISHANTH M,3rd Year,P,
2026-08-07,24UEC209,NISHANTH M,3rd Year,P,
2026-08-10,24UEC209,NISHANTH M,3rd Year,P,
2026-08-11,24UEC209,NISHANTH M,3rd Year,A,
2026-08-12,24UEC209,NISHANTH M,3rd Year,P,
2026-08-13,24UEC209,NISHANTH M,3rd Year,P,
2026-08-14,24UEC209,NISHANTH M,3rd Year,A,
2026-08-17,24UEC209,NISHANTH M,3rd Year,A,
2026-08-18,24UEC209,NISHANTH M,3rd Year,P,
2026-08-19,24UEC209,NISHANTH M,3rd Year,A,
2026-08-21,24UEC209,NISHANTH M,3rd Year,P,
2026-08-24,24UEC209,NISHANTH M,3rd Year,P,
2026-08-25,24UEC209,NISHANTH M,3rd Year,P,
2026-09-07,24UEC209,NISHANTH M,3rd Year,A,
2026-09-08,24UEC209,NISHANTH M,3rd Year,A,
2026-09-09,24UEC209,NISHANTH M,3rd Year,P,
2026-09-10,24UEC209,NISHANTH M,3rd Year,P,
2026-09-11,24UEC209,NISHANTH M,3rd Year,P,
2026-09-15,24UEC209,NISHANTH M,3rd Year,P,
2026-09-16,24UEC209,NISHANTH M,3rd Year,A,
2026-09-17,24UEC209,NISHANTH M,3rd Year,P,
2026-09-18,24UEC209,NISHANTH M,3rd Year,P,
2026-09-21,24UEC209,NISHANTH M,3rd Year,A,
2026-09-22,24UEC209,NISHANTH M,3rd Year,P,
2026-09-23,24UEC209,NISHANTH M,3rd Year,P,
2026-09-24,24UEC209,NISHANTH M,3rd Year,P,
2026-09-25,24UEC209,NISHANTH M,3rd Year,A,
2026-09-28,24UEC209,NISHANTH M,3rd Year,P,
2026-09-29,24UEC209,NISHANTH M,3rd Year,P,
2026-09-30,24UEC209,NISHANTH M,3rd Year,P,
2026-10-01,24UEC209,NISHANTH M,3rd Year,A,
2026-10-05,24UEC209,NISHANTH M,3rd Year,A,
2026-08-03,24UEC210,NITHIN K J,3rd Year,A,
2026-08-04,24UEC210,NITHIN K J,3rd Year,A,
2026-08-05,24UEC210,NITHIN K J,3rd Year,P,
2026-08-06,24UEC210,NITHIN K J,3rd Year,P,
2026-08-07,24UEC210,NITHIN K J,3rd Year,P,
2026-08-10,24UEC210,NITHIN K J,3rd Year,P,
2026-08-11,24UEC210,NITHIN K J,3rd Year,P,
2026-08-12,24UEC210,NITHIN K J,3rd Year,P,
2026-08-13,24UEC210,NITHIN K J,3rd Year,P,
2026-08-14,24UEC210,NITHIN K J,3rd Year,A,
2026-08-17,24UEC210,NITHIN K J,3rd Year,P,
2026-08-18,24UEC210,NITHIN K J,3rd Year,P,
2026-08-19,24UEC210,NITHIN K J,3rd Year,P,
2026-08-21,24UEC210,NITHIN K J,3rd Year,P,
2026-08-24,24UEC210,NITHIN K J,3rd Year,P,
2026-08-25,24UEC210,NITHIN K J,3rd Year,P,
2026-09-07,24UEC210,NITHIN K J,3rd Year,P,
2026-09-08,24UEC210,NITHIN K J,3rd Year,P,
2026-09-09,24UEC210,NITHIN K J,3rd Year,A,
2026-09-10,24UEC210,NITHIN K J,3rd Year,P,
2026-09-11,24UEC210,NITHIN K J,3rd Year,A,
2026-09-15,24UEC210,NITHIN K J,3rd Year,A,
2026-09-16,24UEC210,NITHIN K J,3rd Year,P,
2026-09-17,24UEC210,NITHIN K J,3rd Year,P,
2026-09-18,24UEC210,NITHIN K J,3rd Year,P,
2026-09-21,24UEC210,NITHIN K J,3rd Year,A,
2026-09-22,24UEC210,NITHIN K J,3rd Year,A,
2026-09-23,24UEC210,NITHIN K J,3rd Year,P,
2026-09-24,24UEC210,NITHIN K J,3rd Year,P,
2026-09-25,24UEC210,NITHIN K J,3rd Year,A,
2026-09-28,24UEC210,NITHIN K J,3rd Year,P,
2026-09-29,24UEC210,NITHIN K J,3rd Year,P,
2026-09-30,24UEC210,NITHIN K J,3rd Year,P,
2026-10-01,24UEC210,NITHIN K J,3rd Year,A,
2026-10-05,24UEC210,NITHIN K J,3rd Year,A,
2026-08-03,24UEC213,PADMAPRIYA A,3rd Year,A,
2026-08-04,24UEC213,PADMAPRIYA A,3rd Year,A,
2026-08-05,24UEC213,PADMAPRIYA A,3rd Year,P,
2026-08-06,24UEC213,PADMAPRIYA A,3rd Year,P,
2026-08-07,24UEC213,PADMAPRIYA A,3rd Year,P,
2026-08-10,24UEC213,PADMAPRIYA A,3rd Year,P,
2026-08-11,24UEC213,PADMAPRIYA A,3rd Year,P,
2026-08-12,24UEC213,PADMAPRIYA A,3rd Year,P,
2026-08-13,24UEC213,PADMAPRIYA A,3rd Year,P,
2026-08-14,24UEC213,PADMAPRIYA A,3rd Year,P,
2026-08-17,24UEC213,PADMAPRIYA A,3rd Year,P,
2026-08-18,24UEC213,PADMAPRIYA A,3rd Year,P,
2026-08-19,24UEC213,PADMAPRIYA A,3rd Year,P,
2026-08-21,24UEC213,PADMAPRIYA A,3rd Year,P,
2026-08-24,24UEC213,PADMAPRIYA A,3rd Year,A,
2026-08-25,24UEC213,PADMAPRIYA A,3rd Year,A,
2026-09-07,24UEC213,PADMAPRIYA A,3rd Year,P,
2026-09-08,24UEC213,PADMAPRIYA A,3rd Year,P,
2026-09-09,24UEC213,PADMAPRIYA A,3rd Year,P,
2026-09-10,24UEC213,PADMAPRIYA A,3rd Year,P,
2026-09-11,24UEC213,PADMAPRIYA A,3rd Year,P,
2026-09-15,24UEC213,PADMAPRIYA A,3rd Year,A,
2026-09-16,24UEC213,PADMAPRIYA A,3rd Year,P,
2026-09-17,24UEC213,PADMAPRIYA A,3rd Year,P,
2026-09-18,24UEC213,PADMAPRIYA A,3rd Year,P,
2026-09-21,24UEC213,PADMAPRIYA A,3rd Year,P,
2026-09-22,24UEC213,PADMAPRIYA A,3rd Year,P,
2026-09-23,24UEC213,PADMAPRIYA A,3rd Year,P,
2026-09-24,24UEC213,PADMAPRIYA A,3rd Year,P,
2026-09-25,24UEC213,PADMAPRIYA A,3rd Year,P,
2026-09-28,24UEC213,PADMAPRIYA A,3rd Year,P,
2026-09-29,24UEC213,PADMAPRIYA A,3rd Year,A,
2026-09-30,24UEC213,PADMAPRIYA A,3rd Year,P,
2026-10-01,24UEC213,PADMAPRIYA A,3rd Year,P,
2026-10-05,24UEC213,PADMAPRIYA A,3rd Year,P,
2026-08-03,24UEC214,PAVITHRA S,3rd Year,P,
2026-08-04,24UEC214,PAVITHRA S,3rd Year,A,
2026-08-05,24UEC214,PAVITHRA S,3rd Year,P,
2026-08-06,24UEC214,PAVITHRA S,3rd Year,P,
2026-08-07,24UEC214,PAVITHRA S,3rd Year,P,
2026-08-10,24UEC214,PAVITHRA S,3rd Year,P,
2026-08-11,24UEC214,PAVITHRA S,3rd Year,P,
2026-08-12,24UEC214,PAVITHRA S,3rd Year,P,
2026-08-13,24UEC214,PAVITHRA S,3rd Year,P,
2026-08-14,24UEC214,PAVITHRA S,3rd Year,P,
2026-08-17,24UEC214,PAVITHRA S,3rd Year,P,
2026-08-18,24UEC214,PAVITHRA S,3rd Year,P,
2026-08-19,24UEC214,PAVITHRA S,3rd Year,A,
2026-08-21,24UEC214,PAVITHRA S,3rd Year,P,
2026-08-24,24UEC214,PAVITHRA S,3rd Year,P,
2026-08-25,24UEC214,PAVITHRA S,3rd Year,A,
2026-09-07,24UEC214,PAVITHRA S,3rd Year,P,
2026-09-08,24UEC214,PAVITHRA S,3rd Year,P,
2026-09-09,24UEC214,PAVITHRA S,3rd Year,P,
2026-09-10,24UEC214,PAVITHRA S,3rd Year,P,
2026-09-11,24UEC214,PAVITHRA S,3rd Year,P,
2026-09-15,24UEC214,PAVITHRA S,3rd Year,P,
2026-09-16,24UEC214,PAVITHRA S,3rd Year,P,
2026-09-17,24UEC214,PAVITHRA S,3rd Year,P,
2026-09-18,24UEC214,PAVITHRA S,3rd Year,P,
2026-09-21,24UEC214,PAVITHRA S,3rd Year,P,
2026-09-22,24UEC214,PAVITHRA S,3rd Year,P,
2026-09-23,24UEC214,PAVITHRA S,3rd Year,P,
2026-09-24,24UEC214,PAVITHRA S,3rd Year,P,
2026-09-25,24UEC214,PAVITHRA S,3rd Year,P,
2026-09-28,24UEC214,PAVITHRA S,3rd Year,P,
2026-09-29,24UEC214,PAVITHRA S,3rd Year,P,
2026-09-30,24UEC214,PAVITHRA S,3rd Year,P,
2026-10-01,24UEC214,PAVITHRA S,3rd Year,P,
2026-10-05,24UEC214,PAVITHRA S,3rd Year,P,
2026-08-03,24UEC215,POORNITHA V,3rd Year,A,
2026-08-04,24UEC215,POORNITHA V,3rd Year,A,
2026-08-05,24UEC215,POORNITHA V,3rd Year,P,
2026-08-06,24UEC215,POORNITHA V,3rd Year,P,
2026-08-07,24UEC215,POORNITHA V,3rd Year,P,
2026-08-10,24UEC215,POORNITHA V,3rd Year,P,
2026-08-11,24UEC215,POORNITHA V,3rd Year,P,
2026-08-12,24UEC215,POORNITHA V,3rd Year,P,
2026-08-13,24UEC215,POORNITHA V,3rd Year,P,
2026-08-14,24UEC215,POORNITHA V,3rd Year,P,
2026-08-17,24UEC215,POORNITHA V,3rd Year,P,
2026-08-18,24UEC215,POORNITHA V,3rd Year,A,
2026-08-19,24UEC215,POORNITHA V,3rd Year,P,
2026-08-21,24UEC215,POORNITHA V,3rd Year,P,
2026-08-24,24UEC215,POORNITHA V,3rd Year,P,
2026-08-25,24UEC215,POORNITHA V,3rd Year,A,
2026-09-07,24UEC215,POORNITHA V,3rd Year,P,
2026-09-08,24UEC215,POORNITHA V,3rd Year,P,
2026-09-09,24UEC215,POORNITHA V,3rd Year,P,
2026-09-10,24UEC215,POORNITHA V,3rd Year,P,
2026-09-11,24UEC215,POORNITHA V,3rd Year,P,
2026-09-15,24UEC215,POORNITHA V,3rd Year,A,
2026-09-16,24UEC215,POORNITHA V,3rd Year,P,
2026-09-17,24UEC215,POORNITHA V,3rd Year,P,
2026-09-18,24UEC215,POORNITHA V,3rd Year,P,
2026-09-21,24UEC215,POORNITHA V,3rd Year,P,
2026-09-22,24UEC215,POORNITHA V,3rd Year,P,
2026-09-23,24UEC215,POORNITHA V,3rd Year,P,
2026-09-24,24UEC215,POORNITHA V,3rd Year,A,
2026-09-25,24UEC215,POORNITHA V,3rd Year,P,
2026-09-28,24UEC215,POORNITHA V,3rd Year,P,
2026-09-29,24UEC215,POORNITHA V,3rd Year,P,
2026-09-30,24UEC215,POORNITHA V,3rd Year,P,
2026-10-01,24UEC215,POORNITHA V,3rd Year,P,
2026-10-05,24UEC215,POORNITHA V,3rd Year,P,
2026-08-03,24UEC216,PRAVEEN SANKAR K,3rd Year,A,
2026-08-04,24UEC216,PRAVEEN SANKAR K,3rd Year,A,
2026-08-05,24UEC216,PRAVEEN SANKAR K,3rd Year,P,
2026-08-06,24UEC216,PRAVEEN SANKAR K,3rd Year,P,
2026-08-07,24UEC216,PRAVEEN SANKAR K,3rd Year,A,
2026-08-10,24UEC216,PRAVEEN SANKAR K,3rd Year,P,
2026-08-11,24UEC216,PRAVEEN SANKAR K,3rd Year,P,
2026-08-12,24UEC216,PRAVEEN SANKAR K,3rd Year,P,
2026-08-13,24UEC216,PRAVEEN SANKAR K,3rd Year,P,
2026-08-14,24UEC216,PRAVEEN SANKAR K,3rd Year,A,
2026-08-17,24UEC216,PRAVEEN SANKAR K,3rd Year,P,
2026-08-18,24UEC216,PRAVEEN SANKAR K,3rd Year,A,
2026-08-19,24UEC216,PRAVEEN SANKAR K,3rd Year,P,
2026-08-21,24UEC216,PRAVEEN SANKAR K,3rd Year,P,
2026-08-24,24UEC216,PRAVEEN SANKAR K,3rd Year,P,
2026-08-25,24UEC216,PRAVEEN SANKAR K,3rd Year,P,
2026-09-07,24UEC216,PRAVEEN SANKAR K,3rd Year,A,
2026-09-08,24UEC216,PRAVEEN SANKAR K,3rd Year,P,
2026-09-09,24UEC216,PRAVEEN SANKAR K,3rd Year,P,
2026-09-10,24UEC216,PRAVEEN SANKAR K,3rd Year,A,
2026-09-11,24UEC216,PRAVEEN SANKAR K,3rd Year,A,
2026-09-15,24UEC216,PRAVEEN SANKAR K,3rd Year,P,
2026-09-16,24UEC216,PRAVEEN SANKAR K,3rd Year,P,
2026-09-17,24UEC216,PRAVEEN SANKAR K,3rd Year,P,
2026-09-18,24UEC216,PRAVEEN SANKAR K,3rd Year,P,
2026-09-21,24UEC216,PRAVEEN SANKAR K,3rd Year,A,
2026-09-22,24UEC216,PRAVEEN SANKAR K,3rd Year,A,
2026-09-23,24UEC216,PRAVEEN SANKAR K,3rd Year,P,
2026-09-24,24UEC216,PRAVEEN SANKAR K,3rd Year,P,
2026-09-25,24UEC216,PRAVEEN SANKAR K,3rd Year,A,
2026-09-28,24UEC216,PRAVEEN SANKAR K,3rd Year,A,
2026-09-29,24UEC216,PRAVEEN SANKAR K,3rd Year,A,
2026-09-30,24UEC216,PRAVEEN SANKAR K,3rd Year,A,
2026-10-01,24UEC216,PRAVEEN SANKAR K,3rd Year,P,
2026-10-05,24UEC216,PRAVEEN SANKAR K,3rd Year,P,
2026-08-03,24UEC219,RAGUL S,3rd Year,A,
2026-08-04,24UEC219,RAGUL S,3rd Year,A,
2026-08-05,24UEC219,RAGUL S,3rd Year,P,
2026-08-06,24UEC219,RAGUL S,3rd Year,P,
2026-08-07,24UEC219,RAGUL S,3rd Year,P,
2026-08-10,24UEC219,RAGUL S,3rd Year,P,
2026-08-11,24UEC219,RAGUL S,3rd Year,P,
2026-08-12,24UEC219,RAGUL S,3rd Year,P,
2026-08-13,24UEC219,RAGUL S,3rd Year,P,
2026-08-14,24UEC219,RAGUL S,3rd Year,A,
2026-08-17,24UEC219,RAGUL S,3rd Year,A,
2026-08-18,24UEC219,RAGUL S,3rd Year,P,
2026-08-19,24UEC219,RAGUL S,3rd Year,A,
2026-08-21,24UEC219,RAGUL S,3rd Year,A,
2026-08-24,24UEC219,RAGUL S,3rd Year,A,
2026-08-25,24UEC219,RAGUL S,3rd Year,A,
2026-09-07,24UEC219,RAGUL S,3rd Year,A,
2026-09-08,24UEC219,RAGUL S,3rd Year,A,
2026-09-09,24UEC219,RAGUL S,3rd Year,P,
2026-09-10,24UEC219,RAGUL S,3rd Year,A,
2026-09-11,24UEC219,RAGUL S,3rd Year,P,
2026-09-15,24UEC219,RAGUL S,3rd Year,P,
2026-09-16,24UEC219,RAGUL S,3rd Year,A,
2026-09-17,24UEC219,RAGUL S,3rd Year,A,
2026-09-18,24UEC219,RAGUL S,3rd Year,P,
2026-09-21,24UEC219,RAGUL S,3rd Year,A,
2026-09-22,24UEC219,RAGUL S,3rd Year,P,
2026-09-23,24UEC219,RAGUL S,3rd Year,A,
2026-09-24,24UEC219,RAGUL S,3rd Year,P,
2026-09-25,24UEC219,RAGUL S,3rd Year,A,
2026-09-28,24UEC219,RAGUL S,3rd Year,A,
2026-09-29,24UEC219,RAGUL S,3rd Year,A,
2026-09-30,24UEC219,RAGUL S,3rd Year,A,
2026-10-01,24UEC219,RAGUL S,3rd Year,A,
2026-10-05,24UEC219,RAGUL S,3rd Year,A,
2026-08-03,24UEC223,RUBALAKSHMI S,3rd Year,P,
2026-08-04,24UEC223,RUBALAKSHMI S,3rd Year,A,
2026-08-05,24UEC223,RUBALAKSHMI S,3rd Year,P,
2026-08-06,24UEC223,RUBALAKSHMI S,3rd Year,P,
2026-08-07,24UEC223,RUBALAKSHMI S,3rd Year,P,
2026-08-10,24UEC223,RUBALAKSHMI S,3rd Year,P,
2026-08-11,24UEC223,RUBALAKSHMI S,3rd Year,P,
2026-08-12,24UEC223,RUBALAKSHMI S,3rd Year,P,
2026-08-13,24UEC223,RUBALAKSHMI S,3rd Year,P,
2026-08-14,24UEC223,RUBALAKSHMI S,3rd Year,P,
2026-08-17,24UEC223,RUBALAKSHMI S,3rd Year,P,
2026-08-18,24UEC223,RUBALAKSHMI S,3rd Year,P,
2026-08-19,24UEC223,RUBALAKSHMI S,3rd Year,P,
2026-08-21,24UEC223,RUBALAKSHMI S,3rd Year,P,
2026-08-24,24UEC223,RUBALAKSHMI S,3rd Year,P,
2026-08-25,24UEC223,RUBALAKSHMI S,3rd Year,A,
2026-09-07,24UEC223,RUBALAKSHMI S,3rd Year,P,
2026-09-08,24UEC223,RUBALAKSHMI S,3rd Year,P,
2026-09-09,24UEC223,RUBALAKSHMI S,3rd Year,P,
2026-09-10,24UEC223,RUBALAKSHMI S,3rd Year,P,
2026-09-11,24UEC223,RUBALAKSHMI S,3rd Year,P,
2026-09-15,24UEC223,RUBALAKSHMI S,3rd Year,P,
2026-09-16,24UEC223,RUBALAKSHMI S,3rd Year,P,
2026-09-17,24UEC223,RUBALAKSHMI S,3rd Year,P,
2026-09-18,24UEC223,RUBALAKSHMI S,3rd Year,P,
2026-09-21,24UEC223,RUBALAKSHMI S,3rd Year,P,
2026-09-22,24UEC223,RUBALAKSHMI S,3rd Year,P,
2026-09-23,24UEC223,RUBALAKSHMI S,3rd Year,P,
2026-09-24,24UEC223,RUBALAKSHMI S,3rd Year,P,
2026-09-25,24UEC223,RUBALAKSHMI S,3rd Year,P,
2026-09-28,24UEC223,RUBALAKSHMI S,3rd Year,P,
2026-09-29,24UEC223,RUBALAKSHMI S,3rd Year,P,
2026-09-30,24UEC223,RUBALAKSHMI S,3rd Year,P,
2026-10-01,24UEC223,RUBALAKSHMI S,3rd Year,P,
2026-10-05,24UEC223,RUBALAKSHMI S,3rd Year,P,
2026-08-03,24UEC224,SAHANA G,3rd Year,P,
2026-08-04,24UEC224,SAHANA G,3rd Year,A,
2026-08-05,24UEC224,SAHANA G,3rd Year,P,
2026-08-06,24UEC224,SAHANA G,3rd Year,P,
2026-08-07,24UEC224,SAHANA G,3rd Year,P,
2026-08-10,24UEC224,SAHANA G,3rd Year,P,
2026-08-11,24UEC224,SAHANA G,3rd Year,P,
2026-08-12,24UEC224,SAHANA G,3rd Year,P,
2026-08-13,24UEC224,SAHANA G,3rd Year,P,
2026-08-14,24UEC224,SAHANA G,3rd Year,P,
2026-08-17,24UEC224,SAHANA G,3rd Year,P,
2026-08-18,24UEC224,SAHANA G,3rd Year,P,
2026-08-19,24UEC224,SAHANA G,3rd Year,P,
2026-08-21,24UEC224,SAHANA G,3rd Year,P,
2026-08-24,24UEC224,SAHANA G,3rd Year,P,
2026-08-25,24UEC224,SAHANA G,3rd Year,P,
2026-09-07,24UEC224,SAHANA G,3rd Year,P,
2026-09-08,24UEC224,SAHANA G,3rd Year,A,
2026-09-09,24UEC224,SAHANA G,3rd Year,P,
2026-09-10,24UEC224,SAHANA G,3rd Year,P,
2026-09-11,24UEC224,SAHANA G,3rd Year,P,
2026-09-15,24UEC224,SAHANA G,3rd Year,P,
2026-09-16,24UEC224,SAHANA G,3rd Year,P,
2026-09-17,24UEC224,SAHANA G,3rd Year,P,
2026-09-18,24UEC224,SAHANA G,3rd Year,P,
2026-09-21,24UEC224,SAHANA G,3rd Year,P,
2026-09-22,24UEC224,SAHANA G,3rd Year,P,
2026-09-23,24UEC224,SAHANA G,3rd Year,P,
2026-09-24,24UEC224,SAHANA G,3rd Year,P,
2026-09-25,24UEC224,SAHANA G,3rd Year,P,
2026-09-28,24UEC224,SAHANA G,3rd Year,P,
2026-09-29,24UEC224,SAHANA G,3rd Year,P,
2026-09-30,24UEC224,SAHANA G,3rd Year,P,
2026-10-01,24UEC224,SAHANA G,3rd Year,P,
2026-10-05,24UEC224,SAHANA G,3rd Year,P,
2026-08-03,24UEC225,SAKTHI JAGADESHWARI K,3rd Year,P,
2026-08-04,24UEC225,SAKTHI JAGADESHWARI K,3rd Year,A,
2026-08-05,24UEC225,SAKTHI JAGADESHWARI K,3rd Year,P,
2026-08-06,24UEC225,SAKTHI JAGADESHWARI K,3rd Year,P,
2026-08-07,24UEC225,SAKTHI JAGADESHWARI K,3rd Year,P,
2026-08-10,24UEC225,SAKTHI JAGADESHWARI K,3rd Year,P,
2026-08-11,24UEC225,SAKTHI JAGADESHWARI K,3rd Year,P,
2026-08-12,24UEC225,SAKTHI JAGADESHWARI K,3rd Year,P,
2026-08-13,24UEC225,SAKTHI JAGADESHWARI K,3rd Year,P,
2026-08-14,24UEC225,SAKTHI JAGADESHWARI K,3rd Year,P,
2026-08-17,24UEC225,SAKTHI JAGADESHWARI K,3rd Year,P,
2026-08-18,24UEC225,SAKTHI JAGADESHWARI K,3rd Year,P,
2026-08-19,24UEC225,SAKTHI JAGADESHWARI K,3rd Year,P,
2026-08-21,24UEC225,SAKTHI JAGADESHWARI K,3rd Year,P,
2026-08-24,24UEC225,SAKTHI JAGADESHWARI K,3rd Year,P,
2026-08-25,24UEC225,SAKTHI JAGADESHWARI K,3rd Year,P,
2026-09-07,24UEC225,SAKTHI JAGADESHWARI K,3rd Year,P,
2026-09-08,24UEC225,SAKTHI JAGADESHWARI K,3rd Year,P,
2026-09-09,24UEC225,SAKTHI JAGADESHWARI K,3rd Year,P,
2026-09-10,24UEC225,SAKTHI JAGADESHWARI K,3rd Year,P,
2026-09-11,24UEC225,SAKTHI JAGADESHWARI K,3rd Year,P,
2026-09-15,24UEC225,SAKTHI JAGADESHWARI K,3rd Year,P,
2026-09-16,24UEC225,SAKTHI JAGADESHWARI K,3rd Year,P,
2026-09-17,24UEC225,SAKTHI JAGADESHWARI K,3rd Year,P,
2026-09-18,24UEC225,SAKTHI JAGADESHWARI K,3rd Year,P,
2026-09-21,24UEC225,SAKTHI JAGADESHWARI K,3rd Year,P,
2026-09-22,24UEC225,SAKTHI JAGADESHWARI K,3rd Year,P,
2026-09-23,24UEC225,SAKTHI JAGADESHWARI K,3rd Year,P,
2026-09-24,24UEC225,SAKTHI JAGADESHWARI K,3rd Year,P,
2026-09-25,24UEC225,SAKTHI JAGADESHWARI K,3rd Year,P,
2026-09-28,24UEC225,SAKTHI JAGADESHWARI K,3rd Year,P,
2026-09-29,24UEC225,SAKTHI JAGADESHWARI K,3rd Year,P,
2026-09-30,24UEC225,SAKTHI JAGADESHWARI K,3rd Year,P,
2026-10-01,24UEC225,SAKTHI JAGADESHWARI K,3rd Year,A,
2026-10-05,24UEC225,SAKTHI JAGADESHWARI K,3rd Year,P,
2026-08-03,24UEC226,SAKTHIVEL V,3rd Year,A,
2026-08-04,24UEC226,SAKTHIVEL V,3rd Year,A,
2026-08-05,24UEC226,SAKTHIVEL V,3rd Year,P,
2026-08-06,24UEC226,SAKTHIVEL V,3rd Year,P,
2026-08-07,24UEC226,SAKTHIVEL V,3rd Year,P,
2026-08-10,24UEC226,SAKTHIVEL V,3rd Year,P,
2026-08-11,24UEC226,SAKTHIVEL V,3rd Year,P,
2026-08-12,24UEC226,SAKTHIVEL V,3rd Year,P,
2026-08-13,24UEC226,SAKTHIVEL V,3rd Year,P,
2026-08-14,24UEC226,SAKTHIVEL V,3rd Year,A,
2026-08-17,24UEC226,SAKTHIVEL V,3rd Year,P,
2026-08-18,24UEC226,SAKTHIVEL V,3rd Year,P,
2026-08-19,24UEC226,SAKTHIVEL V,3rd Year,P,
2026-08-21,24UEC226,SAKTHIVEL V,3rd Year,P,
2026-08-24,24UEC226,SAKTHIVEL V,3rd Year,P,
2026-08-25,24UEC226,SAKTHIVEL V,3rd Year,P,
2026-09-07,24UEC226,SAKTHIVEL V,3rd Year,P,
2026-09-08,24UEC226,SAKTHIVEL V,3rd Year,P,
2026-09-09,24UEC226,SAKTHIVEL V,3rd Year,P,
2026-09-10,24UEC226,SAKTHIVEL V,3rd Year,P,
2026-09-11,24UEC226,SAKTHIVEL V,3rd Year,P,
2026-09-15,24UEC226,SAKTHIVEL V,3rd Year,P,
2026-09-16,24UEC226,SAKTHIVEL V,3rd Year,P,
2026-09-17,24UEC226,SAKTHIVEL V,3rd Year,P,
2026-09-18,24UEC226,SAKTHIVEL V,3rd Year,P,
2026-09-21,24UEC226,SAKTHIVEL V,3rd Year,P,
2026-09-22,24UEC226,SAKTHIVEL V,3rd Year,P,
2026-09-23,24UEC226,SAKTHIVEL V,3rd Year,P,
2026-09-24,24UEC226,SAKTHIVEL V,3rd Year,P,
2026-09-25,24UEC226,SAKTHIVEL V,3rd Year,P,
2026-09-28,24UEC226,SAKTHIVEL V,3rd Year,P,
2026-09-29,24UEC226,SAKTHIVEL V,3rd Year,P,
2026-09-30,24UEC226,SAKTHIVEL V,3rd Year,P,
2026-10-01,24UEC226,SAKTHIVEL V,3rd Year,P,
2026-10-05,24UEC226,SAKTHIVEL V,3rd Year,P,
2026-08-03,24UEC227,SAMIKSHA V,3rd Year,P,
2026-08-04,24UEC227,SAMIKSHA V,3rd Year,A,
2026-08-05,24UEC227,SAMIKSHA V,3rd Year,P,
2026-08-06,24UEC227,SAMIKSHA V,3rd Year,P,
2026-08-07,24UEC227,SAMIKSHA V,3rd Year,P,
2026-08-10,24UEC227,SAMIKSHA V,3rd Year,P,
2026-08-11,24UEC227,SAMIKSHA V,3rd Year,P,
2026-08-12,24UEC227,SAMIKSHA V,3rd Year,P,
2026-08-13,24UEC227,SAMIKSHA V,3rd Year,P,
2026-08-14,24UEC227,SAMIKSHA V,3rd Year,A,
2026-08-17,24UEC227,SAMIKSHA V,3rd Year,P,
2026-08-18,24UEC227,SAMIKSHA V,3rd Year,P,
2026-08-19,24UEC227,SAMIKSHA V,3rd Year,P,
2026-08-21,24UEC227,SAMIKSHA V,3rd Year,P,
2026-08-24,24UEC227,SAMIKSHA V,3rd Year,P,
2026-08-25,24UEC227,SAMIKSHA V,3rd Year,A,
2026-09-07,24UEC227,SAMIKSHA V,3rd Year,P,
2026-09-08,24UEC227,SAMIKSHA V,3rd Year,A,
2026-09-09,24UEC227,SAMIKSHA V,3rd Year,P,
2026-09-10,24UEC227,SAMIKSHA V,3rd Year,P,
2026-09-11,24UEC227,SAMIKSHA V,3rd Year,A,
2026-09-15,24UEC227,SAMIKSHA V,3rd Year,A,
2026-09-16,24UEC227,SAMIKSHA V,3rd Year,P,
2026-09-17,24UEC227,SAMIKSHA V,3rd Year,P,
2026-09-18,24UEC227,SAMIKSHA V,3rd Year,P,
2026-09-21,24UEC227,SAMIKSHA V,3rd Year,A,
2026-09-22,24UEC227,SAMIKSHA V,3rd Year,A,
2026-09-23,24UEC227,SAMIKSHA V,3rd Year,P,
2026-09-24,24UEC227,SAMIKSHA V,3rd Year,P,
2026-09-25,24UEC227,SAMIKSHA V,3rd Year,P,
2026-09-28,24UEC227,SAMIKSHA V,3rd Year,P,
2026-09-29,24UEC227,SAMIKSHA V,3rd Year,P,
2026-09-30,24UEC227,SAMIKSHA V,3rd Year,A,
2026-10-01,24UEC227,SAMIKSHA V,3rd Year,P,
2026-10-05,24UEC227,SAMIKSHA V,3rd Year,A,
2026-08-03,24UEC228,SANJAI KRISHNAN S,3rd Year,P,
2026-08-04,24UEC228,SANJAI KRISHNAN S,3rd Year,A,
2026-08-05,24UEC228,SANJAI KRISHNAN S,3rd Year,A,
2026-08-06,24UEC228,SANJAI KRISHNAN S,3rd Year,P,
2026-08-07,24UEC228,SANJAI KRISHNAN S,3rd Year,A,
2026-08-10,24UEC228,SANJAI KRISHNAN S,3rd Year,P,
2026-08-11,24UEC228,SANJAI KRISHNAN S,3rd Year,P,
2026-08-12,24UEC228,SANJAI KRISHNAN S,3rd Year,P,
2026-08-13,24UEC228,SANJAI KRISHNAN S,3rd Year,P,
2026-08-14,24UEC228,SANJAI KRISHNAN S,3rd Year,P,
2026-08-17,24UEC228,SANJAI KRISHNAN S,3rd Year,P,
2026-08-18,24UEC228,SANJAI KRISHNAN S,3rd Year,P,
2026-08-19,24UEC228,SANJAI KRISHNAN S,3rd Year,P,
2026-08-21,24UEC228,SANJAI KRISHNAN S,3rd Year,P,
2026-08-24,24UEC228,SANJAI KRISHNAN S,3rd Year,P,
2026-08-25,24UEC228,SANJAI KRISHNAN S,3rd Year,P,
2026-09-07,24UEC228,SANJAI KRISHNAN S,3rd Year,P,
2026-09-08,24UEC228,SANJAI KRISHNAN S,3rd Year,P,
2026-09-09,24UEC228,SANJAI KRISHNAN S,3rd Year,P,
2026-09-10,24UEC228,SANJAI KRISHNAN S,3rd Year,P,
2026-09-11,24UEC228,SANJAI KRISHNAN S,3rd Year,P,
2026-09-15,24UEC228,SANJAI KRISHNAN S,3rd Year,P,
2026-09-16,24UEC228,SANJAI KRISHNAN S,3rd Year,P,
2026-09-17,24UEC228,SANJAI KRISHNAN S,3rd Year,P,
2026-09-18,24UEC228,SANJAI KRISHNAN S,3rd Year,P,
2026-09-21,24UEC228,SANJAI KRISHNAN S,3rd Year,P,
2026-09-22,24UEC228,SANJAI KRISHNAN S,3rd Year,P,
2026-09-23,24UEC228,SANJAI KRISHNAN S,3rd Year,P,
2026-09-24,24UEC228,SANJAI KRISHNAN S,3rd Year,P,
2026-09-25,24UEC228,SANJAI KRISHNAN S,3rd Year,P,
2026-09-28,24UEC228,SANJAI KRISHNAN S,3rd Year,P,
2026-09-29,24UEC228,SANJAI KRISHNAN S,3rd Year,A,
2026-09-30,24UEC228,SANJAI KRISHNAN S,3rd Year,A,
2026-10-01,24UEC228,SANJAI KRISHNAN S,3rd Year,P,
2026-10-05,24UEC228,SANJAI KRISHNAN S,3rd Year,P,
2026-08-03,24UEC229,SANJAIBHARATHI P,3rd Year,A,
2026-08-04,24UEC229,SANJAIBHARATHI P,3rd Year,A,
2026-08-05,24UEC229,SANJAIBHARATHI P,3rd Year,A,
2026-08-06,24UEC229,SANJAIBHARATHI P,3rd Year,P,
2026-08-07,24UEC229,SANJAIBHARATHI P,3rd Year,P,
2026-08-10,24UEC229,SANJAIBHARATHI P,3rd Year,P,
2026-08-11,24UEC229,SANJAIBHARATHI P,3rd Year,P,
2026-08-12,24UEC229,SANJAIBHARATHI P,3rd Year,P,
2026-08-13,24UEC229,SANJAIBHARATHI P,3rd Year,P,
2026-08-14,24UEC229,SANJAIBHARATHI P,3rd Year,P,
2026-08-17,24UEC229,SANJAIBHARATHI P,3rd Year,P,
2026-08-18,24UEC229,SANJAIBHARATHI P,3rd Year,P,
2026-08-19,24UEC229,SANJAIBHARATHI P,3rd Year,P,
2026-08-21,24UEC229,SANJAIBHARATHI P,3rd Year,P,
2026-08-24,24UEC229,SANJAIBHARATHI P,3rd Year,P,
2026-08-25,24UEC229,SANJAIBHARATHI P,3rd Year,P,
2026-09-07,24UEC229,SANJAIBHARATHI P,3rd Year,A,
2026-09-08,24UEC229,SANJAIBHARATHI P,3rd Year,P,
2026-09-09,24UEC229,SANJAIBHARATHI P,3rd Year,P,
2026-09-10,24UEC229,SANJAIBHARATHI P,3rd Year,P,
2026-09-11,24UEC229,SANJAIBHARATHI P,3rd Year,P,
2026-09-15,24UEC229,SANJAIBHARATHI P,3rd Year,P,
2026-09-16,24UEC229,SANJAIBHARATHI P,3rd Year,P,
2026-09-17,24UEC229,SANJAIBHARATHI P,3rd Year,P,
2026-09-18,24UEC229,SANJAIBHARATHI P,3rd Year,P,
2026-09-21,24UEC229,SANJAIBHARATHI P,3rd Year,P,
2026-09-22,24UEC229,SANJAIBHARATHI P,3rd Year,P,
2026-09-23,24UEC229,SANJAIBHARATHI P,3rd Year,P,
2026-09-24,24UEC229,SANJAIBHARATHI P,3rd Year,P,
2026-09-25,24UEC229,SANJAIBHARATHI P,3rd Year,P,
2026-09-28,24UEC229,SANJAIBHARATHI P,3rd Year,P,
2026-09-29,24UEC229,SANJAIBHARATHI P,3rd Year,P,
2026-09-30,24UEC229,SANJAIBHARATHI P,3rd Year,P,
2026-10-01,24UEC229,SANJAIBHARATHI P,3rd Year,P,
2026-10-05,24UEC229,SANJAIBHARATHI P,3rd Year,P,
2026-08-03,24UEC234,SARAVANAN P,3rd Year,A,
2026-08-04,24UEC234,SARAVANAN P,3rd Year,A,
2026-08-05,24UEC234,SARAVANAN P,3rd Year,P,
2026-08-06,24UEC234,SARAVANAN P,3rd Year,P,
2026-08-07,24UEC234,SARAVANAN P,3rd Year,P,
2026-08-10,24UEC234,SARAVANAN P,3rd Year,P,
2026-08-11,24UEC234,SARAVANAN P,3rd Year,P,
2026-08-12,24UEC234,SARAVANAN P,3rd Year,P,
2026-08-13,24UEC234,SARAVANAN P,3rd Year,P,
2026-08-14,24UEC234,SARAVANAN P,3rd Year,P,
2026-08-17,24UEC234,SARAVANAN P,3rd Year,A,
2026-08-18,24UEC234,SARAVANAN P,3rd Year,A,
2026-08-19,24UEC234,SARAVANAN P,3rd Year,A,
2026-08-21,24UEC234,SARAVANAN P,3rd Year,P,
2026-08-24,24UEC234,SARAVANAN P,3rd Year,A,
2026-08-25,24UEC234,SARAVANAN P,3rd Year,P,
2026-09-07,24UEC234,SARAVANAN P,3rd Year,P,
2026-09-08,24UEC234,SARAVANAN P,3rd Year,P,
2026-09-09,24UEC234,SARAVANAN P,3rd Year,P,
2026-09-10,24UEC234,SARAVANAN P,3rd Year,P,
2026-09-11,24UEC234,SARAVANAN P,3rd Year,P,
2026-09-15,24UEC234,SARAVANAN P,3rd Year,A,
2026-09-16,24UEC234,SARAVANAN P,3rd Year,P,
2026-09-17,24UEC234,SARAVANAN P,3rd Year,P,
2026-09-18,24UEC234,SARAVANAN P,3rd Year,P,
2026-09-21,24UEC234,SARAVANAN P,3rd Year,A,
2026-09-22,24UEC234,SARAVANAN P,3rd Year,P,
2026-09-23,24UEC234,SARAVANAN P,3rd Year,P,
2026-09-24,24UEC234,SARAVANAN P,3rd Year,P,
2026-09-25,24UEC234,SARAVANAN P,3rd Year,P,
2026-09-28,24UEC234,SARAVANAN P,3rd Year,A,
2026-09-29,24UEC234,SARAVANAN P,3rd Year,P,
2026-09-30,24UEC234,SARAVANAN P,3rd Year,A,
2026-10-01,24UEC234,SARAVANAN P,3rd Year,P,
2026-10-05,24UEC234,SARAVANAN P,3rd Year,P,
2026-08-03,24UEC236,SAVITHIRI S,3rd Year,A,
2026-08-04,24UEC236,SAVITHIRI S,3rd Year,A,
2026-08-05,24UEC236,SAVITHIRI S,3rd Year,P,
2026-08-06,24UEC236,SAVITHIRI S,3rd Year,P,
2026-08-07,24UEC236,SAVITHIRI S,3rd Year,P,
2026-08-10,24UEC236,SAVITHIRI S,3rd Year,P,
2026-08-11,24UEC236,SAVITHIRI S,3rd Year,P,
2026-08-12,24UEC236,SAVITHIRI S,3rd Year,A,
2026-08-13,24UEC236,SAVITHIRI S,3rd Year,P,
2026-08-14,24UEC236,SAVITHIRI S,3rd Year,P,
2026-08-17,24UEC236,SAVITHIRI S,3rd Year,P,
2026-08-18,24UEC236,SAVITHIRI S,3rd Year,P,
2026-08-19,24UEC236,SAVITHIRI S,3rd Year,P,
2026-08-21,24UEC236,SAVITHIRI S,3rd Year,P,
2026-08-24,24UEC236,SAVITHIRI S,3rd Year,A,
2026-08-25,24UEC236,SAVITHIRI S,3rd Year,A,
2026-09-07,24UEC236,SAVITHIRI S,3rd Year,A,
2026-09-08,24UEC236,SAVITHIRI S,3rd Year,P,
2026-09-09,24UEC236,SAVITHIRI S,3rd Year,P,
2026-09-10,24UEC236,SAVITHIRI S,3rd Year,P,
2026-09-11,24UEC236,SAVITHIRI S,3rd Year,P,
2026-09-15,24UEC236,SAVITHIRI S,3rd Year,A,
2026-09-16,24UEC236,SAVITHIRI S,3rd Year,P,
2026-09-17,24UEC236,SAVITHIRI S,3rd Year,P,
2026-09-18,24UEC236,SAVITHIRI S,3rd Year,P,
2026-09-21,24UEC236,SAVITHIRI S,3rd Year,A,
2026-09-22,24UEC236,SAVITHIRI S,3rd Year,A,
2026-09-23,24UEC236,SAVITHIRI S,3rd Year,A,
2026-09-24,24UEC236,SAVITHIRI S,3rd Year,A,
2026-09-25,24UEC236,SAVITHIRI S,3rd Year,P,
2026-09-28,24UEC236,SAVITHIRI S,3rd Year,P,
2026-09-29,24UEC236,SAVITHIRI S,3rd Year,P,
2026-09-30,24UEC236,SAVITHIRI S,3rd Year,P,
2026-10-01,24UEC236,SAVITHIRI S,3rd Year,P,
2026-10-05,24UEC236,SAVITHIRI S,3rd Year,P,
2026-08-03,24UEC237,SHARINI S,3rd Year,P,
2026-08-04,24UEC237,SHARINI S,3rd Year,A,
2026-08-05,24UEC237,SHARINI S,3rd Year,P,
2026-08-06,24UEC237,SHARINI S,3rd Year,P,
2026-08-07,24UEC237,SHARINI S,3rd Year,P,
2026-08-10,24UEC237,SHARINI S,3rd Year,P,
2026-08-11,24UEC237,SHARINI S,3rd Year,P,
2026-08-12,24UEC237,SHARINI S,3rd Year,P,
2026-08-13,24UEC237,SHARINI S,3rd Year,P,
2026-08-14,24UEC237,SHARINI S,3rd Year,P,
2026-08-17,24UEC237,SHARINI S,3rd Year,P,
2026-08-18,24UEC237,SHARINI S,3rd Year,P,
2026-08-19,24UEC237,SHARINI S,3rd Year,P,
2026-08-21,24UEC237,SHARINI S,3rd Year,P,
2026-08-24,24UEC237,SHARINI S,3rd Year,P,
2026-08-25,24UEC237,SHARINI S,3rd Year,P,
2026-09-07,24UEC237,SHARINI S,3rd Year,P,
2026-09-08,24UEC237,SHARINI S,3rd Year,P,
2026-09-09,24UEC237,SHARINI S,3rd Year,A,
2026-09-10,24UEC237,SHARINI S,3rd Year,P,
2026-09-11,24UEC237,SHARINI S,3rd Year,P,
2026-09-15,24UEC237,SHARINI S,3rd Year,A,
2026-09-16,24UEC237,SHARINI S,3rd Year,P,
2026-09-17,24UEC237,SHARINI S,3rd Year,P,
2026-09-18,24UEC237,SHARINI S,3rd Year,P,
2026-09-21,24UEC237,SHARINI S,3rd Year,P,
2026-09-22,24UEC237,SHARINI S,3rd Year,P,
2026-09-23,24UEC237,SHARINI S,3rd Year,P,
2026-09-24,24UEC237,SHARINI S,3rd Year,P,
2026-09-25,24UEC237,SHARINI S,3rd Year,P,
2026-09-28,24UEC237,SHARINI S,3rd Year,P,
2026-09-29,24UEC237,SHARINI S,3rd Year,P,
2026-09-30,24UEC237,SHARINI S,3rd Year,P,
2026-10-01,24UEC237,SHARINI S,3rd Year,P,
2026-10-05,24UEC237,SHARINI S,3rd Year,P,
2026-08-03,24UEC238,SHRI DHANYA S B,3rd Year,P,
2026-08-04,24UEC238,SHRI DHANYA S B,3rd Year,A,
2026-08-05,24UEC238,SHRI DHANYA S B,3rd Year,P,
2026-08-06,24UEC238,SHRI DHANYA S B,3rd Year,P,
2026-08-07,24UEC238,SHRI DHANYA S B,3rd Year,A,
2026-08-10,24UEC238,SHRI DHANYA S B,3rd Year,P,
2026-08-11,24UEC238,SHRI DHANYA S B,3rd Year,P,
2026-08-12,24UEC238,SHRI DHANYA S B,3rd Year,P,
2026-08-13,24UEC238,SHRI DHANYA S B,3rd Year,P,
2026-08-14,24UEC238,SHRI DHANYA S B,3rd Year,A,
2026-08-17,24UEC238,SHRI DHANYA S B,3rd Year,P,
2026-08-18,24UEC238,SHRI DHANYA S B,3rd Year,P,
2026-08-19,24UEC238,SHRI DHANYA S B,3rd Year,P,
2026-08-21,24UEC238,SHRI DHANYA S B,3rd Year,P,
2026-08-24,24UEC238,SHRI DHANYA S B,3rd Year,P,
2026-08-25,24UEC238,SHRI DHANYA S B,3rd Year,A,
2026-09-07,24UEC238,SHRI DHANYA S B,3rd Year,A,
2026-09-08,24UEC238,SHRI DHANYA S B,3rd Year,P,
2026-09-09,24UEC238,SHRI DHANYA S B,3rd Year,P,
2026-09-10,24UEC238,SHRI DHANYA S B,3rd Year,P,
2026-09-11,24UEC238,SHRI DHANYA S B,3rd Year,A,
2026-09-15,24UEC238,SHRI DHANYA S B,3rd Year,P,
2026-09-16,24UEC238,SHRI DHANYA S B,3rd Year,P,
2026-09-17,24UEC238,SHRI DHANYA S B,3rd Year,P,
2026-09-18,24UEC238,SHRI DHANYA S B,3rd Year,P,
2026-09-21,24UEC238,SHRI DHANYA S B,3rd Year,P,
2026-09-22,24UEC238,SHRI DHANYA S B,3rd Year,P,
2026-09-23,24UEC238,SHRI DHANYA S B,3rd Year,A,
2026-09-24,24UEC238,SHRI DHANYA S B,3rd Year,P,
2026-09-25,24UEC238,SHRI DHANYA S B,3rd Year,P,
2026-09-28,24UEC238,SHRI DHANYA S B,3rd Year,P,
2026-09-29,24UEC238,SHRI DHANYA S B,3rd Year,P,
2026-09-30,24UEC238,SHRI DHANYA S B,3rd Year,P,
2026-10-01,24UEC238,SHRI DHANYA S B,3rd Year,A,
2026-10-05,24UEC238,SHRI DHANYA S B,3rd Year,P,
2026-08-03,24UEC239,SHRI KRISHNAMOORTHY S,3rd Year,P,
2026-08-04,24UEC239,SHRI KRISHNAMOORTHY S,3rd Year,A,
2026-08-05,24UEC239,SHRI KRISHNAMOORTHY S,3rd Year,P,
2026-08-06,24UEC239,SHRI KRISHNAMOORTHY S,3rd Year,P,
2026-08-07,24UEC239,SHRI KRISHNAMOORTHY S,3rd Year,P,
2026-08-10,24UEC239,SHRI KRISHNAMOORTHY S,3rd Year,P,
2026-08-11,24UEC239,SHRI KRISHNAMOORTHY S,3rd Year,P,
2026-08-12,24UEC239,SHRI KRISHNAMOORTHY S,3rd Year,P,
2026-08-13,24UEC239,SHRI KRISHNAMOORTHY S,3rd Year,P,
2026-08-14,24UEC239,SHRI KRISHNAMOORTHY S,3rd Year,P,
2026-08-17,24UEC239,SHRI KRISHNAMOORTHY S,3rd Year,P,
2026-08-18,24UEC239,SHRI KRISHNAMOORTHY S,3rd Year,P,
2026-08-19,24UEC239,SHRI KRISHNAMOORTHY S,3rd Year,P,
2026-08-21,24UEC239,SHRI KRISHNAMOORTHY S,3rd Year,P,
2026-08-24,24UEC239,SHRI KRISHNAMOORTHY S,3rd Year,A,
2026-08-25,24UEC239,SHRI KRISHNAMOORTHY S,3rd Year,P,
2026-09-07,24UEC239,SHRI KRISHNAMOORTHY S,3rd Year,A,
2026-09-08,24UEC239,SHRI KRISHNAMOORTHY S,3rd Year,P,
2026-09-09,24UEC239,SHRI KRISHNAMOORTHY S,3rd Year,P,
2026-09-10,24UEC239,SHRI KRISHNAMOORTHY S,3rd Year,P,
2026-09-11,24UEC239,SHRI KRISHNAMOORTHY S,3rd Year,P,
2026-09-15,24UEC239,SHRI KRISHNAMOORTHY S,3rd Year,P,
2026-09-16,24UEC239,SHRI KRISHNAMOORTHY S,3rd Year,P,
2026-09-17,24UEC239,SHRI KRISHNAMOORTHY S,3rd Year,P,
2026-09-18,24UEC239,SHRI KRISHNAMOORTHY S,3rd Year,P,
2026-09-21,24UEC239,SHRI KRISHNAMOORTHY S,3rd Year,P,
2026-09-22,24UEC239,SHRI KRISHNAMOORTHY S,3rd Year,P,
2026-09-23,24UEC239,SHRI KRISHNAMOORTHY S,3rd Year,P,
2026-09-24,24UEC239,SHRI KRISHNAMOORTHY S,3rd Year,P,
2026-09-25,24UEC239,SHRI KRISHNAMOORTHY S,3rd Year,P,
2026-09-28,24UEC239,SHRI KRISHNAMOORTHY S,3rd Year,P,
2026-09-29,24UEC239,SHRI KRISHNAMOORTHY S,3rd Year,P,
2026-09-30,24UEC239,SHRI KRISHNAMOORTHY S,3rd Year,P,
2026-10-01,24UEC239,SHRI KRISHNAMOORTHY S,3rd Year,P,
2026-10-05,24UEC239,SHRI KRISHNAMOORTHY S,3rd Year,P,
2026-08-03,24UEC240,SIBITHRA V,3rd Year,P,
2026-08-04,24UEC240,SIBITHRA V,3rd Year,A,
2026-08-05,24UEC240,SIBITHRA V,3rd Year,P,
2026-08-06,24UEC240,SIBITHRA V,3rd Year,P,
2026-08-07,24UEC240,SIBITHRA V,3rd Year,P,
2026-08-10,24UEC240,SIBITHRA V,3rd Year,P,
2026-08-11,24UEC240,SIBITHRA V,3rd Year,P,
2026-08-12,24UEC240,SIBITHRA V,3rd Year,P,
2026-08-13,24UEC240,SIBITHRA V,3rd Year,P,
2026-08-14,24UEC240,SIBITHRA V,3rd Year,A,
2026-08-17,24UEC240,SIBITHRA V,3rd Year,P,
2026-08-18,24UEC240,SIBITHRA V,3rd Year,P,
2026-08-19,24UEC240,SIBITHRA V,3rd Year,P,
2026-08-21,24UEC240,SIBITHRA V,3rd Year,P,
2026-08-24,24UEC240,SIBITHRA V,3rd Year,P,
2026-08-25,24UEC240,SIBITHRA V,3rd Year,P,
2026-09-07,24UEC240,SIBITHRA V,3rd Year,P,
2026-09-08,24UEC240,SIBITHRA V,3rd Year,P,
2026-09-09,24UEC240,SIBITHRA V,3rd Year,A,
2026-09-10,24UEC240,SIBITHRA V,3rd Year,P,
2026-09-11,24UEC240,SIBITHRA V,3rd Year,A,
2026-09-15,24UEC240,SIBITHRA V,3rd Year,P,
2026-09-16,24UEC240,SIBITHRA V,3rd Year,P,
2026-09-17,24UEC240,SIBITHRA V,3rd Year,P,
2026-09-18,24UEC240,SIBITHRA V,3rd Year,P,
2026-09-21,24UEC240,SIBITHRA V,3rd Year,P,
2026-09-22,24UEC240,SIBITHRA V,3rd Year,P,
2026-09-23,24UEC240,SIBITHRA V,3rd Year,P,
2026-09-24,24UEC240,SIBITHRA V,3rd Year,P,
2026-09-25,24UEC240,SIBITHRA V,3rd Year,P,
2026-09-28,24UEC240,SIBITHRA V,3rd Year,P,
2026-09-29,24UEC240,SIBITHRA V,3rd Year,P,
2026-09-30,24UEC240,SIBITHRA V,3rd Year,P,
2026-10-01,24UEC240,SIBITHRA V,3rd Year,P,
2026-10-05,24UEC240,SIBITHRA V,3rd Year,P,
2026-08-03,24UEC241,SONIKA SRI M,3rd Year,P,
2026-08-04,24UEC241,SONIKA SRI M,3rd Year,A,
2026-08-05,24UEC241,SONIKA SRI M,3rd Year,P,
2026-08-06,24UEC241,SONIKA SRI M,3rd Year,P,
2026-08-07,24UEC241,SONIKA SRI M,3rd Year,P,
2026-08-10,24UEC241,SONIKA SRI M,3rd Year,P,
2026-08-11,24UEC241,SONIKA SRI M,3rd Year,P,
2026-08-12,24UEC241,SONIKA SRI M,3rd Year,P,
2026-08-13,24UEC241,SONIKA SRI M,3rd Year,P,
2026-08-14,24UEC241,SONIKA SRI M,3rd Year,P,
2026-08-17,24UEC241,SONIKA SRI M,3rd Year,P,
2026-08-18,24UEC241,SONIKA SRI M,3rd Year,P,
2026-08-19,24UEC241,SONIKA SRI M,3rd Year,P,
2026-08-21,24UEC241,SONIKA SRI M,3rd Year,P,
2026-08-24,24UEC241,SONIKA SRI M,3rd Year,A,
2026-08-25,24UEC241,SONIKA SRI M,3rd Year,A,
2026-09-07,24UEC241,SONIKA SRI M,3rd Year,P,
2026-09-08,24UEC241,SONIKA SRI M,3rd Year,P,
2026-09-09,24UEC241,SONIKA SRI M,3rd Year,P,
2026-09-10,24UEC241,SONIKA SRI M,3rd Year,P,
2026-09-11,24UEC241,SONIKA SRI M,3rd Year,P,
2026-09-15,24UEC241,SONIKA SRI M,3rd Year,P,
2026-09-16,24UEC241,SONIKA SRI M,3rd Year,P,
2026-09-17,24UEC241,SONIKA SRI M,3rd Year,P,
2026-09-18,24UEC241,SONIKA SRI M,3rd Year,P,
2026-09-21,24UEC241,SONIKA SRI M,3rd Year,P,
2026-09-22,24UEC241,SONIKA SRI M,3rd Year,P,
2026-09-23,24UEC241,SONIKA SRI M,3rd Year,A,
2026-09-24,24UEC241,SONIKA SRI M,3rd Year,A,
2026-09-25,24UEC241,SONIKA SRI M,3rd Year,P,
2026-09-28,24UEC241,SONIKA SRI M,3rd Year,P,
2026-09-29,24UEC241,SONIKA SRI M,3rd Year,P,
2026-09-30,24UEC241,SONIKA SRI M,3rd Year,P,
2026-10-01,24UEC241,SONIKA SRI M,3rd Year,P,
2026-10-05,24UEC241,SONIKA SRI M,3rd Year,P,
2026-08-03,24UEC242,SOWDESWARI S,3rd Year,A,
2026-08-04,24UEC242,SOWDESWARI S,3rd Year,A,
2026-08-05,24UEC242,SOWDESWARI S,3rd Year,P,
2026-08-06,24UEC242,SOWDESWARI S,3rd Year,P,
2026-08-07,24UEC242,SOWDESWARI S,3rd Year,P,
2026-08-10,24UEC242,SOWDESWARI S,3rd Year,P,
2026-08-11,24UEC242,SOWDESWARI S,3rd Year,P,
2026-08-12,24UEC242,SOWDESWARI S,3rd Year,A,
2026-08-13,24UEC242,SOWDESWARI S,3rd Year,P,
2026-08-14,24UEC242,SOWDESWARI S,3rd Year,A,
2026-08-17,24UEC242,SOWDESWARI S,3rd Year,A,
2026-08-18,24UEC242,SOWDESWARI S,3rd Year,A,
2026-08-19,24UEC242,SOWDESWARI S,3rd Year,A,
2026-08-21,24UEC242,SOWDESWARI S,3rd Year,P,
2026-08-24,24UEC242,SOWDESWARI S,3rd Year,P,
2026-08-25,24UEC242,SOWDESWARI S,3rd Year,P,
2026-09-07,24UEC242,SOWDESWARI S,3rd Year,P,
2026-09-08,24UEC242,SOWDESWARI S,3rd Year,P,
2026-09-09,24UEC242,SOWDESWARI S,3rd Year,P,
2026-09-10,24UEC242,SOWDESWARI S,3rd Year,P,
2026-09-11,24UEC242,SOWDESWARI S,3rd Year,P,
2026-09-15,24UEC242,SOWDESWARI S,3rd Year,A,
2026-09-16,24UEC242,SOWDESWARI S,3rd Year,A,
2026-09-17,24UEC242,SOWDESWARI S,3rd Year,P,
2026-09-18,24UEC242,SOWDESWARI S,3rd Year,A,
2026-09-21,24UEC242,SOWDESWARI S,3rd Year,P,
2026-09-22,24UEC242,SOWDESWARI S,3rd Year,P,
2026-09-23,24UEC242,SOWDESWARI S,3rd Year,A,
2026-09-24,24UEC242,SOWDESWARI S,3rd Year,P,
2026-09-25,24UEC242,SOWDESWARI S,3rd Year,P,
2026-09-28,24UEC242,SOWDESWARI S,3rd Year,P,
2026-09-29,24UEC242,SOWDESWARI S,3rd Year,P,
2026-09-30,24UEC242,SOWDESWARI S,3rd Year,P,
2026-10-01,24UEC242,SOWDESWARI S,3rd Year,A,
2026-10-05,24UEC242,SOWDESWARI S,3rd Year,A,
2026-08-03,24UEC243,SREENIDHI A,3rd Year,P,
2026-08-04,24UEC243,SREENIDHI A,3rd Year,A,
2026-08-05,24UEC243,SREENIDHI A,3rd Year,P,
2026-08-06,24UEC243,SREENIDHI A,3rd Year,P,
2026-08-07,24UEC243,SREENIDHI A,3rd Year,P,
2026-08-10,24UEC243,SREENIDHI A,3rd Year,P,
2026-08-11,24UEC243,SREENIDHI A,3rd Year,P,
2026-08-12,24UEC243,SREENIDHI A,3rd Year,P,
2026-08-13,24UEC243,SREENIDHI A,3rd Year,P,
2026-08-14,24UEC243,SREENIDHI A,3rd Year,P,
2026-08-17,24UEC243,SREENIDHI A,3rd Year,P,
2026-08-18,24UEC243,SREENIDHI A,3rd Year,P,
2026-08-19,24UEC243,SREENIDHI A,3rd Year,P,
2026-08-21,24UEC243,SREENIDHI A,3rd Year,P,
2026-08-24,24UEC243,SREENIDHI A,3rd Year,P,
2026-08-25,24UEC243,SREENIDHI A,3rd Year,A,
2026-09-07,24UEC243,SREENIDHI A,3rd Year,A,
2026-09-08,24UEC243,SREENIDHI A,3rd Year,A,
2026-09-09,24UEC243,SREENIDHI A,3rd Year,A,
2026-09-10,24UEC243,SREENIDHI A,3rd Year,A,
2026-09-11,24UEC243,SREENIDHI A,3rd Year,A,
2026-09-15,24UEC243,SREENIDHI A,3rd Year,A,
2026-09-16,24UEC243,SREENIDHI A,3rd Year,A,
2026-09-17,24UEC243,SREENIDHI A,3rd Year,A,
2026-09-18,24UEC243,SREENIDHI A,3rd Year,A,
2026-09-21,24UEC243,SREENIDHI A,3rd Year,A,
2026-09-22,24UEC243,SREENIDHI A,3rd Year,A,
2026-09-23,24UEC243,SREENIDHI A,3rd Year,A,
2026-09-24,24UEC243,SREENIDHI A,3rd Year,A,
2026-09-25,24UEC243,SREENIDHI A,3rd Year,A,
2026-09-28,24UEC243,SREENIDHI A,3rd Year,A,
2026-09-29,24UEC243,SREENIDHI A,3rd Year,A,
2026-09-30,24UEC243,SREENIDHI A,3rd Year,A,
2026-10-01,24UEC243,SREENIDHI A,3rd Year,A,
2026-10-05,24UEC243,SREENIDHI A,3rd Year,A,
2026-08-03,24UEC244,SRI HARINI J,3rd Year,P,
2026-08-04,24UEC244,SRI HARINI J,3rd Year,A,
2026-08-05,24UEC244,SRI HARINI J,3rd Year,P,
2026-08-06,24UEC244,SRI HARINI J,3rd Year,P,
2026-08-07,24UEC244,SRI HARINI J,3rd Year,P,
2026-08-10,24UEC244,SRI HARINI J,3rd Year,P,
2026-08-11,24UEC244,SRI HARINI J,3rd Year,P,
2026-08-12,24UEC244,SRI HARINI J,3rd Year,P,
2026-08-13,24UEC244,SRI HARINI J,3rd Year,A,
2026-08-14,24UEC244,SRI HARINI J,3rd Year,A,
2026-08-17,24UEC244,SRI HARINI J,3rd Year,A,
2026-08-18,24UEC244,SRI HARINI J,3rd Year,P,
2026-08-19,24UEC244,SRI HARINI J,3rd Year,P,
2026-08-21,24UEC244,SRI HARINI J,3rd Year,A,
2026-08-24,24UEC244,SRI HARINI J,3rd Year,P,
2026-08-25,24UEC244,SRI HARINI J,3rd Year,P,
2026-09-07,24UEC244,SRI HARINI J,3rd Year,P,
2026-09-08,24UEC244,SRI HARINI J,3rd Year,A,
2026-09-09,24UEC244,SRI HARINI J,3rd Year,P,
2026-09-10,24UEC244,SRI HARINI J,3rd Year,P,
2026-09-11,24UEC244,SRI HARINI J,3rd Year,P,
2026-09-15,24UEC244,SRI HARINI J,3rd Year,A,
2026-09-16,24UEC244,SRI HARINI J,3rd Year,P,
2026-09-17,24UEC244,SRI HARINI J,3rd Year,A,
2026-09-18,24UEC244,SRI HARINI J,3rd Year,P,
2026-09-21,24UEC244,SRI HARINI J,3rd Year,A,
2026-09-22,24UEC244,SRI HARINI J,3rd Year,P,
2026-09-23,24UEC244,SRI HARINI J,3rd Year,P,
2026-09-24,24UEC244,SRI HARINI J,3rd Year,P,
2026-09-25,24UEC244,SRI HARINI J,3rd Year,P,
2026-09-28,24UEC244,SRI HARINI J,3rd Year,P,
2026-09-29,24UEC244,SRI HARINI J,3rd Year,P,
2026-09-30,24UEC244,SRI HARINI J,3rd Year,A,
2026-10-01,24UEC244,SRI HARINI J,3rd Year,A,
2026-10-05,24UEC244,SRI HARINI J,3rd Year,P,
2026-08-03,24UEC245,SRIDHAR P,3rd Year,P,
2026-08-04,24UEC245,SRIDHAR P,3rd Year,A,
2026-08-05,24UEC245,SRIDHAR P,3rd Year,P,
2026-08-06,24UEC245,SRIDHAR P,3rd Year,P,
2026-08-07,24UEC245,SRIDHAR P,3rd Year,A,
2026-08-10,24UEC245,SRIDHAR P,3rd Year,P,
2026-08-11,24UEC245,SRIDHAR P,3rd Year,A,
2026-08-12,24UEC245,SRIDHAR P,3rd Year,P,
2026-08-13,24UEC245,SRIDHAR P,3rd Year,P,
2026-08-14,24UEC245,SRIDHAR P,3rd Year,A,
2026-08-17,24UEC245,SRIDHAR P,3rd Year,A,
2026-08-18,24UEC245,SRIDHAR P,3rd Year,A,
2026-08-19,24UEC245,SRIDHAR P,3rd Year,A,
2026-08-21,24UEC245,SRIDHAR P,3rd Year,P,
2026-08-24,24UEC245,SRIDHAR P,3rd Year,P,
2026-08-25,24UEC245,SRIDHAR P,3rd Year,P,
2026-09-07,24UEC245,SRIDHAR P,3rd Year,A,
2026-09-08,24UEC245,SRIDHAR P,3rd Year,P,
2026-09-09,24UEC245,SRIDHAR P,3rd Year,P,
2026-09-10,24UEC245,SRIDHAR P,3rd Year,P,
2026-09-11,24UEC245,SRIDHAR P,3rd Year,P,
2026-09-15,24UEC245,SRIDHAR P,3rd Year,P,
2026-09-16,24UEC245,SRIDHAR P,3rd Year,A,
2026-09-17,24UEC245,SRIDHAR P,3rd Year,P,
2026-09-18,24UEC245,SRIDHAR P,3rd Year,P,
2026-09-21,24UEC245,SRIDHAR P,3rd Year,A,
2026-09-22,24UEC245,SRIDHAR P,3rd Year,P,
2026-09-23,24UEC245,SRIDHAR P,3rd Year,P,
2026-09-24,24UEC245,SRIDHAR P,3rd Year,P,
2026-09-25,24UEC245,SRIDHAR P,3rd Year,P,
2026-09-28,24UEC245,SRIDHAR P,3rd Year,P,
2026-09-29,24UEC245,SRIDHAR P,3rd Year,P,
2026-09-30,24UEC245,SRIDHAR P,3rd Year,P,
2026-10-01,24UEC245,SRIDHAR P,3rd Year,P,
2026-10-05,24UEC245,SRIDHAR P,3rd Year,A,
2026-08-03,24UEC246,SRIHARI S,3rd Year,P,
2026-08-04,24UEC246,SRIHARI S,3rd Year,A,
2026-08-05,24UEC246,SRIHARI S,3rd Year,P,
2026-08-06,24UEC246,SRIHARI S,3rd Year,P,
2026-08-07,24UEC246,SRIHARI S,3rd Year,P,
2026-08-10,24UEC246,SRIHARI S,3rd Year,P,
2026-08-11,24UEC246,SRIHARI S,3rd Year,P,
2026-08-12,24UEC246,SRIHARI S,3rd Year,P,
2026-08-13,24UEC246,SRIHARI S,3rd Year,P,
2026-08-14,24UEC246,SRIHARI S,3rd Year,P,
2026-08-17,24UEC246,SRIHARI S,3rd Year,P,
2026-08-18,24UEC246,SRIHARI S,3rd Year,A,
2026-08-19,24UEC246,SRIHARI S,3rd Year,P,
2026-08-21,24UEC246,SRIHARI S,3rd Year,P,
2026-08-24,24UEC246,SRIHARI S,3rd Year,P,
2026-08-25,24UEC246,SRIHARI S,3rd Year,P,
2026-09-07,24UEC246,SRIHARI S,3rd Year,P,
2026-09-08,24UEC246,SRIHARI S,3rd Year,A,
2026-09-09,24UEC246,SRIHARI S,3rd Year,A,
2026-09-10,24UEC246,SRIHARI S,3rd Year,A,
2026-09-11,24UEC246,SRIHARI S,3rd Year,P,
2026-09-15,24UEC246,SRIHARI S,3rd Year,A,
2026-09-16,24UEC246,SRIHARI S,3rd Year,P,
2026-09-17,24UEC246,SRIHARI S,3rd Year,P,
2026-09-18,24UEC246,SRIHARI S,3rd Year,A,
2026-09-21,24UEC246,SRIHARI S,3rd Year,P,
2026-09-22,24UEC246,SRIHARI S,3rd Year,P,
2026-09-23,24UEC246,SRIHARI S,3rd Year,P,
2026-09-24,24UEC246,SRIHARI S,3rd Year,P,
2026-09-25,24UEC246,SRIHARI S,3rd Year,P,
2026-09-28,24UEC246,SRIHARI S,3rd Year,P,
2026-09-29,24UEC246,SRIHARI S,3rd Year,P,
2026-09-30,24UEC246,SRIHARI S,3rd Year,P,
2026-10-01,24UEC246,SRIHARI S,3rd Year,P,
2026-10-05,24UEC246,SRIHARI S,3rd Year,P,
2026-08-03,24UEC249,SRIVIDHYA M,3rd Year,P,
2026-08-04,24UEC249,SRIVIDHYA M,3rd Year,A,
2026-08-05,24UEC249,SRIVIDHYA M,3rd Year,P,
2026-08-06,24UEC249,SRIVIDHYA M,3rd Year,P,
2026-08-07,24UEC249,SRIVIDHYA M,3rd Year,P,
2026-08-10,24UEC249,SRIVIDHYA M,3rd Year,P,
2026-08-11,24UEC249,SRIVIDHYA M,3rd Year,P,
2026-08-12,24UEC249,SRIVIDHYA M,3rd Year,P,
2026-08-13,24UEC249,SRIVIDHYA M,3rd Year,P,
2026-08-14,24UEC249,SRIVIDHYA M,3rd Year,P,
2026-08-17,24UEC249,SRIVIDHYA M,3rd Year,P,
2026-08-18,24UEC249,SRIVIDHYA M,3rd Year,P,
2026-08-19,24UEC249,SRIVIDHYA M,3rd Year,P,
2026-08-21,24UEC249,SRIVIDHYA M,3rd Year,P,
2026-08-24,24UEC249,SRIVIDHYA M,3rd Year,P,
2026-08-25,24UEC249,SRIVIDHYA M,3rd Year,A,
2026-09-07,24UEC249,SRIVIDHYA M,3rd Year,P,
2026-09-08,24UEC249,SRIVIDHYA M,3rd Year,P,
2026-09-09,24UEC249,SRIVIDHYA M,3rd Year,P,
2026-09-10,24UEC249,SRIVIDHYA M,3rd Year,P,
2026-09-11,24UEC249,SRIVIDHYA M,3rd Year,P,
2026-09-15,24UEC249,SRIVIDHYA M,3rd Year,A,
2026-09-16,24UEC249,SRIVIDHYA M,3rd Year,A,
2026-09-17,24UEC249,SRIVIDHYA M,3rd Year,A,
2026-09-18,24UEC249,SRIVIDHYA M,3rd Year,A,
2026-09-21,24UEC249,SRIVIDHYA M,3rd Year,P,
2026-09-22,24UEC249,SRIVIDHYA M,3rd Year,P,
2026-09-23,24UEC249,SRIVIDHYA M,3rd Year,P,
2026-09-24,24UEC249,SRIVIDHYA M,3rd Year,P,
2026-09-25,24UEC249,SRIVIDHYA M,3rd Year,P,
2026-09-28,24UEC249,SRIVIDHYA M,3rd Year,P,
2026-09-29,24UEC249,SRIVIDHYA M,3rd Year,P,
2026-09-30,24UEC249,SRIVIDHYA M,3rd Year,P,
2026-10-01,24UEC249,SRIVIDHYA M,3rd Year,P,
2026-10-05,24UEC249,SRIVIDHYA M,3rd Year,A,
2026-08-03,24UEC250,SRUTHI R,3rd Year,P,
2026-08-04,24UEC250,SRUTHI R,3rd Year,A,
2026-08-05,24UEC250,SRUTHI R,3rd Year,P,
2026-08-06,24UEC250,SRUTHI R,3rd Year,P,
2026-08-07,24UEC250,SRUTHI R,3rd Year,P,
2026-08-10,24UEC250,SRUTHI R,3rd Year,P,
2026-08-11,24UEC250,SRUTHI R,3rd Year,P,
2026-08-12,24UEC250,SRUTHI R,3rd Year,P,
2026-08-13,24UEC250,SRUTHI R,3rd Year,P,
2026-08-14,24UEC250,SRUTHI R,3rd Year,P,
2026-08-17,24UEC250,SRUTHI R,3rd Year,P,
2026-08-18,24UEC250,SRUTHI R,3rd Year,P,
2026-08-19,24UEC250,SRUTHI R,3rd Year,P,
2026-08-21,24UEC250,SRUTHI R,3rd Year,P,
2026-08-24,24UEC250,SRUTHI R,3rd Year,P,
2026-08-25,24UEC250,SRUTHI R,3rd Year,P,
2026-09-07,24UEC250,SRUTHI R,3rd Year,A,
2026-09-08,24UEC250,SRUTHI R,3rd Year,A,
2026-09-09,24UEC250,SRUTHI R,3rd Year,A,
2026-09-10,24UEC250,SRUTHI R,3rd Year,A,
2026-09-11,24UEC250,SRUTHI R,3rd Year,A,
2026-09-15,24UEC250,SRUTHI R,3rd Year,A,
2026-09-16,24UEC250,SRUTHI R,3rd Year,A,
2026-09-17,24UEC250,SRUTHI R,3rd Year,A,
2026-09-18,24UEC250,SRUTHI R,3rd Year,A,
2026-09-21,24UEC250,SRUTHI R,3rd Year,A,
2026-09-22,24UEC250,SRUTHI R,3rd Year,A,
2026-09-23,24UEC250,SRUTHI R,3rd Year,A,
2026-09-24,24UEC250,SRUTHI R,3rd Year,A,
2026-09-25,24UEC250,SRUTHI R,3rd Year,A,
2026-09-28,24UEC250,SRUTHI R,3rd Year,A,
2026-09-29,24UEC250,SRUTHI R,3rd Year,A,
2026-09-30,24UEC250,SRUTHI R,3rd Year,A,
2026-10-01,24UEC250,SRUTHI R,3rd Year,A,
2026-10-05,24UEC250,SRUTHI R,3rd Year,A,
2026-08-03,24UEC252,THAKSMITHA L S,3rd Year,A,
2026-08-04,24UEC252,THAKSMITHA L S,3rd Year,A,
2026-08-05,24UEC252,THAKSMITHA L S,3rd Year,P,
2026-08-06,24UEC252,THAKSMITHA L S,3rd Year,P,
2026-08-07,24UEC252,THAKSMITHA L S,3rd Year,P,
2026-08-10,24UEC252,THAKSMITHA L S,3rd Year,P,
2026-08-11,24UEC252,THAKSMITHA L S,3rd Year,P,
2026-08-12,24UEC252,THAKSMITHA L S,3rd Year,P,
2026-08-13,24UEC252,THAKSMITHA L S,3rd Year,P,
2026-08-14,24UEC252,THAKSMITHA L S,3rd Year,A,
2026-08-17,24UEC252,THAKSMITHA L S,3rd Year,A,
2026-08-18,24UEC252,THAKSMITHA L S,3rd Year,P,
2026-08-19,24UEC252,THAKSMITHA L S,3rd Year,P,
2026-08-21,24UEC252,THAKSMITHA L S,3rd Year,A,
2026-08-24,24UEC252,THAKSMITHA L S,3rd Year,A,
2026-08-25,24UEC252,THAKSMITHA L S,3rd Year,A,
2026-09-07,24UEC252,THAKSMITHA L S,3rd Year,A,
2026-09-08,24UEC252,THAKSMITHA L S,3rd Year,P,
2026-09-09,24UEC252,THAKSMITHA L S,3rd Year,P,
2026-09-10,24UEC252,THAKSMITHA L S,3rd Year,P,
2026-09-11,24UEC252,THAKSMITHA L S,3rd Year,P,
2026-09-15,24UEC252,THAKSMITHA L S,3rd Year,A,
2026-09-16,24UEC252,THAKSMITHA L S,3rd Year,A,
2026-09-17,24UEC252,THAKSMITHA L S,3rd Year,A,
2026-09-18,24UEC252,THAKSMITHA L S,3rd Year,P,
2026-09-21,24UEC252,THAKSMITHA L S,3rd Year,P,
2026-09-22,24UEC252,THAKSMITHA L S,3rd Year,P,
2026-09-23,24UEC252,THAKSMITHA L S,3rd Year,P,
2026-09-24,24UEC252,THAKSMITHA L S,3rd Year,P,
2026-09-25,24UEC252,THAKSMITHA L S,3rd Year,P,
2026-09-28,24UEC252,THAKSMITHA L S,3rd Year,P,
2026-09-29,24UEC252,THAKSMITHA L S,3rd Year,P,
2026-09-30,24UEC252,THAKSMITHA L S,3rd Year,P,
2026-10-01,24UEC252,THAKSMITHA L S,3rd Year,P,
2026-10-05,24UEC252,THAKSMITHA L S,3rd Year,P,
2026-08-03,24UEC253,Thaniyamirsa A,3rd Year,P,
2026-08-04,24UEC253,Thaniyamirsa A,3rd Year,A,
2026-08-05,24UEC253,Thaniyamirsa A,3rd Year,P,
2026-08-06,24UEC253,Thaniyamirsa A,3rd Year,A,
2026-08-07,24UEC253,Thaniyamirsa A,3rd Year,P,
2026-08-10,24UEC253,Thaniyamirsa A,3rd Year,P,
2026-08-11,24UEC253,Thaniyamirsa A,3rd Year,P,
2026-08-12,24UEC253,Thaniyamirsa A,3rd Year,P,
2026-08-13,24UEC253,Thaniyamirsa A,3rd Year,P,
2026-08-14,24UEC253,Thaniyamirsa A,3rd Year,A,
2026-08-17,24UEC253,Thaniyamirsa A,3rd Year,A,
2026-08-18,24UEC253,Thaniyamirsa A,3rd Year,A,
2026-08-19,24UEC253,Thaniyamirsa A,3rd Year,A,
2026-08-21,24UEC253,Thaniyamirsa A,3rd Year,A,
2026-08-24,24UEC253,Thaniyamirsa A,3rd Year,A,
2026-08-25,24UEC253,Thaniyamirsa A,3rd Year,A,
2026-09-07,24UEC253,Thaniyamirsa A,3rd Year,A,
2026-09-08,24UEC253,Thaniyamirsa A,3rd Year,A,
2026-09-09,24UEC253,Thaniyamirsa A,3rd Year,A,
2026-09-10,24UEC253,Thaniyamirsa A,3rd Year,A,
2026-09-11,24UEC253,Thaniyamirsa A,3rd Year,A,
2026-09-15,24UEC253,Thaniyamirsa A,3rd Year,A,
2026-09-16,24UEC253,Thaniyamirsa A,3rd Year,A,
2026-09-17,24UEC253,Thaniyamirsa A,3rd Year,A,
2026-09-18,24UEC253,Thaniyamirsa A,3rd Year,A,
2026-09-21,24UEC253,Thaniyamirsa A,3rd Year,P,
2026-09-22,24UEC253,Thaniyamirsa A,3rd Year,A,
2026-09-23,24UEC253,Thaniyamirsa A,3rd Year,A,
2026-09-24,24UEC253,Thaniyamirsa A,3rd Year,A,
2026-09-25,24UEC253,Thaniyamirsa A,3rd Year,P,
2026-09-28,24UEC253,Thaniyamirsa A,3rd Year,A,
2026-09-29,24UEC253,Thaniyamirsa A,3rd Year,P,
2026-09-30,24UEC253,Thaniyamirsa A,3rd Year,P,
2026-10-01,24UEC253,Thaniyamirsa A,3rd Year,A,
2026-10-05,24UEC253,Thaniyamirsa A,3rd Year,A,
2026-08-03,24UEC254,THANUSH A S,3rd Year,P,
2026-08-04,24UEC254,THANUSH A S,3rd Year,A,
2026-08-05,24UEC254,THANUSH A S,3rd Year,P,
2026-08-06,24UEC254,THANUSH A S,3rd Year,P,
2026-08-07,24UEC254,THANUSH A S,3rd Year,P,
2026-08-10,24UEC254,THANUSH A S,3rd Year,P,
2026-08-11,24UEC254,THANUSH A S,3rd Year,A,
2026-08-12,24UEC254,THANUSH A S,3rd Year,P,
2026-08-13,24UEC254,THANUSH A S,3rd Year,P,
2026-08-14,24UEC254,THANUSH A S,3rd Year,A,
2026-08-17,24UEC254,THANUSH A S,3rd Year,P,
2026-08-18,24UEC254,THANUSH A S,3rd Year,P,
2026-08-19,24UEC254,THANUSH A S,3rd Year,A,
2026-08-21,24UEC254,THANUSH A S,3rd Year,P,
2026-08-24,24UEC254,THANUSH A S,3rd Year,A,
2026-08-25,24UEC254,THANUSH A S,3rd Year,P,
2026-09-07,24UEC254,THANUSH A S,3rd Year,A,
2026-09-08,24UEC254,THANUSH A S,3rd Year,A,
2026-09-09,24UEC254,THANUSH A S,3rd Year,P,
2026-09-10,24UEC254,THANUSH A S,3rd Year,P,
2026-09-11,24UEC254,THANUSH A S,3rd Year,P,
2026-09-15,24UEC254,THANUSH A S,3rd Year,P,
2026-09-16,24UEC254,THANUSH A S,3rd Year,P,
2026-09-17,24UEC254,THANUSH A S,3rd Year,P,
2026-09-18,24UEC254,THANUSH A S,3rd Year,P,
2026-09-21,24UEC254,THANUSH A S,3rd Year,A,
2026-09-22,24UEC254,THANUSH A S,3rd Year,P,
2026-09-23,24UEC254,THANUSH A S,3rd Year,P,
2026-09-24,24UEC254,THANUSH A S,3rd Year,P,
2026-09-25,24UEC254,THANUSH A S,3rd Year,P,
2026-09-28,24UEC254,THANUSH A S,3rd Year,P,
2026-09-29,24UEC254,THANUSH A S,3rd Year,P,
2026-09-30,24UEC254,THANUSH A S,3rd Year,P,
2026-10-01,24UEC254,THANUSH A S,3rd Year,P,
2026-10-05,24UEC254,THANUSH A S,3rd Year,A,
2026-08-03,24UEC257,VEERANDER N,3rd Year,P,
2026-08-04,24UEC257,VEERANDER N,3rd Year,A,
2026-08-05,24UEC257,VEERANDER N,3rd Year,P,
2026-08-06,24UEC257,VEERANDER N,3rd Year,P,
2026-08-07,24UEC257,VEERANDER N,3rd Year,P,
2026-08-10,24UEC257,VEERANDER N,3rd Year,A,
2026-08-11,24UEC257,VEERANDER N,3rd Year,P,
2026-08-12,24UEC257,VEERANDER N,3rd Year,P,
2026-08-13,24UEC257,VEERANDER N,3rd Year,P,
2026-08-14,24UEC257,VEERANDER N,3rd Year,P,
2026-08-17,24UEC257,VEERANDER N,3rd Year,P,
2026-08-18,24UEC257,VEERANDER N,3rd Year,P,
2026-08-19,24UEC257,VEERANDER N,3rd Year,P,
2026-08-21,24UEC257,VEERANDER N,3rd Year,P,
2026-08-24,24UEC257,VEERANDER N,3rd Year,P,
2026-08-25,24UEC257,VEERANDER N,3rd Year,P,
2026-09-07,24UEC257,VEERANDER N,3rd Year,P,
2026-09-08,24UEC257,VEERANDER N,3rd Year,P,
2026-09-09,24UEC257,VEERANDER N,3rd Year,P,
2026-09-10,24UEC257,VEERANDER N,3rd Year,P,
2026-09-11,24UEC257,VEERANDER N,3rd Year,P,
2026-09-15,24UEC257,VEERANDER N,3rd Year,P,
2026-09-16,24UEC257,VEERANDER N,3rd Year,P,
2026-09-17,24UEC257,VEERANDER N,3rd Year,A,
2026-09-18,24UEC257,VEERANDER N,3rd Year,P,
2026-09-21,24UEC257,VEERANDER N,3rd Year,P,
2026-09-22,24UEC257,VEERANDER N,3rd Year,P,
2026-09-23,24UEC257,VEERANDER N,3rd Year,P,
2026-09-24,24UEC257,VEERANDER N,3rd Year,P,
2026-09-25,24UEC257,VEERANDER N,3rd Year,A,
2026-09-28,24UEC257,VEERANDER N,3rd Year,P,
2026-09-29,24UEC257,VEERANDER N,3rd Year,P,
2026-09-30,24UEC257,VEERANDER N,3rd Year,P,
2026-10-01,24UEC257,VEERANDER N,3rd Year,P,
2026-10-05,24UEC257,VEERANDER N,3rd Year,P,
2026-08-03,24UEC258,VIGNESH R,3rd Year,P,
2026-08-04,24UEC258,VIGNESH R,3rd Year,A,
2026-08-05,24UEC258,VIGNESH R,3rd Year,A,
2026-08-06,24UEC258,VIGNESH R,3rd Year,P,
2026-08-07,24UEC258,VIGNESH R,3rd Year,P,
2026-08-10,24UEC258,VIGNESH R,3rd Year,P,
2026-08-11,24UEC258,VIGNESH R,3rd Year,P,
2026-08-12,24UEC258,VIGNESH R,3rd Year,P,
2026-08-13,24UEC258,VIGNESH R,3rd Year,P,
2026-08-14,24UEC258,VIGNESH R,3rd Year,P,
2026-08-17,24UEC258,VIGNESH R,3rd Year,A,
2026-08-18,24UEC258,VIGNESH R,3rd Year,P,
2026-08-19,24UEC258,VIGNESH R,3rd Year,P,
2026-08-21,24UEC258,VIGNESH R,3rd Year,P,
2026-08-24,24UEC258,VIGNESH R,3rd Year,P,
2026-08-25,24UEC258,VIGNESH R,3rd Year,P,
2026-09-07,24UEC258,VIGNESH R,3rd Year,P,
2026-09-08,24UEC258,VIGNESH R,3rd Year,P,
2026-09-09,24UEC258,VIGNESH R,3rd Year,P,
2026-09-10,24UEC258,VIGNESH R,3rd Year,P,
2026-09-11,24UEC258,VIGNESH R,3rd Year,P,
2026-09-15,24UEC258,VIGNESH R,3rd Year,P,
2026-09-16,24UEC258,VIGNESH R,3rd Year,P,
2026-09-17,24UEC258,VIGNESH R,3rd Year,P,
2026-09-18,24UEC258,VIGNESH R,3rd Year,P,
2026-09-21,24UEC258,VIGNESH R,3rd Year,P,
2026-09-22,24UEC258,VIGNESH R,3rd Year,P,
2026-09-23,24UEC258,VIGNESH R,3rd Year,P,
2026-09-24,24UEC258,VIGNESH R,3rd Year,P,
2026-09-25,24UEC258,VIGNESH R,3rd Year,P,
2026-09-28,24UEC258,VIGNESH R,3rd Year,P,
2026-09-29,24UEC258,VIGNESH R,3rd Year,P,
2026-09-30,24UEC258,VIGNESH R,3rd Year,P,
2026-10-01,24UEC258,VIGNESH R,3rd Year,P,
2026-10-05,24UEC258,VIGNESH R,3rd Year,P,
2026-08-03,24UEC261,VISVA MITHA M,3rd Year,P,
2026-08-04,24UEC261,VISVA MITHA M,3rd Year,A,
2026-08-05,24UEC261,VISVA MITHA M,3rd Year,P,
2026-08-06,24UEC261,VISVA MITHA M,3rd Year,P,
2026-08-07,24UEC261,VISVA MITHA M,3rd Year,P,
2026-08-10,24UEC261,VISVA MITHA M,3rd Year,P,
2026-08-11,24UEC261,VISVA MITHA M,3rd Year,P,
2026-08-12,24UEC261,VISVA MITHA M,3rd Year,P,
2026-08-13,24UEC261,VISVA MITHA M,3rd Year,P,
2026-08-14,24UEC261,VISVA MITHA M,3rd Year,A,
2026-08-17,24UEC261,VISVA MITHA M,3rd Year,P,
2026-08-18,24UEC261,VISVA MITHA M,3rd Year,P,
2026-08-19,24UEC261,VISVA MITHA M,3rd Year,P,
2026-08-21,24UEC261,VISVA MITHA M,3rd Year,P,
2026-08-24,24UEC261,VISVA MITHA M,3rd Year,A,
2026-08-25,24UEC261,VISVA MITHA M,3rd Year,A,
2026-09-07,24UEC261,VISVA MITHA M,3rd Year,P,
2026-09-08,24UEC261,VISVA MITHA M,3rd Year,P,
2026-09-09,24UEC261,VISVA MITHA M,3rd Year,P,
2026-09-10,24UEC261,VISVA MITHA M,3rd Year,P,
2026-09-11,24UEC261,VISVA MITHA M,3rd Year,P,
2026-09-15,24UEC261,VISVA MITHA M,3rd Year,P,
2026-09-16,24UEC261,VISVA MITHA M,3rd Year,P,
2026-09-17,24UEC261,VISVA MITHA M,3rd Year,A,
2026-09-18,24UEC261,VISVA MITHA M,3rd Year,P,
2026-09-21,24UEC261,VISVA MITHA M,3rd Year,P,
2026-09-22,24UEC261,VISVA MITHA M,3rd Year,P,
2026-09-23,24UEC261,VISVA MITHA M,3rd Year,P,
2026-09-24,24UEC261,VISVA MITHA M,3rd Year,P,
2026-09-25,24UEC261,VISVA MITHA M,3rd Year,P,
2026-09-28,24UEC261,VISVA MITHA M,3rd Year,P,
2026-09-29,24UEC261,VISVA MITHA M,3rd Year,P,
2026-09-30,24UEC261,VISVA MITHA M,3rd Year,P,
2026-10-01,24UEC261,VISVA MITHA M,3rd Year,P,
2026-10-05,24UEC261,VISVA MITHA M,3rd Year,P,
2026-08-03,24UEC262,VIVIKSHA K,3rd Year,P,
2026-08-04,24UEC262,VIVIKSHA K,3rd Year,A,
2026-08-05,24UEC262,VIVIKSHA K,3rd Year,P,
2026-08-06,24UEC262,VIVIKSHA K,3rd Year,P,
2026-08-07,24UEC262,VIVIKSHA K,3rd Year,P,
2026-08-10,24UEC262,VIVIKSHA K,3rd Year,P,
2026-08-11,24UEC262,VIVIKSHA K,3rd Year,P,
2026-08-12,24UEC262,VIVIKSHA K,3rd Year,P,
2026-08-13,24UEC262,VIVIKSHA K,3rd Year,P,
2026-08-14,24UEC262,VIVIKSHA K,3rd Year,P,
2026-08-17,24UEC262,VIVIKSHA K,3rd Year,A,
2026-08-18,24UEC262,VIVIKSHA K,3rd Year,P,
2026-08-19,24UEC262,VIVIKSHA K,3rd Year,P,
2026-08-21,24UEC262,VIVIKSHA K,3rd Year,P,
2026-08-24,24UEC262,VIVIKSHA K,3rd Year,P,
2026-08-25,24UEC262,VIVIKSHA K,3rd Year,A,
2026-09-07,24UEC262,VIVIKSHA K,3rd Year,A,
2026-09-08,24UEC262,VIVIKSHA K,3rd Year,P,
2026-09-09,24UEC262,VIVIKSHA K,3rd Year,P,
2026-09-10,24UEC262,VIVIKSHA K,3rd Year,P,
2026-09-11,24UEC262,VIVIKSHA K,3rd Year,P,
2026-09-15,24UEC262,VIVIKSHA K,3rd Year,P,
2026-09-16,24UEC262,VIVIKSHA K,3rd Year,P,
2026-09-17,24UEC262,VIVIKSHA K,3rd Year,P,
2026-09-18,24UEC262,VIVIKSHA K,3rd Year,P,
2026-09-21,24UEC262,VIVIKSHA K,3rd Year,A,
2026-09-22,24UEC262,VIVIKSHA K,3rd Year,P,
2026-09-23,24UEC262,VIVIKSHA K,3rd Year,P,
2026-09-24,24UEC262,VIVIKSHA K,3rd Year,P,
2026-09-25,24UEC262,VIVIKSHA K,3rd Year,P,
2026-09-28,24UEC262,VIVIKSHA K,3rd Year,P,
2026-09-29,24UEC262,VIVIKSHA K,3rd Year,P,
2026-09-30,24UEC262,VIVIKSHA K,3rd Year,P,
2026-10-01,24UEC262,VIVIKSHA K,3rd Year,A,
2026-10-05,24UEC262,VIVIKSHA K,3rd Year,A,
2026-08-03,24UEC601,ARJUN S A,3rd Year,P,
2026-08-04,24UEC601,ARJUN S A,3rd Year,A,
2026-08-05,24UEC601,ARJUN S A,3rd Year,P,
2026-08-06,24UEC601,ARJUN S A,3rd Year,P,
2026-08-07,24UEC601,ARJUN S A,3rd Year,P,
2026-08-10,24UEC601,ARJUN S A,3rd Year,P,
2026-08-11,24UEC601,ARJUN S A,3rd Year,P,
2026-08-12,24UEC601,ARJUN S A,3rd Year,A,
2026-08-13,24UEC601,ARJUN S A,3rd Year,P,
2026-08-14,24UEC601,ARJUN S A,3rd Year,P,
2026-08-17,24UEC601,ARJUN S A,3rd Year,P,
2026-08-18,24UEC601,ARJUN S A,3rd Year,P,
2026-08-19,24UEC601,ARJUN S A,3rd Year,P,
2026-08-21,24UEC601,ARJUN S A,3rd Year,P,
2026-08-24,24UEC601,ARJUN S A,3rd Year,P,
2026-08-25,24UEC601,ARJUN S A,3rd Year,P,
2026-09-07,24UEC601,ARJUN S A,3rd Year,P,
2026-09-08,24UEC601,ARJUN S A,3rd Year,P,
2026-09-09,24UEC601,ARJUN S A,3rd Year,P,
2026-09-10,24UEC601,ARJUN S A,3rd Year,P,
2026-09-11,24UEC601,ARJUN S A,3rd Year,P,
2026-09-15,24UEC601,ARJUN S A,3rd Year,A,
2026-09-16,24UEC601,ARJUN S A,3rd Year,P,
2026-09-17,24UEC601,ARJUN S A,3rd Year,P,
2026-09-18,24UEC601,ARJUN S A,3rd Year,P,
2026-09-21,24UEC601,ARJUN S A,3rd Year,P,
2026-09-22,24UEC601,ARJUN S A,3rd Year,P,
2026-09-23,24UEC601,ARJUN S A,3rd Year,P,
2026-09-24,24UEC601,ARJUN S A,3rd Year,P,
2026-09-25,24UEC601,ARJUN S A,3rd Year,P,
2026-09-28,24UEC601,ARJUN S A,3rd Year,P,
2026-09-29,24UEC601,ARJUN S A,3rd Year,P,
2026-09-30,24UEC601,ARJUN S A,3rd Year,P,
2026-10-01,24UEC601,ARJUN S A,3rd Year,P,
2026-10-05,24UEC601,ARJUN S A,3rd Year,A,
2026-08-03,24UEC602,ASHWIN M,3rd Year,P,
2026-08-04,24UEC602,ASHWIN M,3rd Year,A,
2026-08-05,24UEC602,ASHWIN M,3rd Year,P,
2026-08-06,24UEC602,ASHWIN M,3rd Year,P,
2026-08-07,24UEC602,ASHWIN M,3rd Year,P,
2026-08-10,24UEC602,ASHWIN M,3rd Year,P,
2026-08-11,24UEC602,ASHWIN M,3rd Year,P,
2026-08-12,24UEC602,ASHWIN M,3rd Year,P,
2026-08-13,24UEC602,ASHWIN M,3rd Year,P,
2026-08-14,24UEC602,ASHWIN M,3rd Year,A,
2026-08-17,24UEC602,ASHWIN M,3rd Year,P,
2026-08-18,24UEC602,ASHWIN M,3rd Year,P,
2026-08-19,24UEC602,ASHWIN M,3rd Year,P,
2026-08-21,24UEC602,ASHWIN M,3rd Year,P,
2026-08-24,24UEC602,ASHWIN M,3rd Year,A,
2026-08-25,24UEC602,ASHWIN M,3rd Year,A,
2026-09-07,24UEC602,ASHWIN M,3rd Year,P,
2026-09-08,24UEC602,ASHWIN M,3rd Year,P,
2026-09-09,24UEC602,ASHWIN M,3rd Year,P,
2026-09-10,24UEC602,ASHWIN M,3rd Year,P,
2026-09-11,24UEC602,ASHWIN M,3rd Year,P,
2026-09-15,24UEC602,ASHWIN M,3rd Year,P,
2026-09-16,24UEC602,ASHWIN M,3rd Year,P,
2026-09-17,24UEC602,ASHWIN M,3rd Year,A,
2026-09-18,24UEC602,ASHWIN M,3rd Year,P,
2026-09-21,24UEC602,ASHWIN M,3rd Year,P,
2026-09-22,24UEC602,ASHWIN M,3rd Year,P,
2026-09-23,24UEC602,ASHWIN M,3rd Year,P,
2026-09-24,24UEC602,ASHWIN M,3rd Year,P,
2026-09-25,24UEC602,ASHWIN M,3rd Year,P,
2026-09-28,24UEC602,ASHWIN M,3rd Year,P,
2026-09-29,24UEC602,ASHWIN M,3rd Year,P,
2026-09-30,24UEC602,ASHWIN M,3rd Year,P,
2026-10-01,24UEC602,ASHWIN M,3rd Year,P,
2026-10-05,24UEC602,ASHWIN M,3rd Year,P,
2026-08-03,24UEC604,KARTHIKEYAN P,3rd Year,P,
2026-08-04,24UEC604,KARTHIKEYAN P,3rd Year,A,
2026-08-05,24UEC604,KARTHIKEYAN P,3rd Year,P,
2026-08-06,24UEC604,KARTHIKEYAN P,3rd Year,P,
2026-08-07,24UEC604,KARTHIKEYAN P,3rd Year,P,
2026-08-10,24UEC604,KARTHIKEYAN P,3rd Year,A,
2026-08-11,24UEC604,KARTHIKEYAN P,3rd Year,P,
2026-08-12,24UEC604,KARTHIKEYAN P,3rd Year,P,
2026-08-13,24UEC604,KARTHIKEYAN P,3rd Year,P,
2026-08-14,24UEC604,KARTHIKEYAN P,3rd Year,P,
2026-08-17,24UEC604,KARTHIKEYAN P,3rd Year,P,
2026-08-18,24UEC604,KARTHIKEYAN P,3rd Year,A,
2026-08-19,24UEC604,KARTHIKEYAN P,3rd Year,P,
2026-08-21,24UEC604,KARTHIKEYAN P,3rd Year,P,
2026-08-24,24UEC604,KARTHIKEYAN P,3rd Year,A,
2026-08-25,24UEC604,KARTHIKEYAN P,3rd Year,A,
2026-09-07,24UEC604,KARTHIKEYAN P,3rd Year,P,
2026-09-08,24UEC604,KARTHIKEYAN P,3rd Year,P,
2026-09-09,24UEC604,KARTHIKEYAN P,3rd Year,A,
2026-09-10,24UEC604,KARTHIKEYAN P,3rd Year,P,
2026-09-11,24UEC604,KARTHIKEYAN P,3rd Year,P,
2026-09-15,24UEC604,KARTHIKEYAN P,3rd Year,A,
2026-09-16,24UEC604,KARTHIKEYAN P,3rd Year,P,
2026-09-17,24UEC604,KARTHIKEYAN P,3rd Year,P,
2026-09-18,24UEC604,KARTHIKEYAN P,3rd Year,P,
2026-09-21,24UEC604,KARTHIKEYAN P,3rd Year,P,
2026-09-22,24UEC604,KARTHIKEYAN P,3rd Year,A,
2026-09-23,24UEC604,KARTHIKEYAN P,3rd Year,A,
2026-09-24,24UEC604,KARTHIKEYAN P,3rd Year,A,
2026-09-25,24UEC604,KARTHIKEYAN P,3rd Year,A,
2026-09-28,24UEC604,KARTHIKEYAN P,3rd Year,A,
2026-09-29,24UEC604,KARTHIKEYAN P,3rd Year,P,
2026-09-30,24UEC604,KARTHIKEYAN P,3rd Year,P,
2026-10-01,24UEC604,KARTHIKEYAN P,3rd Year,P,
2026-10-05,24UEC604,KARTHIKEYAN P,3rd Year,P,
2026-08-03,24UEC606,RAVICHANDRAN M,3rd Year,P,
2026-08-04,24UEC606,RAVICHANDRAN M,3rd Year,A,
2026-08-05,24UEC606,RAVICHANDRAN M,3rd Year,P,
2026-08-06,24UEC606,RAVICHANDRAN M,3rd Year,P,
2026-08-07,24UEC606,RAVICHANDRAN M,3rd Year,P,
2026-08-10,24UEC606,RAVICHANDRAN M,3rd Year,P,
2026-08-11,24UEC606,RAVICHANDRAN M,3rd Year,P,
2026-08-12,24UEC606,RAVICHANDRAN M,3rd Year,P,
2026-08-13,24UEC606,RAVICHANDRAN M,3rd Year,A,
2026-08-14,24UEC606,RAVICHANDRAN M,3rd Year,A,
2026-08-17,24UEC606,RAVICHANDRAN M,3rd Year,P,
2026-08-18,24UEC606,RAVICHANDRAN M,3rd Year,P,
2026-08-19,24UEC606,RAVICHANDRAN M,3rd Year,P,
2026-08-21,24UEC606,RAVICHANDRAN M,3rd Year,P,
2026-08-24,24UEC606,RAVICHANDRAN M,3rd Year,A,
2026-08-25,24UEC606,RAVICHANDRAN M,3rd Year,P,
2026-09-07,24UEC606,RAVICHANDRAN M,3rd Year,P,
2026-09-08,24UEC606,RAVICHANDRAN M,3rd Year,P,
2026-09-09,24UEC606,RAVICHANDRAN M,3rd Year,P,
2026-09-10,24UEC606,RAVICHANDRAN M,3rd Year,P,
2026-09-11,24UEC606,RAVICHANDRAN M,3rd Year,P,
2026-09-15,24UEC606,RAVICHANDRAN M,3rd Year,P,
2026-09-16,24UEC606,RAVICHANDRAN M,3rd Year,P,
2026-09-17,24UEC606,RAVICHANDRAN M,3rd Year,P,
2026-09-18,24UEC606,RAVICHANDRAN M,3rd Year,P,
2026-09-21,24UEC606,RAVICHANDRAN M,3rd Year,P,
2026-09-22,24UEC606,RAVICHANDRAN M,3rd Year,P,
2026-09-23,24UEC606,RAVICHANDRAN M,3rd Year,P,
2026-09-24,24UEC606,RAVICHANDRAN M,3rd Year,A,
2026-09-25,24UEC606,RAVICHANDRAN M,3rd Year,A,
2026-09-28,24UEC606,RAVICHANDRAN M,3rd Year,P,
2026-09-29,24UEC606,RAVICHANDRAN M,3rd Year,P,
2026-09-30,24UEC606,RAVICHANDRAN M,3rd Year,P,
2026-10-01,24UEC606,RAVICHANDRAN M,3rd Year,P,
2026-10-05,24UEC606,RAVICHANDRAN M,3rd Year,A,
2026-08-03,24UEC607,UMAR BAIG R,3rd Year,A,
2026-08-04,24UEC607,UMAR BAIG R,3rd Year,A,
2026-08-05,24UEC607,UMAR BAIG R,3rd Year,P,
2026-08-06,24UEC607,UMAR BAIG R,3rd Year,P,
2026-08-07,24UEC607,UMAR BAIG R,3rd Year,P,
2026-08-10,24UEC607,UMAR BAIG R,3rd Year,P,
2026-08-11,24UEC607,UMAR BAIG R,3rd Year,P,
2026-08-12,24UEC607,UMAR BAIG R,3rd Year,P,
2026-08-13,24UEC607,UMAR BAIG R,3rd Year,P,
2026-08-14,24UEC607,UMAR BAIG R,3rd Year,A,
2026-08-17,24UEC607,UMAR BAIG R,3rd Year,A,
2026-08-18,24UEC607,UMAR BAIG R,3rd Year,A,
2026-08-19,24UEC607,UMAR BAIG R,3rd Year,A,
2026-08-21,24UEC607,UMAR BAIG R,3rd Year,A,
2026-08-24,24UEC607,UMAR BAIG R,3rd Year,A,
2026-08-25,24UEC607,UMAR BAIG R,3rd Year,A,
2026-09-07,24UEC607,UMAR BAIG R,3rd Year,A,
2026-09-08,24UEC607,UMAR BAIG R,3rd Year,P,
2026-09-09,24UEC607,UMAR BAIG R,3rd Year,A,
2026-09-10,24UEC607,UMAR BAIG R,3rd Year,P,
2026-09-11,24UEC607,UMAR BAIG R,3rd Year,P,
2026-09-15,24UEC607,UMAR BAIG R,3rd Year,P,
2026-09-16,24UEC607,UMAR BAIG R,3rd Year,A,
2026-09-17,24UEC607,UMAR BAIG R,3rd Year,A,
2026-09-18,24UEC607,UMAR BAIG R,3rd Year,A,
2026-09-21,24UEC607,UMAR BAIG R,3rd Year,A,
2026-09-22,24UEC607,UMAR BAIG R,3rd Year,A,
2026-09-23,24UEC607,UMAR BAIG R,3rd Year,A,
2026-09-24,24UEC607,UMAR BAIG R,3rd Year,A,
2026-09-25,24UEC607,UMAR BAIG R,3rd Year,A,
2026-09-28,24UEC607,UMAR BAIG R,3rd Year,A,
2026-09-29,24UEC607,UMAR BAIG R,3rd Year,A,
2026-09-30,24UEC607,UMAR BAIG R,3rd Year,A,
2026-10-01,24UEC607,UMAR BAIG R,3rd Year,A,
2026-10-05,24UEC607,UMAR BAIG R,3rd Year,P,
2026-08-03,24UEC608,VIGNESH K,3rd Year,A,
2026-08-04,24UEC608,VIGNESH K,3rd Year,A,
2026-08-05,24UEC608,VIGNESH K,3rd Year,P,
2026-08-06,24UEC608,VIGNESH K,3rd Year,P,
2026-08-07,24UEC608,VIGNESH K,3rd Year,P,
2026-08-10,24UEC608,VIGNESH K,3rd Year,A,
2026-08-11,24UEC608,VIGNESH K,3rd Year,A,
2026-08-12,24UEC608,VIGNESH K,3rd Year,P,
2026-08-13,24UEC608,VIGNESH K,3rd Year,P,
2026-08-14,24UEC608,VIGNESH K,3rd Year,P,
2026-08-17,24UEC608,VIGNESH K,3rd Year,P,
2026-08-18,24UEC608,VIGNESH K,3rd Year,P,
2026-08-19,24UEC608,VIGNESH K,3rd Year,P,
2026-08-21,24UEC608,VIGNESH K,3rd Year,A,
2026-08-24,24UEC608,VIGNESH K,3rd Year,P,
2026-08-25,24UEC608,VIGNESH K,3rd Year,A,
2026-09-07,24UEC608,VIGNESH K,3rd Year,P,
2026-09-08,24UEC608,VIGNESH K,3rd Year,P,
2026-09-09,24UEC608,VIGNESH K,3rd Year,A,
2026-09-10,24UEC608,VIGNESH K,3rd Year,P,
2026-09-11,24UEC608,VIGNESH K,3rd Year,P,
2026-09-15,24UEC608,VIGNESH K,3rd Year,A,
2026-09-16,24UEC608,VIGNESH K,3rd Year,P,
2026-09-17,24UEC608,VIGNESH K,3rd Year,A,
2026-09-18,24UEC608,VIGNESH K,3rd Year,P,
2026-09-21,24UEC608,VIGNESH K,3rd Year,P,
2026-09-22,24UEC608,VIGNESH K,3rd Year,A,
2026-09-23,24UEC608,VIGNESH K,3rd Year,P,
2026-09-24,24UEC608,VIGNESH K,3rd Year,A,
2026-09-25,24UEC608,VIGNESH K,3rd Year,P,
2026-09-28,24UEC608,VIGNESH K,3rd Year,P,
2026-09-29,24UEC608,VIGNESH K,3rd Year,P,
2026-09-30,24UEC608,VIGNESH K,3rd Year,P,
2026-10-01,24UEC608,VIGNESH K,3rd Year,P,
2026-10-05,24UEC608,VIGNESH K,3rd Year,A,
2026-08-03,24UEC609,VIKASH S,3rd Year,P,
2026-08-04,24UEC609,VIKASH S,3rd Year,A,
2026-08-05,24UEC609,VIKASH S,3rd Year,P,
2026-08-06,24UEC609,VIKASH S,3rd Year,P,
2026-08-07,24UEC609,VIKASH S,3rd Year,A,
2026-08-10,24UEC609,VIKASH S,3rd Year,P,
2026-08-11,24UEC609,VIKASH S,3rd Year,P,
2026-08-12,24UEC609,VIKASH S,3rd Year,P,
2026-08-13,24UEC609,VIKASH S,3rd Year,P,
2026-08-14,24UEC609,VIKASH S,3rd Year,A,
2026-08-17,24UEC609,VIKASH S,3rd Year,P,
2026-08-18,24UEC609,VIKASH S,3rd Year,P,
2026-08-19,24UEC609,VIKASH S,3rd Year,P,
2026-08-21,24UEC609,VIKASH S,3rd Year,P,
2026-08-24,24UEC609,VIKASH S,3rd Year,P,
2026-08-25,24UEC609,VIKASH S,3rd Year,A,
2026-09-07,24UEC609,VIKASH S,3rd Year,P,
2026-09-08,24UEC609,VIKASH S,3rd Year,P,
2026-09-09,24UEC609,VIKASH S,3rd Year,P,
2026-09-10,24UEC609,VIKASH S,3rd Year,P,
2026-09-11,24UEC609,VIKASH S,3rd Year,A,
2026-09-15,24UEC609,VIKASH S,3rd Year,P,
2026-09-16,24UEC609,VIKASH S,3rd Year,P,
2026-09-17,24UEC609,VIKASH S,3rd Year,P,
2026-09-18,24UEC609,VIKASH S,3rd Year,P,
2026-09-21,24UEC609,VIKASH S,3rd Year,A,
2026-09-22,24UEC609,VIKASH S,3rd Year,P,
2026-09-23,24UEC609,VIKASH S,3rd Year,P,
2026-09-24,24UEC609,VIKASH S,3rd Year,A,
2026-09-25,24UEC609,VIKASH S,3rd Year,A,
2026-09-28,24UEC609,VIKASH S,3rd Year,P,
2026-09-29,24UEC609,VIKASH S,3rd Year,P,
2026-09-30,24UEC609,VIKASH S,3rd Year,P,
2026-10-01,24UEC609,VIKASH S,3rd Year,P,
2026-10-05,24UEC609,VIKASH S,3rd Year,P,
2026-08-03,24UEC610,YASHVANTH B,3rd Year,P,
2026-08-04,24UEC610,YASHVANTH B,3rd Year,A,
2026-08-05,24UEC610,YASHVANTH B,3rd Year,P,
2026-08-06,24UEC610,YASHVANTH B,3rd Year,P,
2026-08-07,24UEC610,YASHVANTH B,3rd Year,P,
2026-08-10,24UEC610,YASHVANTH B,3rd Year,P,
2026-08-11,24UEC610,YASHVANTH B,3rd Year,P,
2026-08-12,24UEC610,YASHVANTH B,3rd Year,P,
2026-08-13,24UEC610,YASHVANTH B,3rd Year,P,
2026-08-14,24UEC610,YASHVANTH B,3rd Year,P,
2026-08-17,24UEC610,YASHVANTH B,3rd Year,P,
2026-08-18,24UEC610,YASHVANTH B,3rd Year,A,
2026-08-19,24UEC610,YASHVANTH B,3rd Year,A,
2026-08-21,24UEC610,YASHVANTH B,3rd Year,P,
2026-08-24,24UEC610,YASHVANTH B,3rd Year,P,
2026-08-25,24UEC610,YASHVANTH B,3rd Year,P,
2026-09-07,24UEC610,YASHVANTH B,3rd Year,P,
2026-09-08,24UEC610,YASHVANTH B,3rd Year,P,
2026-09-09,24UEC610,YASHVANTH B,3rd Year,P,
2026-09-10,24UEC610,YASHVANTH B,3rd Year,P,
2026-09-11,24UEC610,YASHVANTH B,3rd Year,P,
2026-09-15,24UEC610,YASHVANTH B,3rd Year,P,
2026-09-16,24UEC610,YASHVANTH B,3rd Year,P,
2026-09-17,24UEC610,YASHVANTH B,3rd Year,P,
2026-09-18,24UEC610,YASHVANTH B,3rd Year,P,
2026-09-21,24UEC610,YASHVANTH B,3rd Year,P,
2026-09-22,24UEC610,YASHVANTH B,3rd Year,P,
2026-09-23,24UEC610,YASHVANTH B,3rd Year,P,
2026-09-24,24UEC610,YASHVANTH B,3rd Year,P,
2026-09-25,24UEC610,YASHVANTH B,3rd Year,P,
2026-09-28,24UEC610,YASHVANTH B,3rd Year,A,
2026-09-29,24UEC610,YASHVANTH B,3rd Year,P,
2026-09-30,24UEC610,YASHVANTH B,3rd Year,P,
2026-10-01,24UEC610,YASHVANTH B,3rd Year,P,
2026-10-05,24UEC610,YASHVANTH B,3rd Year,P,
2026-08-03,24UME113,HARIMADHAV S,3rd Year,P,
2026-08-04,24UME113,HARIMADHAV S,3rd Year,A,
2026-08-05,24UME113,HARIMADHAV S,3rd Year,P,
2026-08-06,24UME113,HARIMADHAV S,3rd Year,P,
2026-08-07,24UME113,HARIMADHAV S,3rd Year,P,
2026-08-10,24UME113,HARIMADHAV S,3rd Year,P,
2026-08-11,24UME113,HARIMADHAV S,3rd Year,P,
2026-08-12,24UME113,HARIMADHAV S,3rd Year,P,
2026-08-13,24UME113,HARIMADHAV S,3rd Year,P,
2026-08-14,24UME113,HARIMADHAV S,3rd Year,P,
2026-08-17,24UME113,HARIMADHAV S,3rd Year,P,
2026-08-18,24UME113,HARIMADHAV S,3rd Year,P,
2026-08-19,24UME113,HARIMADHAV S,3rd Year,P,
2026-08-21,24UME113,HARIMADHAV S,3rd Year,A,
2026-08-24,24UME113,HARIMADHAV S,3rd Year,P,
2026-08-25,24UME113,HARIMADHAV S,3rd Year,A,
2026-09-07,24UME113,HARIMADHAV S,3rd Year,A,
2026-09-08,24UME113,HARIMADHAV S,3rd Year,A,
2026-09-09,24UME113,HARIMADHAV S,3rd Year,A,
2026-09-10,24UME113,HARIMADHAV S,3rd Year,A,
2026-09-11,24UME113,HARIMADHAV S,3rd Year,A,
2026-09-15,24UME113,HARIMADHAV S,3rd Year,A,
2026-09-16,24UME113,HARIMADHAV S,3rd Year,A,
2026-09-17,24UME113,HARIMADHAV S,3rd Year,A,
2026-09-18,24UME113,HARIMADHAV S,3rd Year,A,
2026-09-21,24UME113,HARIMADHAV S,3rd Year,A,
2026-09-22,24UME113,HARIMADHAV S,3rd Year,A,
2026-09-23,24UME113,HARIMADHAV S,3rd Year,A,
2026-09-24,24UME113,HARIMADHAV S,3rd Year,A,
2026-09-25,24UME113,HARIMADHAV S,3rd Year,A,
2026-09-28,24UME113,HARIMADHAV S,3rd Year,A,
2026-09-29,24UME113,HARIMADHAV S,3rd Year,A,
2026-09-30,24UME113,HARIMADHAV S,3rd Year,A,
2026-10-01,24UME113,HARIMADHAV S,3rd Year,A,
2026-10-05,24UME113,HARIMADHAV S,3rd Year,A,
2026-08-03,24UME130,MONICA R,3rd Year,A,
2026-08-04,24UME130,MONICA R,3rd Year,A,
2026-08-05,24UME130,MONICA R,3rd Year,P,
2026-08-06,24UME130,MONICA R,3rd Year,P,
2026-08-07,24UME130,MONICA R,3rd Year,P,
2026-08-10,24UME130,MONICA R,3rd Year,P,
2026-08-11,24UME130,MONICA R,3rd Year,A,
2026-08-12,24UME130,MONICA R,3rd Year,P,
2026-08-13,24UME130,MONICA R,3rd Year,A,
2026-08-14,24UME130,MONICA R,3rd Year,A,
2026-08-17,24UME130,MONICA R,3rd Year,A,
2026-08-18,24UME130,MONICA R,3rd Year,A,
2026-08-19,24UME130,MONICA R,3rd Year,A,
2026-08-21,24UME130,MONICA R,3rd Year,A,
2026-08-24,24UME130,MONICA R,3rd Year,A,
2026-08-25,24UME130,MONICA R,3rd Year,A,
2026-09-07,24UME130,MONICA R,3rd Year,A,
2026-09-08,24UME130,MONICA R,3rd Year,A,
2026-09-09,24UME130,MONICA R,3rd Year,A,
2026-09-10,24UME130,MONICA R,3rd Year,A,
2026-09-11,24UME130,MONICA R,3rd Year,A,
2026-09-15,24UME130,MONICA R,3rd Year,A,
2026-09-16,24UME130,MONICA R,3rd Year,A,
2026-09-17,24UME130,MONICA R,3rd Year,A,
2026-09-18,24UME130,MONICA R,3rd Year,A,
2026-09-21,24UME130,MONICA R,3rd Year,A,
2026-09-22,24UME130,MONICA R,3rd Year,A,
2026-09-23,24UME130,MONICA R,3rd Year,A,
2026-09-24,24UME130,MONICA R,3rd Year,A,
2026-09-25,24UME130,MONICA R,3rd Year,A,
2026-09-28,24UME130,MONICA R,3rd Year,A,
2026-09-29,24UME130,MONICA R,3rd Year,A,
2026-09-30,24UME130,MONICA R,3rd Year,A,
2026-10-01,24UME130,MONICA R,3rd Year,A,
2026-10-05,24UME130,MONICA R,3rd Year,A,
2026-08-03,24UME133,MUPPULI M,3rd Year,P,
2026-08-04,24UME133,MUPPULI M,3rd Year,A,
2026-08-05,24UME133,MUPPULI M,3rd Year,P,
2026-08-06,24UME133,MUPPULI M,3rd Year,P,
2026-08-07,24UME133,MUPPULI M,3rd Year,P,
2026-08-10,24UME133,MUPPULI M,3rd Year,P,
2026-08-11,24UME133,MUPPULI M,3rd Year,P,
2026-08-12,24UME133,MUPPULI M,3rd Year,P,
2026-08-13,24UME133,MUPPULI M,3rd Year,P,
2026-08-14,24UME133,MUPPULI M,3rd Year,P,
2026-08-17,24UME133,MUPPULI M,3rd Year,A,
2026-08-18,24UME133,MUPPULI M,3rd Year,P,
2026-08-19,24UME133,MUPPULI M,3rd Year,P,
2026-08-21,24UME133,MUPPULI M,3rd Year,P,
2026-08-24,24UME133,MUPPULI M,3rd Year,P,
2026-08-25,24UME133,MUPPULI M,3rd Year,P,
2026-09-07,24UME133,MUPPULI M,3rd Year,P,
2026-09-08,24UME133,MUPPULI M,3rd Year,P,
2026-09-09,24UME133,MUPPULI M,3rd Year,P,
2026-09-10,24UME133,MUPPULI M,3rd Year,P,
2026-09-11,24UME133,MUPPULI M,3rd Year,P,
2026-09-15,24UME133,MUPPULI M,3rd Year,A,
2026-09-16,24UME133,MUPPULI M,3rd Year,A,
2026-09-17,24UME133,MUPPULI M,3rd Year,A,
2026-09-18,24UME133,MUPPULI M,3rd Year,A,
2026-09-21,24UME133,MUPPULI M,3rd Year,P,
2026-09-22,24UME133,MUPPULI M,3rd Year,P,
2026-09-23,24UME133,MUPPULI M,3rd Year,P,
2026-09-24,24UME133,MUPPULI M,3rd Year,P,
2026-09-25,24UME133,MUPPULI M,3rd Year,P,
2026-09-28,24UME133,MUPPULI M,3rd Year,P,
2026-09-29,24UME133,MUPPULI M,3rd Year,P,
2026-09-30,24UME133,MUPPULI M,3rd Year,P,
2026-10-01,24UME133,MUPPULI M,3rd Year,P,
2026-10-05,24UME133,MUPPULI M,3rd Year,P,
2026-08-03,24UME135,NANTHAGOPALAN S,3rd Year,P,
2026-08-04,24UME135,NANTHAGOPALAN S,3rd Year,A,
2026-08-05,24UME135,NANTHAGOPALAN S,3rd Year,P,
2026-08-06,24UME135,NANTHAGOPALAN S,3rd Year,P,
2026-08-07,24UME135,NANTHAGOPALAN S,3rd Year,P,
2026-08-10,24UME135,NANTHAGOPALAN S,3rd Year,P,
2026-08-11,24UME135,NANTHAGOPALAN S,3rd Year,A,
2026-08-12,24UME135,NANTHAGOPALAN S,3rd Year,P,
2026-08-13,24UME135,NANTHAGOPALAN S,3rd Year,P,
2026-08-14,24UME135,NANTHAGOPALAN S,3rd Year,P,
2026-08-17,24UME135,NANTHAGOPALAN S,3rd Year,A,
2026-08-18,24UME135,NANTHAGOPALAN S,3rd Year,P,
2026-08-19,24UME135,NANTHAGOPALAN S,3rd Year,A,
2026-08-21,24UME135,NANTHAGOPALAN S,3rd Year,P,
2026-08-24,24UME135,NANTHAGOPALAN S,3rd Year,P,
2026-08-25,24UME135,NANTHAGOPALAN S,3rd Year,P,
2026-09-07,24UME135,NANTHAGOPALAN S,3rd Year,A,
2026-09-08,24UME135,NANTHAGOPALAN S,3rd Year,P,
2026-09-09,24UME135,NANTHAGOPALAN S,3rd Year,A,
2026-09-10,24UME135,NANTHAGOPALAN S,3rd Year,P,
2026-09-11,24UME135,NANTHAGOPALAN S,3rd Year,P,
2026-09-15,24UME135,NANTHAGOPALAN S,3rd Year,A,
2026-09-16,24UME135,NANTHAGOPALAN S,3rd Year,P,
2026-09-17,24UME135,NANTHAGOPALAN S,3rd Year,A,
2026-09-18,24UME135,NANTHAGOPALAN S,3rd Year,A,
2026-09-21,24UME135,NANTHAGOPALAN S,3rd Year,A,
2026-09-22,24UME135,NANTHAGOPALAN S,3rd Year,P,
2026-09-23,24UME135,NANTHAGOPALAN S,3rd Year,P,
2026-09-24,24UME135,NANTHAGOPALAN S,3rd Year,P,
2026-09-25,24UME135,NANTHAGOPALAN S,3rd Year,P,
2026-09-28,24UME135,NANTHAGOPALAN S,3rd Year,P,
2026-09-29,24UME135,NANTHAGOPALAN S,3rd Year,P,
2026-09-30,24UME135,NANTHAGOPALAN S,3rd Year,P,
2026-10-01,24UME135,NANTHAGOPALAN S,3rd Year,P,
2026-10-05,24UME135,NANTHAGOPALAN S,3rd Year,P,
2026-08-03,24UME146,SANKARANARAYANAN E,3rd Year,P,
2026-08-04,24UME146,SANKARANARAYANAN E,3rd Year,A,
2026-08-05,24UME146,SANKARANARAYANAN E,3rd Year,P,
2026-08-06,24UME146,SANKARANARAYANAN E,3rd Year,P,
2026-08-07,24UME146,SANKARANARAYANAN E,3rd Year,P,
2026-08-10,24UME146,SANKARANARAYANAN E,3rd Year,P,
2026-08-11,24UME146,SANKARANARAYANAN E,3rd Year,A,
2026-08-12,24UME146,SANKARANARAYANAN E,3rd Year,P,
2026-08-13,24UME146,SANKARANARAYANAN E,3rd Year,A,
2026-08-14,24UME146,SANKARANARAYANAN E,3rd Year,A,
2026-08-17,24UME146,SANKARANARAYANAN E,3rd Year,P,
2026-08-18,24UME146,SANKARANARAYANAN E,3rd Year,A,
2026-08-19,24UME146,SANKARANARAYANAN E,3rd Year,A,
2026-08-21,24UME146,SANKARANARAYANAN E,3rd Year,A,
2026-08-24,24UME146,SANKARANARAYANAN E,3rd Year,A,
2026-08-25,24UME146,SANKARANARAYANAN E,3rd Year,A,
2026-09-07,24UME146,SANKARANARAYANAN E,3rd Year,A,
2026-09-08,24UME146,SANKARANARAYANAN E,3rd Year,A,
2026-09-09,24UME146,SANKARANARAYANAN E,3rd Year,A,
2026-09-10,24UME146,SANKARANARAYANAN E,3rd Year,A,
2026-09-11,24UME146,SANKARANARAYANAN E,3rd Year,A,
2026-09-15,24UME146,SANKARANARAYANAN E,3rd Year,A,
2026-09-16,24UME146,SANKARANARAYANAN E,3rd Year,A,
2026-09-17,24UME146,SANKARANARAYANAN E,3rd Year,A,
2026-09-18,24UME146,SANKARANARAYANAN E,3rd Year,A,
2026-09-21,24UME146,SANKARANARAYANAN E,3rd Year,A,
2026-09-22,24UME146,SANKARANARAYANAN E,3rd Year,A,
2026-09-23,24UME146,SANKARANARAYANAN E,3rd Year,A,
2026-09-24,24UME146,SANKARANARAYANAN E,3rd Year,A,
2026-09-25,24UME146,SANKARANARAYANAN E,3rd Year,A,
2026-09-28,24UME146,SANKARANARAYANAN E,3rd Year,A,
2026-09-29,24UME146,SANKARANARAYANAN E,3rd Year,A,
2026-09-30,24UME146,SANKARANARAYANAN E,3rd Year,A,
2026-10-01,24UME146,SANKARANARAYANAN E,3rd Year,A,
2026-10-05,24UME146,SANKARANARAYANAN E,3rd Year,A,
2026-08-03,24UME601,BHAVANESH S,3rd Year,P,
2026-08-04,24UME601,BHAVANESH S,3rd Year,A,
2026-08-05,24UME601,BHAVANESH S,3rd Year,A,
2026-08-06,24UME601,BHAVANESH S,3rd Year,P,
2026-08-07,24UME601,BHAVANESH S,3rd Year,P,
2026-08-10,24UME601,BHAVANESH S,3rd Year,P,
2026-08-11,24UME601,BHAVANESH S,3rd Year,P,
2026-08-12,24UME601,BHAVANESH S,3rd Year,P,
2026-08-13,24UME601,BHAVANESH S,3rd Year,P,
2026-08-14,24UME601,BHAVANESH S,3rd Year,P,
2026-08-17,24UME601,BHAVANESH S,3rd Year,P,
2026-08-18,24UME601,BHAVANESH S,3rd Year,P,
2026-08-19,24UME601,BHAVANESH S,3rd Year,P,
2026-08-21,24UME601,BHAVANESH S,3rd Year,P,
2026-08-24,24UME601,BHAVANESH S,3rd Year,P,
2026-08-25,24UME601,BHAVANESH S,3rd Year,A,
2026-09-07,24UME601,BHAVANESH S,3rd Year,A,
2026-09-08,24UME601,BHAVANESH S,3rd Year,A,
2026-09-09,24UME601,BHAVANESH S,3rd Year,P,
2026-09-10,24UME601,BHAVANESH S,3rd Year,P,
2026-09-11,24UME601,BHAVANESH S,3rd Year,P,
2026-09-15,24UME601,BHAVANESH S,3rd Year,A,
2026-09-16,24UME601,BHAVANESH S,3rd Year,P,
2026-09-17,24UME601,BHAVANESH S,3rd Year,P,
2026-09-18,24UME601,BHAVANESH S,3rd Year,A,
2026-09-21,24UME601,BHAVANESH S,3rd Year,P,
2026-09-22,24UME601,BHAVANESH S,3rd Year,P,
2026-09-23,24UME601,BHAVANESH S,3rd Year,P,
2026-09-24,24UME601,BHAVANESH S,3rd Year,P,
2026-09-25,24UME601,BHAVANESH S,3rd Year,P,
2026-09-28,24UME601,BHAVANESH S,3rd Year,P,
2026-09-29,24UME601,BHAVANESH S,3rd Year,P,
2026-09-30,24UME601,BHAVANESH S,3rd Year,P,
2026-10-01,24UME601,BHAVANESH S,3rd Year,P,
2026-10-05,24UME601,BHAVANESH S,3rd Year,A,
2026-08-03,24UME606,KIRUBHA SHANKAR K,3rd Year,A,
2026-08-04,24UME606,KIRUBHA SHANKAR K,3rd Year,A,
2026-08-05,24UME606,KIRUBHA SHANKAR K,3rd Year,A,
2026-08-06,24UME606,KIRUBHA SHANKAR K,3rd Year,P,
2026-08-07,24UME606,KIRUBHA SHANKAR K,3rd Year,P,
2026-08-10,24UME606,KIRUBHA SHANKAR K,3rd Year,P,
2026-08-11,24UME606,KIRUBHA SHANKAR K,3rd Year,P,
2026-08-12,24UME606,KIRUBHA SHANKAR K,3rd Year,P,
2026-08-13,24UME606,KIRUBHA SHANKAR K,3rd Year,P,
2026-08-14,24UME606,KIRUBHA SHANKAR K,3rd Year,P,
2026-08-17,24UME606,KIRUBHA SHANKAR K,3rd Year,P,
2026-08-18,24UME606,KIRUBHA SHANKAR K,3rd Year,P,
2026-08-19,24UME606,KIRUBHA SHANKAR K,3rd Year,P,
2026-08-21,24UME606,KIRUBHA SHANKAR K,3rd Year,P,
2026-08-24,24UME606,KIRUBHA SHANKAR K,3rd Year,P,
2026-08-25,24UME606,KIRUBHA SHANKAR K,3rd Year,A,
2026-09-07,24UME606,KIRUBHA SHANKAR K,3rd Year,A,
2026-09-08,24UME606,KIRUBHA SHANKAR K,3rd Year,A,
2026-09-09,24UME606,KIRUBHA SHANKAR K,3rd Year,P,
2026-09-10,24UME606,KIRUBHA SHANKAR K,3rd Year,P,
2026-09-11,24UME606,KIRUBHA SHANKAR K,3rd Year,P,
2026-09-15,24UME606,KIRUBHA SHANKAR K,3rd Year,P,
2026-09-16,24UME606,KIRUBHA SHANKAR K,3rd Year,P,
2026-09-17,24UME606,KIRUBHA SHANKAR K,3rd Year,P,
2026-09-18,24UME606,KIRUBHA SHANKAR K,3rd Year,A,
2026-09-21,24UME606,KIRUBHA SHANKAR K,3rd Year,P,
2026-09-22,24UME606,KIRUBHA SHANKAR K,3rd Year,P,
2026-09-23,24UME606,KIRUBHA SHANKAR K,3rd Year,P,
2026-09-24,24UME606,KIRUBHA SHANKAR K,3rd Year,A,
2026-09-25,24UME606,KIRUBHA SHANKAR K,3rd Year,P,
2026-09-28,24UME606,KIRUBHA SHANKAR K,3rd Year,P,
2026-09-29,24UME606,KIRUBHA SHANKAR K,3rd Year,P,
2026-09-30,24UME606,KIRUBHA SHANKAR K,3rd Year,P,
2026-10-01,24UME606,KIRUBHA SHANKAR K,3rd Year,P,
2026-10-05,24UME606,KIRUBHA SHANKAR K,3rd Year,P,
2026-08-03,24UAD229,SAMRUTHI G P,3rd Year,P,
2026-08-04,24UAD229,SAMRUTHI G P,3rd Year,P,
2026-08-05,24UAD229,SAMRUTHI G P,3rd Year,P,
2026-08-06,24UAD229,SAMRUTHI G P,3rd Year,P,
2026-08-07,24UAD229,SAMRUTHI G P,3rd Year,P,
2026-08-10,24UAD229,SAMRUTHI G P,3rd Year,P,
2026-08-11,24UAD229,SAMRUTHI G P,3rd Year,P,
2026-08-12,24UAD229,SAMRUTHI G P,3rd Year,P,
2026-08-13,24UAD229,SAMRUTHI G P,3rd Year,P,
2026-08-14,24UAD229,SAMRUTHI G P,3rd Year,P,
2026-08-17,24UAD229,SAMRUTHI G P,3rd Year,P,
2026-08-18,24UAD229,SAMRUTHI G P,3rd Year,P,
2026-08-19,24UAD229,SAMRUTHI G P,3rd Year,P,
2026-08-21,24UAD229,SAMRUTHI G P,3rd Year,P,
2026-08-24,24UAD229,SAMRUTHI G P,3rd Year,P,
2026-08-25,24UAD229,SAMRUTHI G P,3rd Year,A,
2026-09-07,24UAD229,SAMRUTHI G P,3rd Year,P,
2026-09-08,24UAD229,SAMRUTHI G P,3rd Year,P,
2026-09-09,24UAD229,SAMRUTHI G P,3rd Year,P,
2026-09-10,24UAD229,SAMRUTHI G P,3rd Year,P,
2026-09-11,24UAD229,SAMRUTHI G P,3rd Year,P,
2026-09-15,24UAD229,SAMRUTHI G P,3rd Year,P,
2026-09-16,24UAD229,SAMRUTHI G P,3rd Year,P,
2026-09-17,24UAD229,SAMRUTHI G P,3rd Year,P,
2026-09-18,24UAD229,SAMRUTHI G P,3rd Year,P,
2026-09-21,24UAD229,SAMRUTHI G P,3rd Year,P,
2026-09-22,24UAD229,SAMRUTHI G P,3rd Year,P,
2026-09-23,24UAD229,SAMRUTHI G P,3rd Year,P,
2026-09-24,24UAD229,SAMRUTHI G P,3rd Year,P,
2026-09-25,24UAD229,SAMRUTHI G P,3rd Year,P,
2026-09-28,24UAD229,SAMRUTHI G P,3rd Year,P,
2026-09-29,24UAD229,SAMRUTHI G P,3rd Year,P,
2026-09-30,24UAD229,SAMRUTHI G P,3rd Year,P,
2026-10-01,24UAD229,SAMRUTHI G P,3rd Year,A,
2026-10-05,24UAD229,SAMRUTHI G P,3rd Year,P,
2026-08-03,24UAD248,SUBISH SUGEENDARSINGH S A,3rd Year,P,
2026-08-04,24UAD248,SUBISH SUGEENDARSINGH S A,3rd Year,P,
2026-08-05,24UAD248,SUBISH SUGEENDARSINGH S A,3rd Year,P,
2026-08-06,24UAD248,SUBISH SUGEENDARSINGH S A,3rd Year,P,
2026-08-07,24UAD248,SUBISH SUGEENDARSINGH S A,3rd Year,P,
2026-08-10,24UAD248,SUBISH SUGEENDARSINGH S A,3rd Year,P,
2026-08-11,24UAD248,SUBISH SUGEENDARSINGH S A,3rd Year,P,
2026-08-12,24UAD248,SUBISH SUGEENDARSINGH S A,3rd Year,P,
2026-08-13,24UAD248,SUBISH SUGEENDARSINGH S A,3rd Year,P,
2026-08-14,24UAD248,SUBISH SUGEENDARSINGH S A,3rd Year,P,
2026-08-17,24UAD248,SUBISH SUGEENDARSINGH S A,3rd Year,P,
2026-08-18,24UAD248,SUBISH SUGEENDARSINGH S A,3rd Year,A,
2026-08-19,24UAD248,SUBISH SUGEENDARSINGH S A,3rd Year,A,
2026-08-21,24UAD248,SUBISH SUGEENDARSINGH S A,3rd Year,P,
2026-08-24,24UAD248,SUBISH SUGEENDARSINGH S A,3rd Year,P,
2026-08-25,24UAD248,SUBISH SUGEENDARSINGH S A,3rd Year,P,
2026-09-07,24UAD248,SUBISH SUGEENDARSINGH S A,3rd Year,P,
2026-09-08,24UAD248,SUBISH SUGEENDARSINGH S A,3rd Year,P,
2026-09-09,24UAD248,SUBISH SUGEENDARSINGH S A,3rd Year,P,
2026-09-10,24UAD248,SUBISH SUGEENDARSINGH S A,3rd Year,P,
2026-09-11,24UAD248,SUBISH SUGEENDARSINGH S A,3rd Year,P,
2026-09-15,24UAD248,SUBISH SUGEENDARSINGH S A,3rd Year,P,
2026-09-16,24UAD248,SUBISH SUGEENDARSINGH S A,3rd Year,P,
2026-09-17,24UAD248,SUBISH SUGEENDARSINGH S A,3rd Year,P,
2026-09-18,24UAD248,SUBISH SUGEENDARSINGH S A,3rd Year,P,
2026-09-21,24UAD248,SUBISH SUGEENDARSINGH S A,3rd Year,P,
2026-09-22,24UAD248,SUBISH SUGEENDARSINGH S A,3rd Year,P,
2026-09-23,24UAD248,SUBISH SUGEENDARSINGH S A,3rd Year,P,
2026-09-24,24UAD248,SUBISH SUGEENDARSINGH S A,3rd Year,P,
2026-09-25,24UAD248,SUBISH SUGEENDARSINGH S A,3rd Year,P,
2026-09-28,24UAD248,SUBISH SUGEENDARSINGH S A,3rd Year,P,
2026-09-29,24UAD248,SUBISH SUGEENDARSINGH S A,3rd Year,P,
2026-09-30,24UAD248,SUBISH SUGEENDARSINGH S A,3rd Year,P,
2026-10-01,24UAD248,SUBISH SUGEENDARSINGH S A,3rd Year,P,
2026-10-05,24UAD248,SUBISH SUGEENDARSINGH S A,3rd Year,P,
2026-08-03,24UCB105,AKILA R,3rd Year,P,
2026-08-04,24UCB105,AKILA R,3rd Year,P,
2026-08-05,24UCB105,AKILA R,3rd Year,P,
2026-08-06,24UCB105,AKILA R,3rd Year,P,
2026-08-07,24UCB105,AKILA R,3rd Year,P,
2026-08-10,24UCB105,AKILA R,3rd Year,P,
2026-08-11,24UCB105,AKILA R,3rd Year,P,
2026-08-12,24UCB105,AKILA R,3rd Year,P,
2026-08-13,24UCB105,AKILA R,3rd Year,P,
2026-08-14,24UCB105,AKILA R,3rd Year,P,
2026-08-17,24UCB105,AKILA R,3rd Year,P,
2026-08-18,24UCB105,AKILA R,3rd Year,P,
2026-08-19,24UCB105,AKILA R,3rd Year,P,
2026-08-21,24UCB105,AKILA R,3rd Year,P,
2026-08-24,24UCB105,AKILA R,3rd Year,P,
2026-08-25,24UCB105,AKILA R,3rd Year,A,
2026-09-07,24UCB105,AKILA R,3rd Year,P,
2026-09-08,24UCB105,AKILA R,3rd Year,P,
2026-09-09,24UCB105,AKILA R,3rd Year,P,
2026-09-10,24UCB105,AKILA R,3rd Year,P,
2026-09-11,24UCB105,AKILA R,3rd Year,P,
2026-09-15,24UCB105,AKILA R,3rd Year,P,
2026-09-16,24UCB105,AKILA R,3rd Year,P,
2026-09-17,24UCB105,AKILA R,3rd Year,P,
2026-09-18,24UCB105,AKILA R,3rd Year,P,
2026-09-21,24UCB105,AKILA R,3rd Year,P,
2026-09-22,24UCB105,AKILA R,3rd Year,P,
2026-09-23,24UCB105,AKILA R,3rd Year,P,
2026-09-24,24UCB105,AKILA R,3rd Year,P,
2026-09-25,24UCB105,AKILA R,3rd Year,A,
2026-09-28,24UCB105,AKILA R,3rd Year,P,
2026-09-29,24UCB105,AKILA R,3rd Year,P,
2026-09-30,24UCB105,AKILA R,3rd Year,P,
2026-10-01,24UCB105,AKILA R,3rd Year,P,
2026-10-05,24UCB105,AKILA R,3rd Year,P,
2026-08-03,24UCB108,BAVANISHA V,3rd Year,P,
2026-08-04,24UCB108,BAVANISHA V,3rd Year,P,
2026-08-05,24UCB108,BAVANISHA V,3rd Year,P,
2026-08-06,24UCB108,BAVANISHA V,3rd Year,P,
2026-08-07,24UCB108,BAVANISHA V,3rd Year,P,
2026-08-10,24UCB108,BAVANISHA V,3rd Year,P,
2026-08-11,24UCB108,BAVANISHA V,3rd Year,P,
2026-08-12,24UCB108,BAVANISHA V,3rd Year,P,
2026-08-13,24UCB108,BAVANISHA V,3rd Year,P,
2026-08-14,24UCB108,BAVANISHA V,3rd Year,P,
2026-08-17,24UCB108,BAVANISHA V,3rd Year,P,
2026-08-18,24UCB108,BAVANISHA V,3rd Year,P,
2026-08-19,24UCB108,BAVANISHA V,3rd Year,P,
2026-08-21,24UCB108,BAVANISHA V,3rd Year,P,
2026-08-24,24UCB108,BAVANISHA V,3rd Year,P,
2026-08-25,24UCB108,BAVANISHA V,3rd Year,P,
2026-09-07,24UCB108,BAVANISHA V,3rd Year,A,
2026-09-08,24UCB108,BAVANISHA V,3rd Year,P,
2026-09-09,24UCB108,BAVANISHA V,3rd Year,P,
2026-09-10,24UCB108,BAVANISHA V,3rd Year,P,
2026-09-11,24UCB108,BAVANISHA V,3rd Year,P,
2026-09-15,24UCB108,BAVANISHA V,3rd Year,A,
2026-09-16,24UCB108,BAVANISHA V,3rd Year,A,
2026-09-17,24UCB108,BAVANISHA V,3rd Year,P,
2026-09-18,24UCB108,BAVANISHA V,3rd Year,P,
2026-09-21,24UCB108,BAVANISHA V,3rd Year,P,
2026-09-22,24UCB108,BAVANISHA V,3rd Year,P,
2026-09-23,24UCB108,BAVANISHA V,3rd Year,P,
2026-09-24,24UCB108,BAVANISHA V,3rd Year,P,
2026-09-25,24UCB108,BAVANISHA V,3rd Year,P,
2026-09-28,24UCB108,BAVANISHA V,3rd Year,P,
2026-09-29,24UCB108,BAVANISHA V,3rd Year,P,
2026-09-30,24UCB108,BAVANISHA V,3rd Year,P,
2026-10-01,24UCB108,BAVANISHA V,3rd Year,P,
2026-10-05,24UCB108,BAVANISHA V,3rd Year,P,
2026-08-03,24UCB109,BOOMIKA S N,3rd Year,A,
2026-08-04,24UCB109,BOOMIKA S N,3rd Year,P,
2026-08-05,24UCB109,BOOMIKA S N,3rd Year,P,
2026-08-06,24UCB109,BOOMIKA S N,3rd Year,P,
2026-08-07,24UCB109,BOOMIKA S N,3rd Year,P,
2026-08-10,24UCB109,BOOMIKA S N,3rd Year,P,
2026-08-11,24UCB109,BOOMIKA S N,3rd Year,P,
2026-08-12,24UCB109,BOOMIKA S N,3rd Year,P,
2026-08-13,24UCB109,BOOMIKA S N,3rd Year,P,
2026-08-14,24UCB109,BOOMIKA S N,3rd Year,P,
2026-08-17,24UCB109,BOOMIKA S N,3rd Year,A,
2026-08-18,24UCB109,BOOMIKA S N,3rd Year,A,
2026-08-19,24UCB109,BOOMIKA S N,3rd Year,A,
2026-08-21,24UCB109,BOOMIKA S N,3rd Year,P,
2026-08-24,24UCB109,BOOMIKA S N,3rd Year,P,
2026-08-25,24UCB109,BOOMIKA S N,3rd Year,A,
2026-09-07,24UCB109,BOOMIKA S N,3rd Year,P,
2026-09-08,24UCB109,BOOMIKA S N,3rd Year,P,
2026-09-09,24UCB109,BOOMIKA S N,3rd Year,P,
2026-09-10,24UCB109,BOOMIKA S N,3rd Year,P,
2026-09-11,24UCB109,BOOMIKA S N,3rd Year,P,
2026-09-15,24UCB109,BOOMIKA S N,3rd Year,P,
2026-09-16,24UCB109,BOOMIKA S N,3rd Year,P,
2026-09-17,24UCB109,BOOMIKA S N,3rd Year,P,
2026-09-18,24UCB109,BOOMIKA S N,3rd Year,A,
2026-09-21,24UCB109,BOOMIKA S N,3rd Year,P,
2026-09-22,24UCB109,BOOMIKA S N,3rd Year,P,
2026-09-23,24UCB109,BOOMIKA S N,3rd Year,P,
2026-09-24,24UCB109,BOOMIKA S N,3rd Year,P,
2026-09-25,24UCB109,BOOMIKA S N,3rd Year,A,
2026-09-28,24UCB109,BOOMIKA S N,3rd Year,P,
2026-09-29,24UCB109,BOOMIKA S N,3rd Year,A,
2026-09-30,24UCB109,BOOMIKA S N,3rd Year,P,
2026-10-01,24UCB109,BOOMIKA S N,3rd Year,P,
2026-10-05,24UCB109,BOOMIKA S N,3rd Year,P,
2026-08-03,24UCB116,HASIKA B,3rd Year,P,
2026-08-04,24UCB116,HASIKA B,3rd Year,P,
2026-08-05,24UCB116,HASIKA B,3rd Year,P,
2026-08-06,24UCB116,HASIKA B,3rd Year,A,
2026-08-07,24UCB116,HASIKA B,3rd Year,P,
2026-08-10,24UCB116,HASIKA B,3rd Year,P,
2026-08-11,24UCB116,HASIKA B,3rd Year,P,
2026-08-12,24UCB116,HASIKA B,3rd Year,P,
2026-08-13,24UCB116,HASIKA B,3rd Year,P,
2026-08-14,24UCB116,HASIKA B,3rd Year,P,
2026-08-17,24UCB116,HASIKA B,3rd Year,P,
2026-08-18,24UCB116,HASIKA B,3rd Year,P,
2026-08-19,24UCB116,HASIKA B,3rd Year,P,
2026-08-21,24UCB116,HASIKA B,3rd Year,P,
2026-08-24,24UCB116,HASIKA B,3rd Year,P,
2026-08-25,24UCB116,HASIKA B,3rd Year,A,
2026-09-07,24UCB116,HASIKA B,3rd Year,P,
2026-09-08,24UCB116,HASIKA B,3rd Year,A,
2026-09-09,24UCB116,HASIKA B,3rd Year,P,
2026-09-10,24UCB116,HASIKA B,3rd Year,P,
2026-09-11,24UCB116,HASIKA B,3rd Year,P,
2026-09-15,24UCB116,HASIKA B,3rd Year,A,
2026-09-16,24UCB116,HASIKA B,3rd Year,P,
2026-09-17,24UCB116,HASIKA B,3rd Year,P,
2026-09-18,24UCB116,HASIKA B,3rd Year,P,
2026-09-21,24UCB116,HASIKA B,3rd Year,P,
2026-09-22,24UCB116,HASIKA B,3rd Year,P,
2026-09-23,24UCB116,HASIKA B,3rd Year,P,
2026-09-24,24UCB116,HASIKA B,3rd Year,P,
2026-09-25,24UCB116,HASIKA B,3rd Year,P,
2026-09-28,24UCB116,HASIKA B,3rd Year,P,
2026-09-29,24UCB116,HASIKA B,3rd Year,P,
2026-09-30,24UCB116,HASIKA B,3rd Year,P,
2026-10-01,24UCB116,HASIKA B,3rd Year,P,
2026-10-05,24UCB116,HASIKA B,3rd Year,P,
2026-08-03,24UCB127,MOHAMED FAIZAL A,3rd Year,P,
2026-08-04,24UCB127,MOHAMED FAIZAL A,3rd Year,P,
2026-08-05,24UCB127,MOHAMED FAIZAL A,3rd Year,P,
2026-08-06,24UCB127,MOHAMED FAIZAL A,3rd Year,P,
2026-08-07,24UCB127,MOHAMED FAIZAL A,3rd Year,P,
2026-08-10,24UCB127,MOHAMED FAIZAL A,3rd Year,P,
2026-08-11,24UCB127,MOHAMED FAIZAL A,3rd Year,P,
2026-08-12,24UCB127,MOHAMED FAIZAL A,3rd Year,P,
2026-08-13,24UCB127,MOHAMED FAIZAL A,3rd Year,A,
2026-08-14,24UCB127,MOHAMED FAIZAL A,3rd Year,P,
2026-08-17,24UCB127,MOHAMED FAIZAL A,3rd Year,P,
2026-08-18,24UCB127,MOHAMED FAIZAL A,3rd Year,P,
2026-08-19,24UCB127,MOHAMED FAIZAL A,3rd Year,P,
2026-08-21,24UCB127,MOHAMED FAIZAL A,3rd Year,P,
2026-08-24,24UCB127,MOHAMED FAIZAL A,3rd Year,P,
2026-08-25,24UCB127,MOHAMED FAIZAL A,3rd Year,A,
2026-09-07,24UCB127,MOHAMED FAIZAL A,3rd Year,P,
2026-09-08,24UCB127,MOHAMED FAIZAL A,3rd Year,P,
2026-09-09,24UCB127,MOHAMED FAIZAL A,3rd Year,P,
2026-09-10,24UCB127,MOHAMED FAIZAL A,3rd Year,P,
2026-09-11,24UCB127,MOHAMED FAIZAL A,3rd Year,P,
2026-09-15,24UCB127,MOHAMED FAIZAL A,3rd Year,P,
2026-09-16,24UCB127,MOHAMED FAIZAL A,3rd Year,P,
2026-09-17,24UCB127,MOHAMED FAIZAL A,3rd Year,P,
2026-09-18,24UCB127,MOHAMED FAIZAL A,3rd Year,A,
2026-09-21,24UCB127,MOHAMED FAIZAL A,3rd Year,P,
2026-09-22,24UCB127,MOHAMED FAIZAL A,3rd Year,P,
2026-09-23,24UCB127,MOHAMED FAIZAL A,3rd Year,P,
2026-09-24,24UCB127,MOHAMED FAIZAL A,3rd Year,P,
2026-09-25,24UCB127,MOHAMED FAIZAL A,3rd Year,A,
2026-09-28,24UCB127,MOHAMED FAIZAL A,3rd Year,P,
2026-09-29,24UCB127,MOHAMED FAIZAL A,3rd Year,P,
2026-09-30,24UCB127,MOHAMED FAIZAL A,3rd Year,P,
2026-10-01,24UCB127,MOHAMED FAIZAL A,3rd Year,P,
2026-10-05,24UCB127,MOHAMED FAIZAL A,3rd Year,P,
2026-08-03,24UCB129,MONISHA K,3rd Year,P,
2026-08-04,24UCB129,MONISHA K,3rd Year,P,
2026-08-05,24UCB129,MONISHA K,3rd Year,P,
2026-08-06,24UCB129,MONISHA K,3rd Year,P,
2026-08-07,24UCB129,MONISHA K,3rd Year,P,
2026-08-10,24UCB129,MONISHA K,3rd Year,P,
2026-08-11,24UCB129,MONISHA K,3rd Year,P,
2026-08-12,24UCB129,MONISHA K,3rd Year,P,
2026-08-13,24UCB129,MONISHA K,3rd Year,P,
2026-08-14,24UCB129,MONISHA K,3rd Year,P,
2026-08-17,24UCB129,MONISHA K,3rd Year,P,
2026-08-18,24UCB129,MONISHA K,3rd Year,P,
2026-08-19,24UCB129,MONISHA K,3rd Year,P,
2026-08-21,24UCB129,MONISHA K,3rd Year,A,
2026-08-24,24UCB129,MONISHA K,3rd Year,A,
2026-08-25,24UCB129,MONISHA K,3rd Year,A,
2026-09-07,24UCB129,MONISHA K,3rd Year,P,
2026-09-08,24UCB129,MONISHA K,3rd Year,P,
2026-09-09,24UCB129,MONISHA K,3rd Year,P,
2026-09-10,24UCB129,MONISHA K,3rd Year,P,
2026-09-11,24UCB129,MONISHA K,3rd Year,P,
2026-09-15,24UCB129,MONISHA K,3rd Year,P,
2026-09-16,24UCB129,MONISHA K,3rd Year,P,
2026-09-17,24UCB129,MONISHA K,3rd Year,P,
2026-09-18,24UCB129,MONISHA K,3rd Year,A,
2026-09-21,24UCB129,MONISHA K,3rd Year,A,
2026-09-22,24UCB129,MONISHA K,3rd Year,P,
2026-09-23,24UCB129,MONISHA K,3rd Year,P,
2026-09-24,24UCB129,MONISHA K,3rd Year,P,
2026-09-25,24UCB129,MONISHA K,3rd Year,A,
2026-09-28,24UCB129,MONISHA K,3rd Year,P,
2026-09-29,24UCB129,MONISHA K,3rd Year,P,
2026-09-30,24UCB129,MONISHA K,3rd Year,P,
2026-10-01,24UCB129,MONISHA K,3rd Year,A,
2026-10-05,24UCB129,MONISHA K,3rd Year,A,
2026-08-03,24UCB131,MUTHAMIL ARASI M,3rd Year,P,
2026-08-04,24UCB131,MUTHAMIL ARASI M,3rd Year,P,
2026-08-05,24UCB131,MUTHAMIL ARASI M,3rd Year,P,
2026-08-06,24UCB131,MUTHAMIL ARASI M,3rd Year,P,
2026-08-07,24UCB131,MUTHAMIL ARASI M,3rd Year,P,
2026-08-10,24UCB131,MUTHAMIL ARASI M,3rd Year,P,
2026-08-11,24UCB131,MUTHAMIL ARASI M,3rd Year,P,
2026-08-12,24UCB131,MUTHAMIL ARASI M,3rd Year,P,
2026-08-13,24UCB131,MUTHAMIL ARASI M,3rd Year,A,
2026-08-14,24UCB131,MUTHAMIL ARASI M,3rd Year,P,
2026-08-17,24UCB131,MUTHAMIL ARASI M,3rd Year,A,
2026-08-18,24UCB131,MUTHAMIL ARASI M,3rd Year,P,
2026-08-19,24UCB131,MUTHAMIL ARASI M,3rd Year,P,
2026-08-21,24UCB131,MUTHAMIL ARASI M,3rd Year,P,
2026-08-24,24UCB131,MUTHAMIL ARASI M,3rd Year,P,
2026-08-25,24UCB131,MUTHAMIL ARASI M,3rd Year,P,
2026-09-07,24UCB131,MUTHAMIL ARASI M,3rd Year,P,
2026-09-08,24UCB131,MUTHAMIL ARASI M,3rd Year,P,
2026-09-09,24UCB131,MUTHAMIL ARASI M,3rd Year,P,
2026-09-10,24UCB131,MUTHAMIL ARASI M,3rd Year,P,
2026-09-11,24UCB131,MUTHAMIL ARASI M,3rd Year,P,
2026-09-15,24UCB131,MUTHAMIL ARASI M,3rd Year,A,
2026-09-16,24UCB131,MUTHAMIL ARASI M,3rd Year,A,
2026-09-17,24UCB131,MUTHAMIL ARASI M,3rd Year,P,
2026-09-18,24UCB131,MUTHAMIL ARASI M,3rd Year,P,
2026-09-21,24UCB131,MUTHAMIL ARASI M,3rd Year,P,
2026-09-22,24UCB131,MUTHAMIL ARASI M,3rd Year,P,
2026-09-23,24UCB131,MUTHAMIL ARASI M,3rd Year,P,
2026-09-24,24UCB131,MUTHAMIL ARASI M,3rd Year,P,
2026-09-25,24UCB131,MUTHAMIL ARASI M,3rd Year,P,
2026-09-28,24UCB131,MUTHAMIL ARASI M,3rd Year,P,
2026-09-29,24UCB131,MUTHAMIL ARASI M,3rd Year,P,
2026-09-30,24UCB131,MUTHAMIL ARASI M,3rd Year,P,
2026-10-01,24UCB131,MUTHAMIL ARASI M,3rd Year,P,
2026-10-05,24UCB131,MUTHAMIL ARASI M,3rd Year,P,
2026-08-03,24UCB154,SIVA RAMA LAKSHMI C,3rd Year,P,
2026-08-04,24UCB154,SIVA RAMA LAKSHMI C,3rd Year,P,
2026-08-05,24UCB154,SIVA RAMA LAKSHMI C,3rd Year,P,
2026-08-06,24UCB154,SIVA RAMA LAKSHMI C,3rd Year,P,
2026-08-07,24UCB154,SIVA RAMA LAKSHMI C,3rd Year,P,
2026-08-10,24UCB154,SIVA RAMA LAKSHMI C,3rd Year,P,
2026-08-11,24UCB154,SIVA RAMA LAKSHMI C,3rd Year,P,
2026-08-12,24UCB154,SIVA RAMA LAKSHMI C,3rd Year,P,
2026-08-13,24UCB154,SIVA RAMA LAKSHMI C,3rd Year,P,
2026-08-14,24UCB154,SIVA RAMA LAKSHMI C,3rd Year,P,
2026-08-17,24UCB154,SIVA RAMA LAKSHMI C,3rd Year,P,
2026-08-18,24UCB154,SIVA RAMA LAKSHMI C,3rd Year,P,
2026-08-19,24UCB154,SIVA RAMA LAKSHMI C,3rd Year,P,
2026-08-21,24UCB154,SIVA RAMA LAKSHMI C,3rd Year,P,
2026-08-24,24UCB154,SIVA RAMA LAKSHMI C,3rd Year,A,
2026-08-25,24UCB154,SIVA RAMA LAKSHMI C,3rd Year,A,
2026-09-07,24UCB154,SIVA RAMA LAKSHMI C,3rd Year,P,
2026-09-08,24UCB154,SIVA RAMA LAKSHMI C,3rd Year,P,
2026-09-09,24UCB154,SIVA RAMA LAKSHMI C,3rd Year,P,
2026-09-10,24UCB154,SIVA RAMA LAKSHMI C,3rd Year,P,
2026-09-11,24UCB154,SIVA RAMA LAKSHMI C,3rd Year,P,
2026-09-15,24UCB154,SIVA RAMA LAKSHMI C,3rd Year,P,
2026-09-16,24UCB154,SIVA RAMA LAKSHMI C,3rd Year,P,
2026-09-17,24UCB154,SIVA RAMA LAKSHMI C,3rd Year,P,
2026-09-18,24UCB154,SIVA RAMA LAKSHMI C,3rd Year,P,
2026-09-21,24UCB154,SIVA RAMA LAKSHMI C,3rd Year,P,
2026-09-22,24UCB154,SIVA RAMA LAKSHMI C,3rd Year,P,
2026-09-23,24UCB154,SIVA RAMA LAKSHMI C,3rd Year,P,
2026-09-24,24UCB154,SIVA RAMA LAKSHMI C,3rd Year,P,
2026-09-25,24UCB154,SIVA RAMA LAKSHMI C,3rd Year,A,
2026-09-28,24UCB154,SIVA RAMA LAKSHMI C,3rd Year,P,
2026-09-29,24UCB154,SIVA RAMA LAKSHMI C,3rd Year,P,
2026-09-30,24UCB154,SIVA RAMA LAKSHMI C,3rd Year,P,
2026-10-01,24UCB154,SIVA RAMA LAKSHMI C,3rd Year,P,
2026-10-05,24UCB154,SIVA RAMA LAKSHMI C,3rd Year,P,
2026-08-03,24UCB155,SUDARSHAN S,3rd Year,P,
2026-08-04,24UCB155,SUDARSHAN S,3rd Year,P,
2026-08-05,24UCB155,SUDARSHAN S,3rd Year,P,
2026-08-06,24UCB155,SUDARSHAN S,3rd Year,P,
2026-08-07,24UCB155,SUDARSHAN S,3rd Year,A,
2026-08-10,24UCB155,SUDARSHAN S,3rd Year,A,
2026-08-11,24UCB155,SUDARSHAN S,3rd Year,A,
2026-08-12,24UCB155,SUDARSHAN S,3rd Year,A,
2026-08-13,24UCB155,SUDARSHAN S,3rd Year,A,
2026-08-14,24UCB155,SUDARSHAN S,3rd Year,P,
2026-08-17,24UCB155,SUDARSHAN S,3rd Year,P,
2026-08-18,24UCB155,SUDARSHAN S,3rd Year,A,
2026-08-19,24UCB155,SUDARSHAN S,3rd Year,A,
2026-08-21,24UCB155,SUDARSHAN S,3rd Year,P,
2026-08-24,24UCB155,SUDARSHAN S,3rd Year,P,
2026-08-25,24UCB155,SUDARSHAN S,3rd Year,A,
2026-09-07,24UCB155,SUDARSHAN S,3rd Year,A,
2026-09-08,24UCB155,SUDARSHAN S,3rd Year,A,
2026-09-09,24UCB155,SUDARSHAN S,3rd Year,P,
2026-09-10,24UCB155,SUDARSHAN S,3rd Year,A,
2026-09-11,24UCB155,SUDARSHAN S,3rd Year,A,
2026-09-15,24UCB155,SUDARSHAN S,3rd Year,A,
2026-09-16,24UCB155,SUDARSHAN S,3rd Year,A,
2026-09-17,24UCB155,SUDARSHAN S,3rd Year,A,
2026-09-18,24UCB155,SUDARSHAN S,3rd Year,A,
2026-09-21,24UCB155,SUDARSHAN S,3rd Year,A,
2026-09-22,24UCB155,SUDARSHAN S,3rd Year,A,
2026-09-23,24UCB155,SUDARSHAN S,3rd Year,A,
2026-09-24,24UCB155,SUDARSHAN S,3rd Year,A,
2026-09-25,24UCB155,SUDARSHAN S,3rd Year,A,
2026-09-28,24UCB155,SUDARSHAN S,3rd Year,A,
2026-09-29,24UCB155,SUDARSHAN S,3rd Year,A,
2026-09-30,24UCB155,SUDARSHAN S,3rd Year,A,
2026-10-01,24UCB155,SUDARSHAN S,3rd Year,A,
2026-10-05,24UCB155,SUDARSHAN S,3rd Year,A,
2026-08-03,24UCB603,NETHRA K,3rd Year,A,
2026-08-04,24UCB603,NETHRA K,3rd Year,P,
2026-08-05,24UCB603,NETHRA K,3rd Year,P,
2026-08-06,24UCB603,NETHRA K,3rd Year,P,
2026-08-07,24UCB603,NETHRA K,3rd Year,P,
2026-08-10,24UCB603,NETHRA K,3rd Year,A,
2026-08-11,24UCB603,NETHRA K,3rd Year,P,
2026-08-12,24UCB603,NETHRA K,3rd Year,P,
2026-08-13,24UCB603,NETHRA K,3rd Year,P,
2026-08-14,24UCB603,NETHRA K,3rd Year,P,
2026-08-17,24UCB603,NETHRA K,3rd Year,P,
2026-08-18,24UCB603,NETHRA K,3rd Year,P,
2026-08-19,24UCB603,NETHRA K,3rd Year,P,
2026-08-21,24UCB603,NETHRA K,3rd Year,P,
2026-08-24,24UCB603,NETHRA K,3rd Year,P,
2026-08-25,24UCB603,NETHRA K,3rd Year,A,
2026-09-07,24UCB603,NETHRA K,3rd Year,P,
2026-09-08,24UCB603,NETHRA K,3rd Year,P,
2026-09-09,24UCB603,NETHRA K,3rd Year,P,
2026-09-10,24UCB603,NETHRA K,3rd Year,P,
2026-09-11,24UCB603,NETHRA K,3rd Year,P,
2026-09-15,24UCB603,NETHRA K,3rd Year,P,
2026-09-16,24UCB603,NETHRA K,3rd Year,P,
2026-09-17,24UCB603,NETHRA K,3rd Year,P,
2026-09-18,24UCB603,NETHRA K,3rd Year,P,
2026-09-21,24UCB603,NETHRA K,3rd Year,P,
2026-09-22,24UCB603,NETHRA K,3rd Year,P,
2026-09-23,24UCB603,NETHRA K,3rd Year,P,
2026-09-24,24UCB603,NETHRA K,3rd Year,P,
2026-09-25,24UCB603,NETHRA K,3rd Year,A,
2026-09-28,24UCB603,NETHRA K,3rd Year,P,
2026-09-29,24UCB603,NETHRA K,3rd Year,P,
2026-09-30,24UCB603,NETHRA K,3rd Year,P,
2026-10-01,24UCB603,NETHRA K,3rd Year,P,
2026-10-05,24UCB603,NETHRA K,3rd Year,P,
2026-08-03,24UCS107,ANBU V,3rd Year,P,
2026-08-04,24UCS107,ANBU V,3rd Year,P,
2026-08-05,24UCS107,ANBU V,3rd Year,P,
2026-08-06,24UCS107,ANBU V,3rd Year,P,
2026-08-07,24UCS107,ANBU V,3rd Year,P,
2026-08-10,24UCS107,ANBU V,3rd Year,P,
2026-08-11,24UCS107,ANBU V,3rd Year,P,
2026-08-12,24UCS107,ANBU V,3rd Year,P,
2026-08-13,24UCS107,ANBU V,3rd Year,P,
2026-08-14,24UCS107,ANBU V,3rd Year,P,
2026-08-17,24UCS107,ANBU V,3rd Year,P,
2026-08-18,24UCS107,ANBU V,3rd Year,P,
2026-08-19,24UCS107,ANBU V,3rd Year,P,
2026-08-21,24UCS107,ANBU V,3rd Year,P,
2026-08-24,24UCS107,ANBU V,3rd Year,A,
2026-08-25,24UCS107,ANBU V,3rd Year,P,
2026-09-07,24UCS107,ANBU V,3rd Year,P,
2026-09-08,24UCS107,ANBU V,3rd Year,P,
2026-09-09,24UCS107,ANBU V,3rd Year,P,
2026-09-10,24UCS107,ANBU V,3rd Year,P,
2026-09-11,24UCS107,ANBU V,3rd Year,P,
2026-09-15,24UCS107,ANBU V,3rd Year,P,
2026-09-16,24UCS107,ANBU V,3rd Year,P,
2026-09-17,24UCS107,ANBU V,3rd Year,P,
2026-09-18,24UCS107,ANBU V,3rd Year,P,
2026-09-21,24UCS107,ANBU V,3rd Year,P,
2026-09-22,24UCS107,ANBU V,3rd Year,P,
2026-09-23,24UCS107,ANBU V,3rd Year,P,
2026-09-24,24UCS107,ANBU V,3rd Year,P,
2026-09-25,24UCS107,ANBU V,3rd Year,P,
2026-09-28,24UCS107,ANBU V,3rd Year,P,
2026-09-29,24UCS107,ANBU V,3rd Year,P,
2026-09-30,24UCS107,ANBU V,3rd Year,P,
2026-10-01,24UCS107,ANBU V,3rd Year,P,
2026-10-05,24UCS107,ANBU V,3rd Year,P,
2026-08-03,24UCS111,ARJUN S,3rd Year,P,
2026-08-04,24UCS111,ARJUN S,3rd Year,P,
2026-08-05,24UCS111,ARJUN S,3rd Year,P,
2026-08-06,24UCS111,ARJUN S,3rd Year,P,
2026-08-07,24UCS111,ARJUN S,3rd Year,P,
2026-08-10,24UCS111,ARJUN S,3rd Year,P,
2026-08-11,24UCS111,ARJUN S,3rd Year,P,
2026-08-12,24UCS111,ARJUN S,3rd Year,P,
2026-08-13,24UCS111,ARJUN S,3rd Year,P,
2026-08-14,24UCS111,ARJUN S,3rd Year,P,
2026-08-17,24UCS111,ARJUN S,3rd Year,P,
2026-08-18,24UCS111,ARJUN S,3rd Year,P,
2026-08-19,24UCS111,ARJUN S,3rd Year,P,
2026-08-21,24UCS111,ARJUN S,3rd Year,P,
2026-08-24,24UCS111,ARJUN S,3rd Year,P,
2026-08-25,24UCS111,ARJUN S,3rd Year,P,
2026-09-07,24UCS111,ARJUN S,3rd Year,P,
2026-09-08,24UCS111,ARJUN S,3rd Year,P,
2026-09-09,24UCS111,ARJUN S,3rd Year,P,
2026-09-10,24UCS111,ARJUN S,3rd Year,P,
2026-09-11,24UCS111,ARJUN S,3rd Year,P,
2026-09-15,24UCS111,ARJUN S,3rd Year,P,
2026-09-16,24UCS111,ARJUN S,3rd Year,P,
2026-09-17,24UCS111,ARJUN S,3rd Year,P,
2026-09-18,24UCS111,ARJUN S,3rd Year,P,
2026-09-21,24UCS111,ARJUN S,3rd Year,P,
2026-09-22,24UCS111,ARJUN S,3rd Year,A,
2026-09-23,24UCS111,ARJUN S,3rd Year,P,
2026-09-24,24UCS111,ARJUN S,3rd Year,P,
2026-09-25,24UCS111,ARJUN S,3rd Year,P,
2026-09-28,24UCS111,ARJUN S,3rd Year,P,
2026-09-29,24UCS111,ARJUN S,3rd Year,P,
2026-09-30,24UCS111,ARJUN S,3rd Year,P,
2026-10-01,24UCS111,ARJUN S,3rd Year,P,
2026-10-05,24UCS111,ARJUN S,3rd Year,P,
2026-08-03,24UCS113,ASHRUDI V,3rd Year,A,
2026-08-04,24UCS113,ASHRUDI V,3rd Year,P,
2026-08-05,24UCS113,ASHRUDI V,3rd Year,P,
2026-08-06,24UCS113,ASHRUDI V,3rd Year,P,
2026-08-07,24UCS113,ASHRUDI V,3rd Year,P,
2026-08-10,24UCS113,ASHRUDI V,3rd Year,P,
2026-08-11,24UCS113,ASHRUDI V,3rd Year,P,
2026-08-12,24UCS113,ASHRUDI V,3rd Year,P,
2026-08-13,24UCS113,ASHRUDI V,3rd Year,P,
2026-08-14,24UCS113,ASHRUDI V,3rd Year,P,
2026-08-17,24UCS113,ASHRUDI V,3rd Year,A,
2026-08-18,24UCS113,ASHRUDI V,3rd Year,A,
2026-08-19,24UCS113,ASHRUDI V,3rd Year,A,
2026-08-21,24UCS113,ASHRUDI V,3rd Year,P,
2026-08-24,24UCS113,ASHRUDI V,3rd Year,A,
2026-08-25,24UCS113,ASHRUDI V,3rd Year,A,
2026-09-07,24UCS113,ASHRUDI V,3rd Year,A,
2026-09-08,24UCS113,ASHRUDI V,3rd Year,P,
2026-09-09,24UCS113,ASHRUDI V,3rd Year,P,
2026-09-10,24UCS113,ASHRUDI V,3rd Year,P,
2026-09-11,24UCS113,ASHRUDI V,3rd Year,A,
2026-09-15,24UCS113,ASHRUDI V,3rd Year,A,
2026-09-16,24UCS113,ASHRUDI V,3rd Year,P,
2026-09-17,24UCS113,ASHRUDI V,3rd Year,P,
2026-09-18,24UCS113,ASHRUDI V,3rd Year,A,
2026-09-21,24UCS113,ASHRUDI V,3rd Year,P,
2026-09-22,24UCS113,ASHRUDI V,3rd Year,P,
2026-09-23,24UCS113,ASHRUDI V,3rd Year,P,
2026-09-24,24UCS113,ASHRUDI V,3rd Year,P,
2026-09-25,24UCS113,ASHRUDI V,3rd Year,P,
2026-09-28,24UCS113,ASHRUDI V,3rd Year,A,
2026-09-29,24UCS113,ASHRUDI V,3rd Year,P,
2026-09-30,24UCS113,ASHRUDI V,3rd Year,P,
2026-10-01,24UCS113,ASHRUDI V,3rd Year,P,
2026-10-05,24UCS113,ASHRUDI V,3rd Year,A,
2026-08-03,24UCS117,BALASUBRAMANIYAN S,3rd Year,P,
2026-08-04,24UCS117,BALASUBRAMANIYAN S,3rd Year,P,
2026-08-05,24UCS117,BALASUBRAMANIYAN S,3rd Year,P,
2026-08-06,24UCS117,BALASUBRAMANIYAN S,3rd Year,P,
2026-08-07,24UCS117,BALASUBRAMANIYAN S,3rd Year,P,
2026-08-10,24UCS117,BALASUBRAMANIYAN S,3rd Year,P,
2026-08-11,24UCS117,BALASUBRAMANIYAN S,3rd Year,P,
2026-08-12,24UCS117,BALASUBRAMANIYAN S,3rd Year,P,
2026-08-13,24UCS117,BALASUBRAMANIYAN S,3rd Year,A,
2026-08-14,24UCS117,BALASUBRAMANIYAN S,3rd Year,A,
2026-08-17,24UCS117,BALASUBRAMANIYAN S,3rd Year,A,
2026-08-18,24UCS117,BALASUBRAMANIYAN S,3rd Year,A,
2026-08-19,24UCS117,BALASUBRAMANIYAN S,3rd Year,A,
2026-08-21,24UCS117,BALASUBRAMANIYAN S,3rd Year,A,
2026-08-24,24UCS117,BALASUBRAMANIYAN S,3rd Year,A,
2026-08-25,24UCS117,BALASUBRAMANIYAN S,3rd Year,A,
2026-09-07,24UCS117,BALASUBRAMANIYAN S,3rd Year,A,
2026-09-08,24UCS117,BALASUBRAMANIYAN S,3rd Year,A,
2026-09-09,24UCS117,BALASUBRAMANIYAN S,3rd Year,A,
2026-09-10,24UCS117,BALASUBRAMANIYAN S,3rd Year,A,
2026-09-11,24UCS117,BALASUBRAMANIYAN S,3rd Year,A,
2026-09-15,24UCS117,BALASUBRAMANIYAN S,3rd Year,A,
2026-09-16,24UCS117,BALASUBRAMANIYAN S,3rd Year,A,
2026-09-17,24UCS117,BALASUBRAMANIYAN S,3rd Year,A,
2026-09-18,24UCS117,BALASUBRAMANIYAN S,3rd Year,A,
2026-09-21,24UCS117,BALASUBRAMANIYAN S,3rd Year,A,
2026-09-22,24UCS117,BALASUBRAMANIYAN S,3rd Year,A,
2026-09-23,24UCS117,BALASUBRAMANIYAN S,3rd Year,A,
2026-09-24,24UCS117,BALASUBRAMANIYAN S,3rd Year,A,
2026-09-25,24UCS117,BALASUBRAMANIYAN S,3rd Year,A,
2026-09-28,24UCS117,BALASUBRAMANIYAN S,3rd Year,A,
2026-09-29,24UCS117,BALASUBRAMANIYAN S,3rd Year,A,
2026-09-30,24UCS117,BALASUBRAMANIYAN S,3rd Year,A,
2026-10-01,24UCS117,BALASUBRAMANIYAN S,3rd Year,A,
2026-10-05,24UCS117,BALASUBRAMANIYAN S,3rd Year,A,
2026-08-03,24UCS129,DURGESH S K,3rd Year,P,
2026-08-04,24UCS129,DURGESH S K,3rd Year,P,
2026-08-05,24UCS129,DURGESH S K,3rd Year,P,
2026-08-06,24UCS129,DURGESH S K,3rd Year,P,
2026-08-07,24UCS129,DURGESH S K,3rd Year,P,
2026-08-10,24UCS129,DURGESH S K,3rd Year,P,
2026-08-11,24UCS129,DURGESH S K,3rd Year,P,
2026-08-12,24UCS129,DURGESH S K,3rd Year,P,
2026-08-13,24UCS129,DURGESH S K,3rd Year,P,
2026-08-14,24UCS129,DURGESH S K,3rd Year,P,
2026-08-17,24UCS129,DURGESH S K,3rd Year,P,
2026-08-18,24UCS129,DURGESH S K,3rd Year,P,
2026-08-19,24UCS129,DURGESH S K,3rd Year,P,
2026-08-21,24UCS129,DURGESH S K,3rd Year,P,
2026-08-24,24UCS129,DURGESH S K,3rd Year,P,
2026-08-25,24UCS129,DURGESH S K,3rd Year,P,
2026-09-07,24UCS129,DURGESH S K,3rd Year,P,
2026-09-08,24UCS129,DURGESH S K,3rd Year,P,
2026-09-09,24UCS129,DURGESH S K,3rd Year,P,
2026-09-10,24UCS129,DURGESH S K,3rd Year,P,
2026-09-11,24UCS129,DURGESH S K,3rd Year,P,
2026-09-15,24UCS129,DURGESH S K,3rd Year,P,
2026-09-16,24UCS129,DURGESH S K,3rd Year,P,
2026-09-17,24UCS129,DURGESH S K,3rd Year,P,
2026-09-18,24UCS129,DURGESH S K,3rd Year,P,
2026-09-21,24UCS129,DURGESH S K,3rd Year,P,
2026-09-22,24UCS129,DURGESH S K,3rd Year,P,
2026-09-23,24UCS129,DURGESH S K,3rd Year,P,
2026-09-24,24UCS129,DURGESH S K,3rd Year,P,
2026-09-25,24UCS129,DURGESH S K,3rd Year,P,
2026-09-28,24UCS129,DURGESH S K,3rd Year,P,
2026-09-29,24UCS129,DURGESH S K,3rd Year,P,
2026-09-30,24UCS129,DURGESH S K,3rd Year,P,
2026-10-01,24UCS129,DURGESH S K,3rd Year,P,
2026-10-05,24UCS129,DURGESH S K,3rd Year,P,
2026-08-03,24UCS143,JEREMIAH JEFRY G,3rd Year,P,
2026-08-04,24UCS143,JEREMIAH JEFRY G,3rd Year,P,
2026-08-05,24UCS143,JEREMIAH JEFRY G,3rd Year,A,
2026-08-06,24UCS143,JEREMIAH JEFRY G,3rd Year,A,
2026-08-07,24UCS143,JEREMIAH JEFRY G,3rd Year,A,
2026-08-10,24UCS143,JEREMIAH JEFRY G,3rd Year,A,
2026-08-11,24UCS143,JEREMIAH JEFRY G,3rd Year,A,
2026-08-12,24UCS143,JEREMIAH JEFRY G,3rd Year,A,
2026-08-13,24UCS143,JEREMIAH JEFRY G,3rd Year,A,
2026-08-14,24UCS143,JEREMIAH JEFRY G,3rd Year,P,
2026-08-17,24UCS143,JEREMIAH JEFRY G,3rd Year,A,
2026-08-18,24UCS143,JEREMIAH JEFRY G,3rd Year,A,
2026-08-19,24UCS143,JEREMIAH JEFRY G,3rd Year,A,
2026-08-21,24UCS143,JEREMIAH JEFRY G,3rd Year,A,
2026-08-24,24UCS143,JEREMIAH JEFRY G,3rd Year,A,
2026-08-25,24UCS143,JEREMIAH JEFRY G,3rd Year,A,
2026-09-07,24UCS143,JEREMIAH JEFRY G,3rd Year,A,
2026-09-08,24UCS143,JEREMIAH JEFRY G,3rd Year,A,
2026-09-09,24UCS143,JEREMIAH JEFRY G,3rd Year,A,
2026-09-10,24UCS143,JEREMIAH JEFRY G,3rd Year,A,
2026-09-11,24UCS143,JEREMIAH JEFRY G,3rd Year,A,
2026-09-15,24UCS143,JEREMIAH JEFRY G,3rd Year,A,
2026-09-16,24UCS143,JEREMIAH JEFRY G,3rd Year,A,
2026-09-17,24UCS143,JEREMIAH JEFRY G,3rd Year,A,
2026-09-18,24UCS143,JEREMIAH JEFRY G,3rd Year,A,
2026-09-21,24UCS143,JEREMIAH JEFRY G,3rd Year,A,
2026-09-22,24UCS143,JEREMIAH JEFRY G,3rd Year,P,
2026-09-23,24UCS143,JEREMIAH JEFRY G,3rd Year,A,
2026-09-24,24UCS143,JEREMIAH JEFRY G,3rd Year,A,
2026-09-25,24UCS143,JEREMIAH JEFRY G,3rd Year,A,
2026-09-28,24UCS143,JEREMIAH JEFRY G,3rd Year,A,
2026-09-29,24UCS143,JEREMIAH JEFRY G,3rd Year,A,
2026-09-30,24UCS143,JEREMIAH JEFRY G,3rd Year,A,
2026-10-01,24UCS143,JEREMIAH JEFRY G,3rd Year,A,
2026-10-05,24UCS143,JEREMIAH JEFRY G,3rd Year,A,
2026-08-03,24UCS144,JERIL A,3rd Year,P,
2026-08-04,24UCS144,JERIL A,3rd Year,P,
2026-08-05,24UCS144,JERIL A,3rd Year,P,
2026-08-06,24UCS144,JERIL A,3rd Year,P,
2026-08-07,24UCS144,JERIL A,3rd Year,P,
2026-08-10,24UCS144,JERIL A,3rd Year,P,
2026-08-11,24UCS144,JERIL A,3rd Year,P,
2026-08-12,24UCS144,JERIL A,3rd Year,P,
2026-08-13,24UCS144,JERIL A,3rd Year,A,
2026-08-14,24UCS144,JERIL A,3rd Year,A,
2026-08-17,24UCS144,JERIL A,3rd Year,P,
2026-08-18,24UCS144,JERIL A,3rd Year,P,
2026-08-19,24UCS144,JERIL A,3rd Year,P,
2026-08-21,24UCS144,JERIL A,3rd Year,P,
2026-08-24,24UCS144,JERIL A,3rd Year,A,
2026-08-25,24UCS144,JERIL A,3rd Year,P,
2026-09-07,24UCS144,JERIL A,3rd Year,P,
2026-09-08,24UCS144,JERIL A,3rd Year,A,
2026-09-09,24UCS144,JERIL A,3rd Year,A,
2026-09-10,24UCS144,JERIL A,3rd Year,A,
2026-09-11,24UCS144,JERIL A,3rd Year,P,
2026-09-15,24UCS144,JERIL A,3rd Year,P,
2026-09-16,24UCS144,JERIL A,3rd Year,P,
2026-09-17,24UCS144,JERIL A,3rd Year,P,
2026-09-18,24UCS144,JERIL A,3rd Year,P,
2026-09-21,24UCS144,JERIL A,3rd Year,A,
2026-09-22,24UCS144,JERIL A,3rd Year,A,
2026-09-23,24UCS144,JERIL A,3rd Year,P,
2026-09-24,24UCS144,JERIL A,3rd Year,P,
2026-09-25,24UCS144,JERIL A,3rd Year,A,
2026-09-28,24UCS144,JERIL A,3rd Year,P,
2026-09-29,24UCS144,JERIL A,3rd Year,A,
2026-09-30,24UCS144,JERIL A,3rd Year,A,
2026-10-01,24UCS144,JERIL A,3rd Year,P,
2026-10-05,24UCS144,JERIL A,3rd Year,P,
2026-08-03,24UCS152,KARTHIKEYAN S N,3rd Year,P,
2026-08-04,24UCS152,KARTHIKEYAN S N,3rd Year,P,
2026-08-05,24UCS152,KARTHIKEYAN S N,3rd Year,P,
2026-08-06,24UCS152,KARTHIKEYAN S N,3rd Year,P,
2026-08-07,24UCS152,KARTHIKEYAN S N,3rd Year,P,
2026-08-10,24UCS152,KARTHIKEYAN S N,3rd Year,P,
2026-08-11,24UCS152,KARTHIKEYAN S N,3rd Year,P,
2026-08-12,24UCS152,KARTHIKEYAN S N,3rd Year,P,
2026-08-13,24UCS152,KARTHIKEYAN S N,3rd Year,P,
2026-08-14,24UCS152,KARTHIKEYAN S N,3rd Year,P,
2026-08-17,24UCS152,KARTHIKEYAN S N,3rd Year,P,
2026-08-18,24UCS152,KARTHIKEYAN S N,3rd Year,P,
2026-08-19,24UCS152,KARTHIKEYAN S N,3rd Year,P,
2026-08-21,24UCS152,KARTHIKEYAN S N,3rd Year,P,
2026-08-24,24UCS152,KARTHIKEYAN S N,3rd Year,P,
2026-08-25,24UCS152,KARTHIKEYAN S N,3rd Year,P,
2026-09-07,24UCS152,KARTHIKEYAN S N,3rd Year,A,
2026-09-08,24UCS152,KARTHIKEYAN S N,3rd Year,A,
2026-09-09,24UCS152,KARTHIKEYAN S N,3rd Year,A,
2026-09-10,24UCS152,KARTHIKEYAN S N,3rd Year,A,
2026-09-11,24UCS152,KARTHIKEYAN S N,3rd Year,A,
2026-09-15,24UCS152,KARTHIKEYAN S N,3rd Year,A,
2026-09-16,24UCS152,KARTHIKEYAN S N,3rd Year,A,
2026-09-17,24UCS152,KARTHIKEYAN S N,3rd Year,A,
2026-09-18,24UCS152,KARTHIKEYAN S N,3rd Year,A,
2026-09-21,24UCS152,KARTHIKEYAN S N,3rd Year,A,
2026-09-22,24UCS152,KARTHIKEYAN S N,3rd Year,A,
2026-09-23,24UCS152,KARTHIKEYAN S N,3rd Year,A,
2026-09-24,24UCS152,KARTHIKEYAN S N,3rd Year,A,
2026-09-25,24UCS152,KARTHIKEYAN S N,3rd Year,A,
2026-09-28,24UCS152,KARTHIKEYAN S N,3rd Year,A,
2026-09-29,24UCS152,KARTHIKEYAN S N,3rd Year,A,
2026-09-30,24UCS152,KARTHIKEYAN S N,3rd Year,A,
2026-10-01,24UCS152,KARTHIKEYAN S N,3rd Year,A,
2026-10-05,24UCS152,KARTHIKEYAN S N,3rd Year,A,
2026-08-03,24UCS153,KAVIN V,3rd Year,P,
2026-08-04,24UCS153,KAVIN V,3rd Year,P,
2026-08-05,24UCS153,KAVIN V,3rd Year,P,
2026-08-06,24UCS153,KAVIN V,3rd Year,P,
2026-08-07,24UCS153,KAVIN V,3rd Year,P,
2026-08-10,24UCS153,KAVIN V,3rd Year,P,
2026-08-11,24UCS153,KAVIN V,3rd Year,P,
2026-08-12,24UCS153,KAVIN V,3rd Year,P,
2026-08-13,24UCS153,KAVIN V,3rd Year,P,
2026-08-14,24UCS153,KAVIN V,3rd Year,P,
2026-08-17,24UCS153,KAVIN V,3rd Year,A,
2026-08-18,24UCS153,KAVIN V,3rd Year,A,
2026-08-19,24UCS153,KAVIN V,3rd Year,P,
2026-08-21,24UCS153,KAVIN V,3rd Year,P,
2026-08-24,24UCS153,KAVIN V,3rd Year,A,
2026-08-25,24UCS153,KAVIN V,3rd Year,P,
2026-09-07,24UCS153,KAVIN V,3rd Year,P,
2026-09-08,24UCS153,KAVIN V,3rd Year,A,
2026-09-09,24UCS153,KAVIN V,3rd Year,P,
2026-09-10,24UCS153,KAVIN V,3rd Year,P,
2026-09-11,24UCS153,KAVIN V,3rd Year,A,
2026-09-15,24UCS153,KAVIN V,3rd Year,A,
2026-09-16,24UCS153,KAVIN V,3rd Year,P,
2026-09-17,24UCS153,KAVIN V,3rd Year,P,
2026-09-18,24UCS153,KAVIN V,3rd Year,A,
2026-09-21,24UCS153,KAVIN V,3rd Year,P,
2026-09-22,24UCS153,KAVIN V,3rd Year,P,
2026-09-23,24UCS153,KAVIN V,3rd Year,A,
2026-09-24,24UCS153,KAVIN V,3rd Year,P,
2026-09-25,24UCS153,KAVIN V,3rd Year,P,
2026-09-28,24UCS153,KAVIN V,3rd Year,P,
2026-09-29,24UCS153,KAVIN V,3rd Year,P,
2026-09-30,24UCS153,KAVIN V,3rd Year,P,
2026-10-01,24UCS153,KAVIN V,3rd Year,P,
2026-10-05,24UCS153,KAVIN V,3rd Year,P,
2026-08-03,24UCS154,KISHORE S,3rd Year,P,
2026-08-04,24UCS154,KISHORE S,3rd Year,P,
2026-08-05,24UCS154,KISHORE S,3rd Year,P,
2026-08-06,24UCS154,KISHORE S,3rd Year,P,
2026-08-07,24UCS154,KISHORE S,3rd Year,P,
2026-08-10,24UCS154,KISHORE S,3rd Year,P,
2026-08-11,24UCS154,KISHORE S,3rd Year,P,
2026-08-12,24UCS154,KISHORE S,3rd Year,P,
2026-08-13,24UCS154,KISHORE S,3rd Year,P,
2026-08-14,24UCS154,KISHORE S,3rd Year,P,
2026-08-17,24UCS154,KISHORE S,3rd Year,P,
2026-08-18,24UCS154,KISHORE S,3rd Year,P,
2026-08-19,24UCS154,KISHORE S,3rd Year,P,
2026-08-21,24UCS154,KISHORE S,3rd Year,P,
2026-08-24,24UCS154,KISHORE S,3rd Year,P,
2026-08-25,24UCS154,KISHORE S,3rd Year,A,
2026-09-07,24UCS154,KISHORE S,3rd Year,P,
2026-09-08,24UCS154,KISHORE S,3rd Year,P,
2026-09-09,24UCS154,KISHORE S,3rd Year,P,
2026-09-10,24UCS154,KISHORE S,3rd Year,P,
2026-09-11,24UCS154,KISHORE S,3rd Year,P,
2026-09-15,24UCS154,KISHORE S,3rd Year,P,
2026-09-16,24UCS154,KISHORE S,3rd Year,P,
2026-09-17,24UCS154,KISHORE S,3rd Year,P,
2026-09-18,24UCS154,KISHORE S,3rd Year,P,
2026-09-21,24UCS154,KISHORE S,3rd Year,P,
2026-09-22,24UCS154,KISHORE S,3rd Year,A,
2026-09-23,24UCS154,KISHORE S,3rd Year,A,
2026-09-24,24UCS154,KISHORE S,3rd Year,P,
2026-09-25,24UCS154,KISHORE S,3rd Year,P,
2026-09-28,24UCS154,KISHORE S,3rd Year,P,
2026-09-29,24UCS154,KISHORE S,3rd Year,P,
2026-09-30,24UCS154,KISHORE S,3rd Year,P,
2026-10-01,24UCS154,KISHORE S,3rd Year,P,
2026-10-05,24UCS154,KISHORE S,3rd Year,P,
2026-08-03,24UCS158,MANISHA S,3rd Year,A,
2026-08-04,24UCS158,MANISHA S,3rd Year,P,
2026-08-05,24UCS158,MANISHA S,3rd Year,P,
2026-08-06,24UCS158,MANISHA S,3rd Year,P,
2026-08-07,24UCS158,MANISHA S,3rd Year,P,
2026-08-10,24UCS158,MANISHA S,3rd Year,P,
2026-08-11,24UCS158,MANISHA S,3rd Year,P,
2026-08-12,24UCS158,MANISHA S,3rd Year,P,
2026-08-13,24UCS158,MANISHA S,3rd Year,P,
2026-08-14,24UCS158,MANISHA S,3rd Year,P,
2026-08-17,24UCS158,MANISHA S,3rd Year,A,
2026-08-18,24UCS158,MANISHA S,3rd Year,A,
2026-08-19,24UCS158,MANISHA S,3rd Year,A,
2026-08-21,24UCS158,MANISHA S,3rd Year,P,
2026-08-24,24UCS158,MANISHA S,3rd Year,A,
2026-08-25,24UCS158,MANISHA S,3rd Year,P,
2026-09-07,24UCS158,MANISHA S,3rd Year,P,
2026-09-08,24UCS158,MANISHA S,3rd Year,P,
2026-09-09,24UCS158,MANISHA S,3rd Year,P,
2026-09-10,24UCS158,MANISHA S,3rd Year,P,
2026-09-11,24UCS158,MANISHA S,3rd Year,A,
2026-09-15,24UCS158,MANISHA S,3rd Year,P,
2026-09-16,24UCS158,MANISHA S,3rd Year,P,
2026-09-17,24UCS158,MANISHA S,3rd Year,P,
2026-09-18,24UCS158,MANISHA S,3rd Year,P,
2026-09-21,24UCS158,MANISHA S,3rd Year,A,
2026-09-22,24UCS158,MANISHA S,3rd Year,A,
2026-09-23,24UCS158,MANISHA S,3rd Year,A,
2026-09-24,24UCS158,MANISHA S,3rd Year,A,
2026-09-25,24UCS158,MANISHA S,3rd Year,P,
2026-09-28,24UCS158,MANISHA S,3rd Year,P,
2026-09-29,24UCS158,MANISHA S,3rd Year,P,
2026-09-30,24UCS158,MANISHA S,3rd Year,P,
2026-10-01,24UCS158,MANISHA S,3rd Year,P,
2026-10-05,24UCS158,MANISHA S,3rd Year,A,
2026-08-03,24UCS216,PRIYANGA S S,3rd Year,A,
2026-08-04,24UCS216,PRIYANGA S S,3rd Year,P,
2026-08-05,24UCS216,PRIYANGA S S,3rd Year,P,
2026-08-06,24UCS216,PRIYANGA S S,3rd Year,P,
2026-08-07,24UCS216,PRIYANGA S S,3rd Year,P,
2026-08-10,24UCS216,PRIYANGA S S,3rd Year,P,
2026-08-11,24UCS216,PRIYANGA S S,3rd Year,P,
2026-08-12,24UCS216,PRIYANGA S S,3rd Year,P,
2026-08-13,24UCS216,PRIYANGA S S,3rd Year,P,
2026-08-14,24UCS216,PRIYANGA S S,3rd Year,P,
2026-08-17,24UCS216,PRIYANGA S S,3rd Year,A,
2026-08-18,24UCS216,PRIYANGA S S,3rd Year,P,
2026-08-19,24UCS216,PRIYANGA S S,3rd Year,P,
2026-08-21,24UCS216,PRIYANGA S S,3rd Year,P,
2026-08-24,24UCS216,PRIYANGA S S,3rd Year,P,
2026-08-25,24UCS216,PRIYANGA S S,3rd Year,A,
2026-09-07,24UCS216,PRIYANGA S S,3rd Year,A,
2026-09-08,24UCS216,PRIYANGA S S,3rd Year,P,
2026-09-09,24UCS216,PRIYANGA S S,3rd Year,P,
2026-09-10,24UCS216,PRIYANGA S S,3rd Year,P,
2026-09-11,24UCS216,PRIYANGA S S,3rd Year,P,
2026-09-15,24UCS216,PRIYANGA S S,3rd Year,A,
2026-09-16,24UCS216,PRIYANGA S S,3rd Year,A,
2026-09-17,24UCS216,PRIYANGA S S,3rd Year,A,
2026-09-18,24UCS216,PRIYANGA S S,3rd Year,P,
2026-09-21,24UCS216,PRIYANGA S S,3rd Year,A,
2026-09-22,24UCS216,PRIYANGA S S,3rd Year,P,
2026-09-23,24UCS216,PRIYANGA S S,3rd Year,P,
2026-09-24,24UCS216,PRIYANGA S S,3rd Year,P,
2026-09-25,24UCS216,PRIYANGA S S,3rd Year,P,
2026-09-28,24UCS216,PRIYANGA S S,3rd Year,P,
2026-09-29,24UCS216,PRIYANGA S S,3rd Year,P,
2026-09-30,24UCS216,PRIYANGA S S,3rd Year,P,
2026-10-01,24UCS216,PRIYANGA S S,3rd Year,P,
2026-10-05,24UCS216,PRIYANGA S S,3rd Year,P,
2026-08-03,24UCS239,SHEWANTHI JENIFER CHRISTIANA,3rd Year,P,
2026-08-04,24UCS239,SHEWANTHI JENIFER CHRISTIANA,3rd Year,P,
2026-08-05,24UCS239,SHEWANTHI JENIFER CHRISTIANA,3rd Year,P,
2026-08-06,24UCS239,SHEWANTHI JENIFER CHRISTIANA,3rd Year,P,
2026-08-07,24UCS239,SHEWANTHI JENIFER CHRISTIANA,3rd Year,A,
2026-08-10,24UCS239,SHEWANTHI JENIFER CHRISTIANA,3rd Year,A,
2026-08-11,24UCS239,SHEWANTHI JENIFER CHRISTIANA,3rd Year,A,
2026-08-12,24UCS239,SHEWANTHI JENIFER CHRISTIANA,3rd Year,P,
2026-08-13,24UCS239,SHEWANTHI JENIFER CHRISTIANA,3rd Year,A,
2026-08-14,24UCS239,SHEWANTHI JENIFER CHRISTIANA,3rd Year,A,
2026-08-17,24UCS239,SHEWANTHI JENIFER CHRISTIANA,3rd Year,P,
2026-08-18,24UCS239,SHEWANTHI JENIFER CHRISTIANA,3rd Year,P,
2026-08-19,24UCS239,SHEWANTHI JENIFER CHRISTIANA,3rd Year,P,
2026-08-21,24UCS239,SHEWANTHI JENIFER CHRISTIANA,3rd Year,P,
2026-08-24,24UCS239,SHEWANTHI JENIFER CHRISTIANA,3rd Year,P,
2026-08-25,24UCS239,SHEWANTHI JENIFER CHRISTIANA,3rd Year,A,
2026-09-07,24UCS239,SHEWANTHI JENIFER CHRISTIANA,3rd Year,A,
2026-09-08,24UCS239,SHEWANTHI JENIFER CHRISTIANA,3rd Year,P,
2026-09-09,24UCS239,SHEWANTHI JENIFER CHRISTIANA,3rd Year,A,
2026-09-10,24UCS239,SHEWANTHI JENIFER CHRISTIANA,3rd Year,P,
2026-09-11,24UCS239,SHEWANTHI JENIFER CHRISTIANA,3rd Year,P,
2026-09-15,24UCS239,SHEWANTHI JENIFER CHRISTIANA,3rd Year,P,
2026-09-16,24UCS239,SHEWANTHI JENIFER CHRISTIANA,3rd Year,P,
2026-09-17,24UCS239,SHEWANTHI JENIFER CHRISTIANA,3rd Year,P,
2026-09-18,24UCS239,SHEWANTHI JENIFER CHRISTIANA,3rd Year,P,
2026-09-21,24UCS239,SHEWANTHI JENIFER CHRISTIANA,3rd Year,P,
2026-09-22,24UCS239,SHEWANTHI JENIFER CHRISTIANA,3rd Year,P,
2026-09-23,24UCS239,SHEWANTHI JENIFER CHRISTIANA,3rd Year,P,
2026-09-24,24UCS239,SHEWANTHI JENIFER CHRISTIANA,3rd Year,P,
2026-09-25,24UCS239,SHEWANTHI JENIFER CHRISTIANA,3rd Year,A,
2026-09-28,24UCS239,SHEWANTHI JENIFER CHRISTIANA,3rd Year,P,
2026-09-29,24UCS239,SHEWANTHI JENIFER CHRISTIANA,3rd Year,P,
2026-09-30,24UCS239,SHEWANTHI JENIFER CHRISTIANA,3rd Year,P,
2026-10-01,24UCS239,SHEWANTHI JENIFER CHRISTIANA,3rd Year,A,
2026-10-05,24UCS239,SHEWANTHI JENIFER CHRISTIANA,3rd Year,P,
2026-08-03,24UCS240,SHOBIK M R,3rd Year,A,
2026-08-04,24UCS240,SHOBIK M R,3rd Year,P,
2026-08-05,24UCS240,SHOBIK M R,3rd Year,P,
2026-08-06,24UCS240,SHOBIK M R,3rd Year,P,
2026-08-07,24UCS240,SHOBIK M R,3rd Year,P,
2026-08-10,24UCS240,SHOBIK M R,3rd Year,P,
2026-08-11,24UCS240,SHOBIK M R,3rd Year,P,
2026-08-12,24UCS240,SHOBIK M R,3rd Year,A,
2026-08-13,24UCS240,SHOBIK M R,3rd Year,A,
2026-08-14,24UCS240,SHOBIK M R,3rd Year,P,
2026-08-17,24UCS240,SHOBIK M R,3rd Year,A,
2026-08-18,24UCS240,SHOBIK M R,3rd Year,P,
2026-08-19,24UCS240,SHOBIK M R,3rd Year,P,
2026-08-21,24UCS240,SHOBIK M R,3rd Year,A,
2026-08-24,24UCS240,SHOBIK M R,3rd Year,A,
2026-08-25,24UCS240,SHOBIK M R,3rd Year,A,
2026-09-07,24UCS240,SHOBIK M R,3rd Year,A,
2026-09-08,24UCS240,SHOBIK M R,3rd Year,A,
2026-09-09,24UCS240,SHOBIK M R,3rd Year,A,
2026-09-10,24UCS240,SHOBIK M R,3rd Year,A,
2026-09-11,24UCS240,SHOBIK M R,3rd Year,A,
2026-09-15,24UCS240,SHOBIK M R,3rd Year,A,
2026-09-16,24UCS240,SHOBIK M R,3rd Year,A,
2026-09-17,24UCS240,SHOBIK M R,3rd Year,A,
2026-09-18,24UCS240,SHOBIK M R,3rd Year,A,
2026-09-21,24UCS240,SHOBIK M R,3rd Year,A,
2026-09-22,24UCS240,SHOBIK M R,3rd Year,A,
2026-09-23,24UCS240,SHOBIK M R,3rd Year,A,
2026-09-24,24UCS240,SHOBIK M R,3rd Year,A,
2026-09-25,24UCS240,SHOBIK M R,3rd Year,A,
2026-09-28,24UCS240,SHOBIK M R,3rd Year,A,
2026-09-29,24UCS240,SHOBIK M R,3rd Year,A,
2026-09-30,24UCS240,SHOBIK M R,3rd Year,A,
2026-10-01,24UCS240,SHOBIK M R,3rd Year,A,
2026-10-05,24UCS240,SHOBIK M R,3rd Year,A,
2026-08-03,24UCS257,THIKSANA P,3rd Year,A,
2026-08-04,24UCS257,THIKSANA P,3rd Year,P,
2026-08-05,24UCS257,THIKSANA P,3rd Year,P,
2026-08-06,24UCS257,THIKSANA P,3rd Year,P,
2026-08-07,24UCS257,THIKSANA P,3rd Year,P,
2026-08-10,24UCS257,THIKSANA P,3rd Year,P,
2026-08-11,24UCS257,THIKSANA P,3rd Year,P,
2026-08-12,24UCS257,THIKSANA P,3rd Year,P,
2026-08-13,24UCS257,THIKSANA P,3rd Year,P,
2026-08-14,24UCS257,THIKSANA P,3rd Year,P,
2026-08-17,24UCS257,THIKSANA P,3rd Year,P,
2026-08-18,24UCS257,THIKSANA P,3rd Year,P,
2026-08-19,24UCS257,THIKSANA P,3rd Year,P,
2026-08-21,24UCS257,THIKSANA P,3rd Year,P,
2026-08-24,24UCS257,THIKSANA P,3rd Year,P,
2026-08-25,24UCS257,THIKSANA P,3rd Year,P,
2026-09-07,24UCS257,THIKSANA P,3rd Year,P,
2026-09-08,24UCS257,THIKSANA P,3rd Year,P,
2026-09-09,24UCS257,THIKSANA P,3rd Year,P,
2026-09-10,24UCS257,THIKSANA P,3rd Year,P,
2026-09-11,24UCS257,THIKSANA P,3rd Year,P,
2026-09-15,24UCS257,THIKSANA P,3rd Year,P,
2026-09-16,24UCS257,THIKSANA P,3rd Year,P,
2026-09-17,24UCS257,THIKSANA P,3rd Year,P,
2026-09-18,24UCS257,THIKSANA P,3rd Year,P,
2026-09-21,24UCS257,THIKSANA P,3rd Year,P,
2026-09-22,24UCS257,THIKSANA P,3rd Year,A,
2026-09-23,24UCS257,THIKSANA P,3rd Year,P,
2026-09-24,24UCS257,THIKSANA P,3rd Year,P,
2026-09-25,24UCS257,THIKSANA P,3rd Year,P,
2026-09-28,24UCS257,THIKSANA P,3rd Year,P,
2026-09-29,24UCS257,THIKSANA P,3rd Year,P,
2026-09-30,24UCS257,THIKSANA P,3rd Year,P,
2026-10-01,24UCS257,THIKSANA P,3rd Year,P,
2026-10-05,24UCS257,THIKSANA P,3rd Year,P,
2026-08-03,24UCS261,VISALAKSHI R,3rd Year,P,
2026-08-04,24UCS261,VISALAKSHI R,3rd Year,P,
2026-08-05,24UCS261,VISALAKSHI R,3rd Year,P,
2026-08-06,24UCS261,VISALAKSHI R,3rd Year,P,
2026-08-07,24UCS261,VISALAKSHI R,3rd Year,A,
2026-08-10,24UCS261,VISALAKSHI R,3rd Year,A,
2026-08-11,24UCS261,VISALAKSHI R,3rd Year,A,
2026-08-12,24UCS261,VISALAKSHI R,3rd Year,A,
2026-08-13,24UCS261,VISALAKSHI R,3rd Year,A,
2026-08-14,24UCS261,VISALAKSHI R,3rd Year,A,
2026-08-17,24UCS261,VISALAKSHI R,3rd Year,P,
2026-08-18,24UCS261,VISALAKSHI R,3rd Year,P,
2026-08-19,24UCS261,VISALAKSHI R,3rd Year,P,
2026-08-21,24UCS261,VISALAKSHI R,3rd Year,P,
2026-08-24,24UCS261,VISALAKSHI R,3rd Year,P,
2026-08-25,24UCS261,VISALAKSHI R,3rd Year,A,
2026-09-07,24UCS261,VISALAKSHI R,3rd Year,A,
2026-09-08,24UCS261,VISALAKSHI R,3rd Year,P,
2026-09-09,24UCS261,VISALAKSHI R,3rd Year,P,
2026-09-10,24UCS261,VISALAKSHI R,3rd Year,P,
2026-09-11,24UCS261,VISALAKSHI R,3rd Year,P,
2026-09-15,24UCS261,VISALAKSHI R,3rd Year,A,
2026-09-16,24UCS261,VISALAKSHI R,3rd Year,P,
2026-09-17,24UCS261,VISALAKSHI R,3rd Year,A,
2026-09-18,24UCS261,VISALAKSHI R,3rd Year,P,
2026-09-21,24UCS261,VISALAKSHI R,3rd Year,P,
2026-09-22,24UCS261,VISALAKSHI R,3rd Year,P,
2026-09-23,24UCS261,VISALAKSHI R,3rd Year,P,
2026-09-24,24UCS261,VISALAKSHI R,3rd Year,P,
2026-09-25,24UCS261,VISALAKSHI R,3rd Year,A,
2026-09-28,24UCS261,VISALAKSHI R,3rd Year,P,
2026-09-29,24UCS261,VISALAKSHI R,3rd Year,P,
2026-09-30,24UCS261,VISALAKSHI R,3rd Year,P,
2026-10-01,24UCS261,VISALAKSHI R,3rd Year,A,
2026-10-05,24UCS261,VISALAKSHI R,3rd Year,P,
2026-08-03,24UCS604,KAVIN R,3rd Year,P,
2026-08-04,24UCS604,KAVIN R,3rd Year,P,
2026-08-05,24UCS604,KAVIN R,3rd Year,P,
2026-08-06,24UCS604,KAVIN R,3rd Year,P,
2026-08-07,24UCS604,KAVIN R,3rd Year,P,
2026-08-10,24UCS604,KAVIN R,3rd Year,P,
2026-08-11,24UCS604,KAVIN R,3rd Year,P,
2026-08-12,24UCS604,KAVIN R,3rd Year,P,
2026-08-13,24UCS604,KAVIN R,3rd Year,P,
2026-08-14,24UCS604,KAVIN R,3rd Year,P,
2026-08-17,24UCS604,KAVIN R,3rd Year,A,
2026-08-18,24UCS604,KAVIN R,3rd Year,P,
2026-08-19,24UCS604,KAVIN R,3rd Year,P,
2026-08-21,24UCS604,KAVIN R,3rd Year,P,
2026-08-24,24UCS604,KAVIN R,3rd Year,A,
2026-08-25,24UCS604,KAVIN R,3rd Year,P,
2026-09-07,24UCS604,KAVIN R,3rd Year,A,
2026-09-08,24UCS604,KAVIN R,3rd Year,P,
2026-09-09,24UCS604,KAVIN R,3rd Year,P,
2026-09-10,24UCS604,KAVIN R,3rd Year,P,
2026-09-11,24UCS604,KAVIN R,3rd Year,P,
2026-09-15,24UCS604,KAVIN R,3rd Year,P,
2026-09-16,24UCS604,KAVIN R,3rd Year,P,
2026-09-17,24UCS604,KAVIN R,3rd Year,P,
2026-09-18,24UCS604,KAVIN R,3rd Year,P,
2026-09-21,24UCS604,KAVIN R,3rd Year,P,
2026-09-22,24UCS604,KAVIN R,3rd Year,P,
2026-09-23,24UCS604,KAVIN R,3rd Year,P,
2026-09-24,24UCS604,KAVIN R,3rd Year,P,
2026-09-25,24UCS604,KAVIN R,3rd Year,P,
2026-09-28,24UCS604,KAVIN R,3rd Year,P,
2026-09-29,24UCS604,KAVIN R,3rd Year,P,
2026-09-30,24UCS604,KAVIN R,3rd Year,A,
2026-10-01,24UCS604,KAVIN R,3rd Year,P,
2026-10-05,24UCS604,KAVIN R,3rd Year,A,
2026-08-03,24UCS608,SANTHOSH R,3rd Year,P,
2026-08-04,24UCS608,SANTHOSH R,3rd Year,P,
2026-08-05,24UCS608,SANTHOSH R,3rd Year,P,
2026-08-06,24UCS608,SANTHOSH R,3rd Year,A,
2026-08-07,24UCS608,SANTHOSH R,3rd Year,P,
2026-08-10,24UCS608,SANTHOSH R,3rd Year,P,
2026-08-11,24UCS608,SANTHOSH R,3rd Year,P,
2026-08-12,24UCS608,SANTHOSH R,3rd Year,P,
2026-08-13,24UCS608,SANTHOSH R,3rd Year,A,
2026-08-14,24UCS608,SANTHOSH R,3rd Year,P,
2026-08-17,24UCS608,SANTHOSH R,3rd Year,P,
2026-08-18,24UCS608,SANTHOSH R,3rd Year,P,
2026-08-19,24UCS608,SANTHOSH R,3rd Year,A,
2026-08-21,24UCS608,SANTHOSH R,3rd Year,P,
2026-08-24,24UCS608,SANTHOSH R,3rd Year,A,
2026-08-25,24UCS608,SANTHOSH R,3rd Year,P,
2026-09-07,24UCS608,SANTHOSH R,3rd Year,A,
2026-09-08,24UCS608,SANTHOSH R,3rd Year,A,
2026-09-09,24UCS608,SANTHOSH R,3rd Year,P,
2026-09-10,24UCS608,SANTHOSH R,3rd Year,P,
2026-09-11,24UCS608,SANTHOSH R,3rd Year,P,
2026-09-15,24UCS608,SANTHOSH R,3rd Year,P,
2026-09-16,24UCS608,SANTHOSH R,3rd Year,P,
2026-09-17,24UCS608,SANTHOSH R,3rd Year,A,
2026-09-18,24UCS608,SANTHOSH R,3rd Year,P,
2026-09-21,24UCS608,SANTHOSH R,3rd Year,P,
2026-09-22,24UCS608,SANTHOSH R,3rd Year,P,
2026-09-23,24UCS608,SANTHOSH R,3rd Year,P,
2026-09-24,24UCS608,SANTHOSH R,3rd Year,P,
2026-09-25,24UCS608,SANTHOSH R,3rd Year,A,
2026-09-28,24UCS608,SANTHOSH R,3rd Year,P,
2026-09-29,24UCS608,SANTHOSH R,3rd Year,A,
2026-09-30,24UCS608,SANTHOSH R,3rd Year,P,
2026-10-01,24UCS608,SANTHOSH R,3rd Year,A,
2026-10-05,24UCS608,SANTHOSH R,3rd Year,A,
2026-08-03,24UCS609,SRISHANTH S,3rd Year,P,
2026-08-04,24UCS609,SRISHANTH S,3rd Year,P,
2026-08-05,24UCS609,SRISHANTH S,3rd Year,P,
2026-08-06,24UCS609,SRISHANTH S,3rd Year,P,
2026-08-07,24UCS609,SRISHANTH S,3rd Year,P,
2026-08-10,24UCS609,SRISHANTH S,3rd Year,P,
2026-08-11,24UCS609,SRISHANTH S,3rd Year,P,
2026-08-12,24UCS609,SRISHANTH S,3rd Year,P,
2026-08-13,24UCS609,SRISHANTH S,3rd Year,A,
2026-08-14,24UCS609,SRISHANTH S,3rd Year,P,
2026-08-17,24UCS609,SRISHANTH S,3rd Year,P,
2026-08-18,24UCS609,SRISHANTH S,3rd Year,P,
2026-08-19,24UCS609,SRISHANTH S,3rd Year,P,
2026-08-21,24UCS609,SRISHANTH S,3rd Year,P,
2026-08-24,24UCS609,SRISHANTH S,3rd Year,P,
2026-08-25,24UCS609,SRISHANTH S,3rd Year,P,
2026-09-07,24UCS609,SRISHANTH S,3rd Year,P,
2026-09-08,24UCS609,SRISHANTH S,3rd Year,P,
2026-09-09,24UCS609,SRISHANTH S,3rd Year,P,
2026-09-10,24UCS609,SRISHANTH S,3rd Year,P,
2026-09-11,24UCS609,SRISHANTH S,3rd Year,P,
2026-09-15,24UCS609,SRISHANTH S,3rd Year,P,
2026-09-16,24UCS609,SRISHANTH S,3rd Year,P,
2026-09-17,24UCS609,SRISHANTH S,3rd Year,P,
2026-09-18,24UCS609,SRISHANTH S,3rd Year,A,
2026-09-21,24UCS609,SRISHANTH S,3rd Year,P,
2026-09-22,24UCS609,SRISHANTH S,3rd Year,P,
2026-09-23,24UCS609,SRISHANTH S,3rd Year,P,
2026-09-24,24UCS609,SRISHANTH S,3rd Year,P,
2026-09-25,24UCS609,SRISHANTH S,3rd Year,P,
2026-09-28,24UCS609,SRISHANTH S,3rd Year,P,
2026-09-29,24UCS609,SRISHANTH S,3rd Year,P,
2026-09-30,24UCS609,SRISHANTH S,3rd Year,P,
2026-10-01,24UCS609,SRISHANTH S,3rd Year,A,
2026-10-05,24UCS609,SRISHANTH S,3rd Year,A,
2026-08-03,24UCY148,SANTHIYA A,3rd Year,P,
2026-08-04,24UCY148,SANTHIYA A,3rd Year,P,
2026-08-05,24UCY148,SANTHIYA A,3rd Year,P,
2026-08-06,24UCY148,SANTHIYA A,3rd Year,P,
2026-08-07,24UCY148,SANTHIYA A,3rd Year,A,
2026-08-10,24UCY148,SANTHIYA A,3rd Year,A,
2026-08-11,24UCY148,SANTHIYA A,3rd Year,P,
2026-08-12,24UCY148,SANTHIYA A,3rd Year,P,
2026-08-13,24UCY148,SANTHIYA A,3rd Year,P,
2026-08-14,24UCY148,SANTHIYA A,3rd Year,P,
2026-08-17,24UCY148,SANTHIYA A,3rd Year,A,
2026-08-18,24UCY148,SANTHIYA A,3rd Year,P,
2026-08-19,24UCY148,SANTHIYA A,3rd Year,P,
2026-08-21,24UCY148,SANTHIYA A,3rd Year,A,
2026-08-24,24UCY148,SANTHIYA A,3rd Year,P,
2026-08-25,24UCY148,SANTHIYA A,3rd Year,A,
2026-09-07,24UCY148,SANTHIYA A,3rd Year,P,
2026-09-08,24UCY148,SANTHIYA A,3rd Year,P,
2026-09-09,24UCY148,SANTHIYA A,3rd Year,P,
2026-09-10,24UCY148,SANTHIYA A,3rd Year,P,
2026-09-11,24UCY148,SANTHIYA A,3rd Year,P,
2026-09-15,24UCY148,SANTHIYA A,3rd Year,P,
2026-09-16,24UCY148,SANTHIYA A,3rd Year,P,
2026-09-17,24UCY148,SANTHIYA A,3rd Year,P,
2026-09-18,24UCY148,SANTHIYA A,3rd Year,P,
2026-09-21,24UCY148,SANTHIYA A,3rd Year,P,
2026-09-22,24UCY148,SANTHIYA A,3rd Year,P,
2026-09-23,24UCY148,SANTHIYA A,3rd Year,P,
2026-09-24,24UCY148,SANTHIYA A,3rd Year,A,
2026-09-25,24UCY148,SANTHIYA A,3rd Year,A,
2026-09-28,24UCY148,SANTHIYA A,3rd Year,P,
2026-09-29,24UCY148,SANTHIYA A,3rd Year,P,
2026-09-30,24UCY148,SANTHIYA A,3rd Year,P,
2026-10-01,24UCY148,SANTHIYA A,3rd Year,P,
2026-10-05,24UCY148,SANTHIYA A,3rd Year,P,
2026-08-03,24UCY153,SREEHARI M,3rd Year,A,
2026-08-04,24UCY153,SREEHARI M,3rd Year,P,
2026-08-05,24UCY153,SREEHARI M,3rd Year,P,
2026-08-06,24UCY153,SREEHARI M,3rd Year,P,
2026-08-07,24UCY153,SREEHARI M,3rd Year,A,
2026-08-10,24UCY153,SREEHARI M,3rd Year,A,
2026-08-11,24UCY153,SREEHARI M,3rd Year,P,
2026-08-12,24UCY153,SREEHARI M,3rd Year,P,
2026-08-13,24UCY153,SREEHARI M,3rd Year,A,
2026-08-14,24UCY153,SREEHARI M,3rd Year,P,
2026-08-17,24UCY153,SREEHARI M,3rd Year,P,
2026-08-18,24UCY153,SREEHARI M,3rd Year,P,
2026-08-19,24UCY153,SREEHARI M,3rd Year,P,
2026-08-21,24UCY153,SREEHARI M,3rd Year,A,
2026-08-24,24UCY153,SREEHARI M,3rd Year,A,
2026-08-25,24UCY153,SREEHARI M,3rd Year,A,
2026-09-07,24UCY153,SREEHARI M,3rd Year,P,
2026-09-08,24UCY153,SREEHARI M,3rd Year,P,
2026-09-09,24UCY153,SREEHARI M,3rd Year,P,
2026-09-10,24UCY153,SREEHARI M,3rd Year,P,
2026-09-11,24UCY153,SREEHARI M,3rd Year,P,
2026-09-15,24UCY153,SREEHARI M,3rd Year,P,
2026-09-16,24UCY153,SREEHARI M,3rd Year,P,
2026-09-17,24UCY153,SREEHARI M,3rd Year,P,
2026-09-18,24UCY153,SREEHARI M,3rd Year,P,
2026-09-21,24UCY153,SREEHARI M,3rd Year,A,
2026-09-22,24UCY153,SREEHARI M,3rd Year,P,
2026-09-23,24UCY153,SREEHARI M,3rd Year,P,
2026-09-24,24UCY153,SREEHARI M,3rd Year,P,
2026-09-25,24UCY153,SREEHARI M,3rd Year,A,
2026-09-28,24UCY153,SREEHARI M,3rd Year,P,
2026-09-29,24UCY153,SREEHARI M,3rd Year,P,
2026-09-30,24UCY153,SREEHARI M,3rd Year,P,
2026-10-01,24UCY153,SREEHARI M,3rd Year,A,
2026-10-05,24UCY153,SREEHARI M,3rd Year,P,
2026-08-03,24UEC110,ANGEL TAMILARASI P,3rd Year,A,
2026-08-04,24UEC110,ANGEL TAMILARASI P,3rd Year,P,
2026-08-05,24UEC110,ANGEL TAMILARASI P,3rd Year,P,
2026-08-06,24UEC110,ANGEL TAMILARASI P,3rd Year,P,
2026-08-07,24UEC110,ANGEL TAMILARASI P,3rd Year,P,
2026-08-10,24UEC110,ANGEL TAMILARASI P,3rd Year,P,
2026-08-11,24UEC110,ANGEL TAMILARASI P,3rd Year,P,
2026-08-12,24UEC110,ANGEL TAMILARASI P,3rd Year,P,
2026-08-13,24UEC110,ANGEL TAMILARASI P,3rd Year,P,
2026-08-14,24UEC110,ANGEL TAMILARASI P,3rd Year,P,
2026-08-17,24UEC110,ANGEL TAMILARASI P,3rd Year,P,
2026-08-18,24UEC110,ANGEL TAMILARASI P,3rd Year,P,
2026-08-19,24UEC110,ANGEL TAMILARASI P,3rd Year,P,
2026-08-21,24UEC110,ANGEL TAMILARASI P,3rd Year,A,
2026-08-24,24UEC110,ANGEL TAMILARASI P,3rd Year,P,
2026-08-25,24UEC110,ANGEL TAMILARASI P,3rd Year,P,
2026-09-07,24UEC110,ANGEL TAMILARASI P,3rd Year,P,
2026-09-08,24UEC110,ANGEL TAMILARASI P,3rd Year,P,
2026-09-09,24UEC110,ANGEL TAMILARASI P,3rd Year,P,
2026-09-10,24UEC110,ANGEL TAMILARASI P,3rd Year,P,
2026-09-11,24UEC110,ANGEL TAMILARASI P,3rd Year,A,
2026-09-15,24UEC110,ANGEL TAMILARASI P,3rd Year,P,
2026-09-16,24UEC110,ANGEL TAMILARASI P,3rd Year,P,
2026-09-17,24UEC110,ANGEL TAMILARASI P,3rd Year,P,
2026-09-18,24UEC110,ANGEL TAMILARASI P,3rd Year,A,
2026-09-21,24UEC110,ANGEL TAMILARASI P,3rd Year,P,
2026-09-22,24UEC110,ANGEL TAMILARASI P,3rd Year,P,
2026-09-23,24UEC110,ANGEL TAMILARASI P,3rd Year,P,
2026-09-24,24UEC110,ANGEL TAMILARASI P,3rd Year,P,
2026-09-25,24UEC110,ANGEL TAMILARASI P,3rd Year,P,
2026-09-28,24UEC110,ANGEL TAMILARASI P,3rd Year,P,
2026-09-29,24UEC110,ANGEL TAMILARASI P,3rd Year,P,
2026-09-30,24UEC110,ANGEL TAMILARASI P,3rd Year,P,
2026-10-01,24UEC110,ANGEL TAMILARASI P,3rd Year,A,
2026-10-05,24UEC110,ANGEL TAMILARASI P,3rd Year,P,
2026-08-03,24UEC114,ANUSUYA A,3rd Year,P,
2026-08-04,24UEC114,ANUSUYA A,3rd Year,P,
2026-08-05,24UEC114,ANUSUYA A,3rd Year,P,
2026-08-06,24UEC114,ANUSUYA A,3rd Year,P,
2026-08-07,24UEC114,ANUSUYA A,3rd Year,P,
2026-08-10,24UEC114,ANUSUYA A,3rd Year,P,
2026-08-11,24UEC114,ANUSUYA A,3rd Year,P,
2026-08-12,24UEC114,ANUSUYA A,3rd Year,P,
2026-08-13,24UEC114,ANUSUYA A,3rd Year,P,
2026-08-14,24UEC114,ANUSUYA A,3rd Year,P,
2026-08-17,24UEC114,ANUSUYA A,3rd Year,P,
2026-08-18,24UEC114,ANUSUYA A,3rd Year,P,
2026-08-19,24UEC114,ANUSUYA A,3rd Year,P,
2026-08-21,24UEC114,ANUSUYA A,3rd Year,P,
2026-08-24,24UEC114,ANUSUYA A,3rd Year,P,
2026-08-25,24UEC114,ANUSUYA A,3rd Year,A,
2026-09-07,24UEC114,ANUSUYA A,3rd Year,A,
2026-09-08,24UEC114,ANUSUYA A,3rd Year,P,
2026-09-09,24UEC114,ANUSUYA A,3rd Year,P,
2026-09-10,24UEC114,ANUSUYA A,3rd Year,P,
2026-09-11,24UEC114,ANUSUYA A,3rd Year,P,
2026-09-15,24UEC114,ANUSUYA A,3rd Year,P,
2026-09-16,24UEC114,ANUSUYA A,3rd Year,P,
2026-09-17,24UEC114,ANUSUYA A,3rd Year,A,
2026-09-18,24UEC114,ANUSUYA A,3rd Year,P,
2026-09-21,24UEC114,ANUSUYA A,3rd Year,P,
2026-09-22,24UEC114,ANUSUYA A,3rd Year,P,
2026-09-23,24UEC114,ANUSUYA A,3rd Year,A,
2026-09-24,24UEC114,ANUSUYA A,3rd Year,P,
2026-09-25,24UEC114,ANUSUYA A,3rd Year,P,
2026-09-28,24UEC114,ANUSUYA A,3rd Year,P,
2026-09-29,24UEC114,ANUSUYA A,3rd Year,P,
2026-09-30,24UEC114,ANUSUYA A,3rd Year,P,
2026-10-01,24UEC114,ANUSUYA A,3rd Year,P,
2026-10-05,24UEC114,ANUSUYA A,3rd Year,P,
2026-08-03,24UEC163,MONISHPRABHU A L,3rd Year,P,
2026-08-04,24UEC163,MONISHPRABHU A L,3rd Year,P,
2026-08-05,24UEC163,MONISHPRABHU A L,3rd Year,P,
2026-08-06,24UEC163,MONISHPRABHU A L,3rd Year,P,
2026-08-07,24UEC163,MONISHPRABHU A L,3rd Year,P,
2026-08-10,24UEC163,MONISHPRABHU A L,3rd Year,P,
2026-08-11,24UEC163,MONISHPRABHU A L,3rd Year,P,
2026-08-12,24UEC163,MONISHPRABHU A L,3rd Year,P,
2026-08-13,24UEC163,MONISHPRABHU A L,3rd Year,P,
2026-08-14,24UEC163,MONISHPRABHU A L,3rd Year,P,
2026-08-17,24UEC163,MONISHPRABHU A L,3rd Year,P,
2026-08-18,24UEC163,MONISHPRABHU A L,3rd Year,P,
2026-08-19,24UEC163,MONISHPRABHU A L,3rd Year,A,
2026-08-21,24UEC163,MONISHPRABHU A L,3rd Year,P,
2026-08-24,24UEC163,MONISHPRABHU A L,3rd Year,P,
2026-08-25,24UEC163,MONISHPRABHU A L,3rd Year,P,
2026-09-07,24UEC163,MONISHPRABHU A L,3rd Year,P,
2026-09-08,24UEC163,MONISHPRABHU A L,3rd Year,P,
2026-09-09,24UEC163,MONISHPRABHU A L,3rd Year,P,
2026-09-10,24UEC163,MONISHPRABHU A L,3rd Year,P,
2026-09-11,24UEC163,MONISHPRABHU A L,3rd Year,P,
2026-09-15,24UEC163,MONISHPRABHU A L,3rd Year,P,
2026-09-16,24UEC163,MONISHPRABHU A L,3rd Year,P,
2026-09-17,24UEC163,MONISHPRABHU A L,3rd Year,A,
2026-09-18,24UEC163,MONISHPRABHU A L,3rd Year,P,
2026-09-21,24UEC163,MONISHPRABHU A L,3rd Year,P,
2026-09-22,24UEC163,MONISHPRABHU A L,3rd Year,P,
2026-09-23,24UEC163,MONISHPRABHU A L,3rd Year,A,
2026-09-24,24UEC163,MONISHPRABHU A L,3rd Year,P,
2026-09-25,24UEC163,MONISHPRABHU A L,3rd Year,P,
2026-09-28,24UEC163,MONISHPRABHU A L,3rd Year,P,
2026-09-29,24UEC163,MONISHPRABHU A L,3rd Year,P,
2026-09-30,24UEC163,MONISHPRABHU A L,3rd Year,P,
2026-10-01,24UEC163,MONISHPRABHU A L,3rd Year,P,
2026-10-05,24UEC163,MONISHPRABHU A L,3rd Year,P,
2026-08-03,24UEC222,ROSHANA R,3rd Year,P,
2026-08-04,24UEC222,ROSHANA R,3rd Year,P,
2026-08-05,24UEC222,ROSHANA R,3rd Year,P,
2026-08-06,24UEC222,ROSHANA R,3rd Year,P,
2026-08-07,24UEC222,ROSHANA R,3rd Year,P,
2026-08-10,24UEC222,ROSHANA R,3rd Year,P,
2026-08-11,24UEC222,ROSHANA R,3rd Year,P,
2026-08-12,24UEC222,ROSHANA R,3rd Year,P,
2026-08-13,24UEC222,ROSHANA R,3rd Year,P,
2026-08-14,24UEC222,ROSHANA R,3rd Year,P,
2026-08-17,24UEC222,ROSHANA R,3rd Year,P,
2026-08-18,24UEC222,ROSHANA R,3rd Year,P,
2026-08-19,24UEC222,ROSHANA R,3rd Year,P,
2026-08-21,24UEC222,ROSHANA R,3rd Year,P,
2026-08-24,24UEC222,ROSHANA R,3rd Year,A,
2026-08-25,24UEC222,ROSHANA R,3rd Year,P,
2026-09-07,24UEC222,ROSHANA R,3rd Year,A,
2026-09-08,24UEC222,ROSHANA R,3rd Year,P,
2026-09-09,24UEC222,ROSHANA R,3rd Year,A,
2026-09-10,24UEC222,ROSHANA R,3rd Year,A,
2026-09-11,24UEC222,ROSHANA R,3rd Year,A,
2026-09-15,24UEC222,ROSHANA R,3rd Year,P,
2026-09-16,24UEC222,ROSHANA R,3rd Year,P,
2026-09-17,24UEC222,ROSHANA R,3rd Year,P,
2026-09-18,24UEC222,ROSHANA R,3rd Year,P,
2026-09-21,24UEC222,ROSHANA R,3rd Year,P,
2026-09-22,24UEC222,ROSHANA R,3rd Year,P,
2026-09-23,24UEC222,ROSHANA R,3rd Year,P,
2026-09-24,24UEC222,ROSHANA R,3rd Year,P,
2026-09-25,24UEC222,ROSHANA R,3rd Year,P,
2026-09-28,24UEC222,ROSHANA R,3rd Year,P,
2026-09-29,24UEC222,ROSHANA R,3rd Year,P,
2026-09-30,24UEC222,ROSHANA R,3rd Year,P,
2026-10-01,24UEC222,ROSHANA R,3rd Year,P,
2026-10-05,24UEC222,ROSHANA R,3rd Year,P,
2026-08-03,24UIT117,GURUVASAN J,3rd Year,P,
2026-08-04,24UIT117,GURUVASAN J,3rd Year,P,
2026-08-05,24UIT117,GURUVASAN J,3rd Year,P,
2026-08-06,24UIT117,GURUVASAN J,3rd Year,P,
2026-08-07,24UIT117,GURUVASAN J,3rd Year,P,
2026-08-10,24UIT117,GURUVASAN J,3rd Year,P,
2026-08-11,24UIT117,GURUVASAN J,3rd Year,P,
2026-08-12,24UIT117,GURUVASAN J,3rd Year,P,
2026-08-13,24UIT117,GURUVASAN J,3rd Year,A,
2026-08-14,24UIT117,GURUVASAN J,3rd Year,P,
2026-08-17,24UIT117,GURUVASAN J,3rd Year,P,
2026-08-18,24UIT117,GURUVASAN J,3rd Year,P,
2026-08-19,24UIT117,GURUVASAN J,3rd Year,P,
2026-08-21,24UIT117,GURUVASAN J,3rd Year,P,
2026-08-24,24UIT117,GURUVASAN J,3rd Year,A,
2026-08-25,24UIT117,GURUVASAN J,3rd Year,A,
2026-09-07,24UIT117,GURUVASAN J,3rd Year,P,
2026-09-08,24UIT117,GURUVASAN J,3rd Year,P,
2026-09-09,24UIT117,GURUVASAN J,3rd Year,P,
2026-09-10,24UIT117,GURUVASAN J,3rd Year,P,
2026-09-11,24UIT117,GURUVASAN J,3rd Year,P,
2026-09-15,24UIT117,GURUVASAN J,3rd Year,A,
2026-09-16,24UIT117,GURUVASAN J,3rd Year,A,
2026-09-17,24UIT117,GURUVASAN J,3rd Year,A,
2026-09-18,24UIT117,GURUVASAN J,3rd Year,A,
2026-09-21,24UIT117,GURUVASAN J,3rd Year,A,
2026-09-22,24UIT117,GURUVASAN J,3rd Year,A,
2026-09-23,24UIT117,GURUVASAN J,3rd Year,P,
2026-09-24,24UIT117,GURUVASAN J,3rd Year,P,
2026-09-25,24UIT117,GURUVASAN J,3rd Year,P,
2026-09-28,24UIT117,GURUVASAN J,3rd Year,P,
2026-09-29,24UIT117,GURUVASAN J,3rd Year,P,
2026-09-30,24UIT117,GURUVASAN J,3rd Year,P,
2026-10-01,24UIT117,GURUVASAN J,3rd Year,P,
2026-10-05,24UIT117,GURUVASAN J,3rd Year,A,
2026-08-03,24UIT141,RAZHMIKA J,3rd Year,A,
2026-08-04,24UIT141,RAZHMIKA J,3rd Year,P,
2026-08-05,24UIT141,RAZHMIKA J,3rd Year,P,
2026-08-06,24UIT141,RAZHMIKA J,3rd Year,P,
2026-08-07,24UIT141,RAZHMIKA J,3rd Year,P,
2026-08-10,24UIT141,RAZHMIKA J,3rd Year,P,
2026-08-11,24UIT141,RAZHMIKA J,3rd Year,P,
2026-08-12,24UIT141,RAZHMIKA J,3rd Year,P,
2026-08-13,24UIT141,RAZHMIKA J,3rd Year,P,
2026-08-14,24UIT141,RAZHMIKA J,3rd Year,P,
2026-08-17,24UIT141,RAZHMIKA J,3rd Year,P,
2026-08-18,24UIT141,RAZHMIKA J,3rd Year,P,
2026-08-19,24UIT141,RAZHMIKA J,3rd Year,P,
2026-08-21,24UIT141,RAZHMIKA J,3rd Year,P,
2026-08-24,24UIT141,RAZHMIKA J,3rd Year,P,
2026-08-25,24UIT141,RAZHMIKA J,3rd Year,P,
2026-09-07,24UIT141,RAZHMIKA J,3rd Year,A,
2026-09-08,24UIT141,RAZHMIKA J,3rd Year,P,
2026-09-09,24UIT141,RAZHMIKA J,3rd Year,A,
2026-09-10,24UIT141,RAZHMIKA J,3rd Year,P,
2026-09-11,24UIT141,RAZHMIKA J,3rd Year,P,
2026-09-15,24UIT141,RAZHMIKA J,3rd Year,P,
2026-09-16,24UIT141,RAZHMIKA J,3rd Year,P,
2026-09-17,24UIT141,RAZHMIKA J,3rd Year,P,
2026-09-18,24UIT141,RAZHMIKA J,3rd Year,A,
2026-09-21,24UIT141,RAZHMIKA J,3rd Year,P,
2026-09-22,24UIT141,RAZHMIKA J,3rd Year,P,
2026-09-23,24UIT141,RAZHMIKA J,3rd Year,A,
2026-09-24,24UIT141,RAZHMIKA J,3rd Year,P,
2026-09-25,24UIT141,RAZHMIKA J,3rd Year,P,
2026-09-28,24UIT141,RAZHMIKA J,3rd Year,P,
2026-09-29,24UIT141,RAZHMIKA J,3rd Year,P,
2026-09-30,24UIT141,RAZHMIKA J,3rd Year,P,
2026-10-01,24UIT141,RAZHMIKA J,3rd Year,A,
2026-10-05,24UIT141,RAZHMIKA J,3rd Year,A,
2026-08-03,24UIT154,SUTHANTHIRAN S,3rd Year,P,
2026-08-04,24UIT154,SUTHANTHIRAN S,3rd Year,P,
2026-08-05,24UIT154,SUTHANTHIRAN S,3rd Year,P,
2026-08-06,24UIT154,SUTHANTHIRAN S,3rd Year,P,
2026-08-07,24UIT154,SUTHANTHIRAN S,3rd Year,P,
2026-08-10,24UIT154,SUTHANTHIRAN S,3rd Year,P,
2026-08-11,24UIT154,SUTHANTHIRAN S,3rd Year,P,
2026-08-12,24UIT154,SUTHANTHIRAN S,3rd Year,A,
2026-08-13,24UIT154,SUTHANTHIRAN S,3rd Year,A,
2026-08-14,24UIT154,SUTHANTHIRAN S,3rd Year,P,
2026-08-17,24UIT154,SUTHANTHIRAN S,3rd Year,P,
2026-08-18,24UIT154,SUTHANTHIRAN S,3rd Year,P,
2026-08-19,24UIT154,SUTHANTHIRAN S,3rd Year,P,
2026-08-21,24UIT154,SUTHANTHIRAN S,3rd Year,A,
2026-08-24,24UIT154,SUTHANTHIRAN S,3rd Year,P,
2026-08-25,24UIT154,SUTHANTHIRAN S,3rd Year,P,
2026-09-07,24UIT154,SUTHANTHIRAN S,3rd Year,A,
2026-09-08,24UIT154,SUTHANTHIRAN S,3rd Year,P,
2026-09-09,24UIT154,SUTHANTHIRAN S,3rd Year,A,
2026-09-10,24UIT154,SUTHANTHIRAN S,3rd Year,P,
2026-09-11,24UIT154,SUTHANTHIRAN S,3rd Year,P,
2026-09-15,24UIT154,SUTHANTHIRAN S,3rd Year,P,
2026-09-16,24UIT154,SUTHANTHIRAN S,3rd Year,P,
2026-09-17,24UIT154,SUTHANTHIRAN S,3rd Year,P,
2026-09-18,24UIT154,SUTHANTHIRAN S,3rd Year,P,
2026-09-21,24UIT154,SUTHANTHIRAN S,3rd Year,P,
2026-09-22,24UIT154,SUTHANTHIRAN S,3rd Year,P,
2026-09-23,24UIT154,SUTHANTHIRAN S,3rd Year,A,
2026-09-24,24UIT154,SUTHANTHIRAN S,3rd Year,P,
2026-09-25,24UIT154,SUTHANTHIRAN S,3rd Year,P,
2026-09-28,24UIT154,SUTHANTHIRAN S,3rd Year,P,
2026-09-29,24UIT154,SUTHANTHIRAN S,3rd Year,A,
2026-09-30,24UIT154,SUTHANTHIRAN S,3rd Year,A,
2026-10-01,24UIT154,SUTHANTHIRAN S,3rd Year,P,
2026-10-05,24UIT154,SUTHANTHIRAN S,3rd Year,P,
2026-08-03,24UIT604,SRI SHRAN R,3rd Year,P,
2026-08-04,24UIT604,SRI SHRAN R,3rd Year,P,
2026-08-05,24UIT604,SRI SHRAN R,3rd Year,A,
2026-08-06,24UIT604,SRI SHRAN R,3rd Year,P,
2026-08-07,24UIT604,SRI SHRAN R,3rd Year,P,
2026-08-10,24UIT604,SRI SHRAN R,3rd Year,P,
2026-08-11,24UIT604,SRI SHRAN R,3rd Year,P,
2026-08-12,24UIT604,SRI SHRAN R,3rd Year,A,
2026-08-13,24UIT604,SRI SHRAN R,3rd Year,P,
2026-08-14,24UIT604,SRI SHRAN R,3rd Year,P,
2026-08-17,24UIT604,SRI SHRAN R,3rd Year,P,
2026-08-18,24UIT604,SRI SHRAN R,3rd Year,P,
2026-08-19,24UIT604,SRI SHRAN R,3rd Year,A,
2026-08-21,24UIT604,SRI SHRAN R,3rd Year,P,
2026-08-24,24UIT604,SRI SHRAN R,3rd Year,P,
2026-08-25,24UIT604,SRI SHRAN R,3rd Year,A,
2026-09-07,24UIT604,SRI SHRAN R,3rd Year,A,
2026-09-08,24UIT604,SRI SHRAN R,3rd Year,P,
2026-09-09,24UIT604,SRI SHRAN R,3rd Year,P,
2026-09-10,24UIT604,SRI SHRAN R,3rd Year,P,
2026-09-11,24UIT604,SRI SHRAN R,3rd Year,A,
2026-09-15,24UIT604,SRI SHRAN R,3rd Year,P,
2026-09-16,24UIT604,SRI SHRAN R,3rd Year,A,
2026-09-17,24UIT604,SRI SHRAN R,3rd Year,P,
2026-09-18,24UIT604,SRI SHRAN R,3rd Year,A,
2026-09-21,24UIT604,SRI SHRAN R,3rd Year,P,
2026-09-22,24UIT604,SRI SHRAN R,3rd Year,P,
2026-09-23,24UIT604,SRI SHRAN R,3rd Year,A,
2026-09-24,24UIT604,SRI SHRAN R,3rd Year,P,
2026-09-25,24UIT604,SRI SHRAN R,3rd Year,A,
2026-09-28,24UIT604,SRI SHRAN R,3rd Year,A,
2026-09-29,24UIT604,SRI SHRAN R,3rd Year,A,
2026-09-30,24UIT604,SRI SHRAN R,3rd Year,A,
2026-10-01,24UIT604,SRI SHRAN R,3rd Year,A,
2026-10-05,24UIT604,SRI SHRAN R,3rd Year,P,
2026-08-03,24UIT701,ARULKUMAR S,3rd Year,P,
2026-08-04,24UIT701,ARULKUMAR S,3rd Year,P,
2026-08-05,24UIT701,ARULKUMAR S,3rd Year,P,
2026-08-06,24UIT701,ARULKUMAR S,3rd Year,P,
2026-08-07,24UIT701,ARULKUMAR S,3rd Year,P,
2026-08-10,24UIT701,ARULKUMAR S,3rd Year,A,
2026-08-11,24UIT701,ARULKUMAR S,3rd Year,P,
2026-08-12,24UIT701,ARULKUMAR S,3rd Year,P,
2026-08-13,24UIT701,ARULKUMAR S,3rd Year,P,
2026-08-14,24UIT701,ARULKUMAR S,3rd Year,P,
2026-08-17,24UIT701,ARULKUMAR S,3rd Year,P,
2026-08-18,24UIT701,ARULKUMAR S,3rd Year,P,
2026-08-19,24UIT701,ARULKUMAR S,3rd Year,P,
2026-08-21,24UIT701,ARULKUMAR S,3rd Year,P,
2026-08-24,24UIT701,ARULKUMAR S,3rd Year,P,
2026-08-25,24UIT701,ARULKUMAR S,3rd Year,P,
2026-09-07,24UIT701,ARULKUMAR S,3rd Year,P,
2026-09-08,24UIT701,ARULKUMAR S,3rd Year,P,
2026-09-09,24UIT701,ARULKUMAR S,3rd Year,P,
2026-09-10,24UIT701,ARULKUMAR S,3rd Year,P,
2026-09-11,24UIT701,ARULKUMAR S,3rd Year,P,
2026-09-15,24UIT701,ARULKUMAR S,3rd Year,P,
2026-09-16,24UIT701,ARULKUMAR S,3rd Year,P,
2026-09-17,24UIT701,ARULKUMAR S,3rd Year,P,
2026-09-18,24UIT701,ARULKUMAR S,3rd Year,P,
2026-09-21,24UIT701,ARULKUMAR S,3rd Year,P,
2026-09-22,24UIT701,ARULKUMAR S,3rd Year,P,
2026-09-23,24UIT701,ARULKUMAR S,3rd Year,P,
2026-09-24,24UIT701,ARULKUMAR S,3rd Year,P,
2026-09-25,24UIT701,ARULKUMAR S,3rd Year,P,
2026-09-28,24UIT701,ARULKUMAR S,3rd Year,P,
2026-09-29,24UIT701,ARULKUMAR S,3rd Year,P,
2026-09-30,24UIT701,ARULKUMAR S,3rd Year,P,
2026-10-01,24UIT701,ARULKUMAR S,3rd Year,P,
2026-10-05,24UIT701,ARULKUMAR S,3rd Year,P,
2026-08-03,24UEC153,MADHAN PRASAD R,3rd Year,A,
2026-08-04,24UEC153,MADHAN PRASAD R,3rd Year,A,
2026-08-05,24UEC153,MADHAN PRASAD R,3rd Year,A,
2026-08-06,24UEC153,MADHAN PRASAD R,3rd Year,P,
2026-08-07,24UEC153,MADHAN PRASAD R,3rd Year,P,
2026-08-10,24UEC153,MADHAN PRASAD R,3rd Year,A,
2026-08-11,24UEC153,MADHAN PRASAD R,3rd Year,P,
2026-08-12,24UEC153,MADHAN PRASAD R,3rd Year,P,
2026-08-13,24UEC153,MADHAN PRASAD R,3rd Year,P,
2026-08-14,24UEC153,MADHAN PRASAD R,3rd Year,P,
2026-08-17,24UEC153,MADHAN PRASAD R,3rd Year,P,
2026-08-18,24UEC153,MADHAN PRASAD R,3rd Year,P,
2026-08-19,24UEC153,MADHAN PRASAD R,3rd Year,P,
2026-08-21,24UEC153,MADHAN PRASAD R,3rd Year,P,
2026-08-24,24UEC153,MADHAN PRASAD R,3rd Year,A,
2026-08-25,24UEC153,MADHAN PRASAD R,3rd Year,P,
2026-09-09,24UEC153,MADHAN PRASAD R,3rd Year,A,
2026-09-10,24UEC153,MADHAN PRASAD R,3rd Year,P,
2026-09-11,24UEC153,MADHAN PRASAD R,3rd Year,A,
2026-09-15,24UEC153,MADHAN PRASAD R,3rd Year,P,
2026-09-16,24UEC153,MADHAN PRASAD R,3rd Year,P,
2026-09-17,24UEC153,MADHAN PRASAD R,3rd Year,P,
2026-09-18,24UEC153,MADHAN PRASAD R,3rd Year,A,
2026-09-21,24UEC153,MADHAN PRASAD R,3rd Year,P,
2026-09-22,24UEC153,MADHAN PRASAD R,3rd Year,P,
2026-09-23,24UEC153,MADHAN PRASAD R,3rd Year,A,
2026-09-24,24UEC153,MADHAN PRASAD R,3rd Year,P,
2026-09-25,24UEC153,MADHAN PRASAD R,3rd Year,A,
2026-09-28,24UEC153,MADHAN PRASAD R,3rd Year,P,
2026-09-29,24UEC153,MADHAN PRASAD R,3rd Year,P,
2026-09-30,24UEC153,MADHAN PRASAD R,3rd Year,P,
2026-10-01,24UEC153,MADHAN PRASAD R,3rd Year,P,
2026-10-05,24UEC153,MADHAN PRASAD R,3rd Year,A,
2026-08-03,24UME101,ADHITHYA M,3rd Year,P,
2026-08-04,24UME101,ADHITHYA M,3rd Year,A,
2026-08-05,24UME101,ADHITHYA M,3rd Year,P,
2026-08-06,24UME101,ADHITHYA M,3rd Year,P,
2026-08-07,24UME101,ADHITHYA M,3rd Year,P,
2026-08-10,24UME101,ADHITHYA M,3rd Year,P,
2026-08-11,24UME101,ADHITHYA M,3rd Year,A,
2026-08-12,24UME101,ADHITHYA M,3rd Year,P,
2026-08-13,24UME101,ADHITHYA M,3rd Year,P,
2026-08-14,24UME101,ADHITHYA M,3rd Year,P,
2026-08-17,24UME101,ADHITHYA M,3rd Year,A,
2026-08-18,24UME101,ADHITHYA M,3rd Year,A,
2026-08-19,24UME101,ADHITHYA M,3rd Year,A,
2026-08-21,24UME101,ADHITHYA M,3rd Year,A,
2026-08-24,24UME101,ADHITHYA M,3rd Year,P,
2026-08-25,24UME101,ADHITHYA M,3rd Year,A,
2026-09-09,24UME101,ADHITHYA M,3rd Year,A,
2026-09-10,24UME101,ADHITHYA M,3rd Year,A,
2026-09-11,24UME101,ADHITHYA M,3rd Year,A,
2026-09-15,24UME101,ADHITHYA M,3rd Year,P,
2026-09-16,24UME101,ADHITHYA M,3rd Year,A,
2026-09-17,24UME101,ADHITHYA M,3rd Year,A,
2026-09-18,24UME101,ADHITHYA M,3rd Year,A,
2026-09-21,24UME101,ADHITHYA M,3rd Year,P,
2026-09-22,24UME101,ADHITHYA M,3rd Year,P,
2026-09-23,24UME101,ADHITHYA M,3rd Year,P,
2026-09-24,24UME101,ADHITHYA M,3rd Year,P,
2026-09-25,24UME101,ADHITHYA M,3rd Year,P,
2026-09-28,24UME101,ADHITHYA M,3rd Year,P,
2026-09-29,24UME101,ADHITHYA M,3rd Year,P,
2026-09-30,24UME101,ADHITHYA M,3rd Year,P,
2026-10-01,24UME101,ADHITHYA M,3rd Year,P,
2026-10-05,24UME101,ADHITHYA M,3rd Year,P,
2026-08-03,24UME103,ANJAN M,3rd Year,P,
2026-08-04,24UME103,ANJAN M,3rd Year,A,
2026-08-05,24UME103,ANJAN M,3rd Year,P,
2026-08-06,24UME103,ANJAN M,3rd Year,P,
2026-08-07,24UME103,ANJAN M,3rd Year,P,
2026-08-10,24UME103,ANJAN M,3rd Year,A,
2026-08-11,24UME103,ANJAN M,3rd Year,A,
2026-08-12,24UME103,ANJAN M,3rd Year,A,
2026-08-13,24UME103,ANJAN M,3rd Year,P,
2026-08-14,24UME103,ANJAN M,3rd Year,A,
2026-08-17,24UME103,ANJAN M,3rd Year,A,
2026-08-18,24UME103,ANJAN M,3rd Year,A,
2026-08-19,24UME103,ANJAN M,3rd Year,A,
2026-08-21,24UME103,ANJAN M,3rd Year,A,
2026-08-24,24UME103,ANJAN M,3rd Year,A,
2026-08-25,24UME103,ANJAN M,3rd Year,A,
2026-09-09,24UME103,ANJAN M,3rd Year,A,
2026-09-10,24UME103,ANJAN M,3rd Year,A,
2026-09-11,24UME103,ANJAN M,3rd Year,A,
2026-09-15,24UME103,ANJAN M,3rd Year,A,
2026-09-16,24UME103,ANJAN M,3rd Year,A,
2026-09-17,24UME103,ANJAN M,3rd Year,A,
2026-09-18,24UME103,ANJAN M,3rd Year,A,
2026-09-21,24UME103,ANJAN M,3rd Year,A,
2026-09-22,24UME103,ANJAN M,3rd Year,A,
2026-09-23,24UME103,ANJAN M,3rd Year,A,
2026-09-24,24UME103,ANJAN M,3rd Year,A,
2026-09-25,24UME103,ANJAN M,3rd Year,A,
2026-09-28,24UME103,ANJAN M,3rd Year,A,
2026-09-29,24UME103,ANJAN M,3rd Year,A,
2026-09-30,24UME103,ANJAN M,3rd Year,A,
2026-10-01,24UME103,ANJAN M,3rd Year,A,
2026-10-05,24UME103,ANJAN M,3rd Year,A,
2026-08-03,24UME104,ARAVINTHKUMAR P,3rd Year,A,
2026-08-04,24UME104,ARAVINTHKUMAR P,3rd Year,A,
2026-08-05,24UME104,ARAVINTHKUMAR P,3rd Year,P,
2026-08-06,24UME104,ARAVINTHKUMAR P,3rd Year,P,
2026-08-07,24UME104,ARAVINTHKUMAR P,3rd Year,P,
2026-08-10,24UME104,ARAVINTHKUMAR P,3rd Year,P,
2026-08-11,24UME104,ARAVINTHKUMAR P,3rd Year,A,
2026-08-12,24UME104,ARAVINTHKUMAR P,3rd Year,P,
2026-08-13,24UME104,ARAVINTHKUMAR P,3rd Year,P,
2026-08-14,24UME104,ARAVINTHKUMAR P,3rd Year,P,
2026-08-17,24UME104,ARAVINTHKUMAR P,3rd Year,P,
2026-08-18,24UME104,ARAVINTHKUMAR P,3rd Year,P,
2026-08-19,24UME104,ARAVINTHKUMAR P,3rd Year,P,
2026-08-21,24UME104,ARAVINTHKUMAR P,3rd Year,A,
2026-08-24,24UME104,ARAVINTHKUMAR P,3rd Year,P,
2026-08-25,24UME104,ARAVINTHKUMAR P,3rd Year,P,
2026-09-09,24UME104,ARAVINTHKUMAR P,3rd Year,P,
2026-09-10,24UME104,ARAVINTHKUMAR P,3rd Year,P,
2026-09-11,24UME104,ARAVINTHKUMAR P,3rd Year,P,
2026-09-15,24UME104,ARAVINTHKUMAR P,3rd Year,A,
2026-09-16,24UME104,ARAVINTHKUMAR P,3rd Year,P,
2026-09-17,24UME104,ARAVINTHKUMAR P,3rd Year,P,
2026-09-18,24UME104,ARAVINTHKUMAR P,3rd Year,A,
2026-09-21,24UME104,ARAVINTHKUMAR P,3rd Year,P,
2026-09-22,24UME104,ARAVINTHKUMAR P,3rd Year,P,
2026-09-23,24UME104,ARAVINTHKUMAR P,3rd Year,P,
2026-09-24,24UME104,ARAVINTHKUMAR P,3rd Year,P,
2026-09-25,24UME104,ARAVINTHKUMAR P,3rd Year,P,
2026-09-28,24UME104,ARAVINTHKUMAR P,3rd Year,A,
2026-09-29,24UME104,ARAVINTHKUMAR P,3rd Year,P,
2026-09-30,24UME104,ARAVINTHKUMAR P,3rd Year,P,
2026-10-01,24UME104,ARAVINTHKUMAR P,3rd Year,P,
2026-10-05,24UME104,ARAVINTHKUMAR P,3rd Year,P,
2026-08-03,24UME105,BALA NISHANTH M,3rd Year,P,
2026-08-04,24UME105,BALA NISHANTH M,3rd Year,A,
2026-08-05,24UME105,BALA NISHANTH M,3rd Year,A,
2026-08-06,24UME105,BALA NISHANTH M,3rd Year,P,
2026-08-07,24UME105,BALA NISHANTH M,3rd Year,P,
2026-08-10,24UME105,BALA NISHANTH M,3rd Year,P,
2026-08-11,24UME105,BALA NISHANTH M,3rd Year,A,
2026-08-12,24UME105,BALA NISHANTH M,3rd Year,P,
2026-08-13,24UME105,BALA NISHANTH M,3rd Year,P,
2026-08-14,24UME105,BALA NISHANTH M,3rd Year,A,
2026-08-17,24UME105,BALA NISHANTH M,3rd Year,A,
2026-08-18,24UME105,BALA NISHANTH M,3rd Year,A,
2026-08-19,24UME105,BALA NISHANTH M,3rd Year,A,
2026-08-21,24UME105,BALA NISHANTH M,3rd Year,A,
2026-08-24,24UME105,BALA NISHANTH M,3rd Year,A,
2026-08-25,24UME105,BALA NISHANTH M,3rd Year,A,
2026-09-09,24UME105,BALA NISHANTH M,3rd Year,A,
2026-09-10,24UME105,BALA NISHANTH M,3rd Year,A,
2026-09-11,24UME105,BALA NISHANTH M,3rd Year,A,
2026-09-15,24UME105,BALA NISHANTH M,3rd Year,A,
2026-09-16,24UME105,BALA NISHANTH M,3rd Year,A,
2026-09-17,24UME105,BALA NISHANTH M,3rd Year,A,
2026-09-18,24UME105,BALA NISHANTH M,3rd Year,A,
2026-09-21,24UME105,BALA NISHANTH M,3rd Year,A,
2026-09-22,24UME105,BALA NISHANTH M,3rd Year,A,
2026-09-23,24UME105,BALA NISHANTH M,3rd Year,A,
2026-09-24,24UME105,BALA NISHANTH M,3rd Year,A,
2026-09-25,24UME105,BALA NISHANTH M,3rd Year,A,
2026-09-28,24UME105,BALA NISHANTH M,3rd Year,A,
2026-09-29,24UME105,BALA NISHANTH M,3rd Year,A,
2026-09-30,24UME105,BALA NISHANTH M,3rd Year,A,
2026-10-01,24UME105,BALA NISHANTH M,3rd Year,A,
2026-10-05,24UME105,BALA NISHANTH M,3rd Year,A,
2026-08-03,24UME106,BALAVIGNESH A,3rd Year,P,
2026-08-04,24UME106,BALAVIGNESH A,3rd Year,A,
2026-08-05,24UME106,BALAVIGNESH A,3rd Year,P,
2026-08-06,24UME106,BALAVIGNESH A,3rd Year,P,
2026-08-07,24UME106,BALAVIGNESH A,3rd Year,P,
2026-08-10,24UME106,BALAVIGNESH A,3rd Year,P,
2026-08-11,24UME106,BALAVIGNESH A,3rd Year,A,
2026-08-12,24UME106,BALAVIGNESH A,3rd Year,P,
2026-08-13,24UME106,BALAVIGNESH A,3rd Year,P,
2026-08-14,24UME106,BALAVIGNESH A,3rd Year,P,
2026-08-17,24UME106,BALAVIGNESH A,3rd Year,P,
2026-08-18,24UME106,BALAVIGNESH A,3rd Year,P,
2026-08-19,24UME106,BALAVIGNESH A,3rd Year,P,
2026-08-21,24UME106,BALAVIGNESH A,3rd Year,P,
2026-08-24,24UME106,BALAVIGNESH A,3rd Year,P,
2026-08-25,24UME106,BALAVIGNESH A,3rd Year,P,
2026-09-09,24UME106,BALAVIGNESH A,3rd Year,P,
2026-09-10,24UME106,BALAVIGNESH A,3rd Year,P,
2026-09-11,24UME106,BALAVIGNESH A,3rd Year,P,
2026-09-15,24UME106,BALAVIGNESH A,3rd Year,P,
2026-09-16,24UME106,BALAVIGNESH A,3rd Year,P,
2026-09-17,24UME106,BALAVIGNESH A,3rd Year,P,
2026-09-18,24UME106,BALAVIGNESH A,3rd Year,A,
2026-09-21,24UME106,BALAVIGNESH A,3rd Year,P,
2026-09-22,24UME106,BALAVIGNESH A,3rd Year,P,
2026-09-23,24UME106,BALAVIGNESH A,3rd Year,P,
2026-09-24,24UME106,BALAVIGNESH A,3rd Year,P,
2026-09-25,24UME106,BALAVIGNESH A,3rd Year,P,
2026-09-28,24UME106,BALAVIGNESH A,3rd Year,P,
2026-09-29,24UME106,BALAVIGNESH A,3rd Year,P,
2026-09-30,24UME106,BALAVIGNESH A,3rd Year,P,
2026-10-01,24UME106,BALAVIGNESH A,3rd Year,P,
2026-10-05,24UME106,BALAVIGNESH A,3rd Year,P,
2026-08-03,24UME107,BRIJESH KRISHNA R,3rd Year,P,
2026-08-04,24UME107,BRIJESH KRISHNA R,3rd Year,A,
2026-08-05,24UME107,BRIJESH KRISHNA R,3rd Year,P,
2026-08-06,24UME107,BRIJESH KRISHNA R,3rd Year,A,
2026-08-07,24UME107,BRIJESH KRISHNA R,3rd Year,A,
2026-08-10,24UME107,BRIJESH KRISHNA R,3rd Year,A,
2026-08-11,24UME107,BRIJESH KRISHNA R,3rd Year,A,
2026-08-12,24UME107,BRIJESH KRISHNA R,3rd Year,A,
2026-08-13,24UME107,BRIJESH KRISHNA R,3rd Year,A,
2026-08-14,24UME107,BRIJESH KRISHNA R,3rd Year,A,
2026-08-17,24UME107,BRIJESH KRISHNA R,3rd Year,A,
2026-08-18,24UME107,BRIJESH KRISHNA R,3rd Year,A,
2026-08-19,24UME107,BRIJESH KRISHNA R,3rd Year,A,
2026-08-21,24UME107,BRIJESH KRISHNA R,3rd Year,A,
2026-08-24,24UME107,BRIJESH KRISHNA R,3rd Year,A,
2026-08-25,24UME107,BRIJESH KRISHNA R,3rd Year,A,
2026-09-09,24UME107,BRIJESH KRISHNA R,3rd Year,A,
2026-09-10,24UME107,BRIJESH KRISHNA R,3rd Year,P,
2026-09-11,24UME107,BRIJESH KRISHNA R,3rd Year,P,
2026-09-15,24UME107,BRIJESH KRISHNA R,3rd Year,A,
2026-09-16,24UME107,BRIJESH KRISHNA R,3rd Year,P,
2026-09-17,24UME107,BRIJESH KRISHNA R,3rd Year,P,
2026-09-18,24UME107,BRIJESH KRISHNA R,3rd Year,A,
2026-09-21,24UME107,BRIJESH KRISHNA R,3rd Year,P,
2026-09-22,24UME107,BRIJESH KRISHNA R,3rd Year,A,
2026-09-23,24UME107,BRIJESH KRISHNA R,3rd Year,P,
2026-09-24,24UME107,BRIJESH KRISHNA R,3rd Year,A,
2026-09-25,24UME107,BRIJESH KRISHNA R,3rd Year,P,
2026-09-28,24UME107,BRIJESH KRISHNA R,3rd Year,P,
2026-09-29,24UME107,BRIJESH KRISHNA R,3rd Year,A,
2026-09-30,24UME107,BRIJESH KRISHNA R,3rd Year,P,
2026-10-01,24UME107,BRIJESH KRISHNA R,3rd Year,P,
2026-10-05,24UME107,BRIJESH KRISHNA R,3rd Year,P,
2026-08-03,24UME108,S. Dhinesh,3rd Year,A,
2026-08-04,24UME108,S. Dhinesh,3rd Year,A,
2026-08-05,24UME108,S. Dhinesh,3rd Year,P,
2026-08-06,24UME108,S. Dhinesh,3rd Year,P,
2026-08-07,24UME108,S. Dhinesh,3rd Year,P,
2026-08-10,24UME108,S. Dhinesh,3rd Year,P,
2026-08-11,24UME108,S. Dhinesh,3rd Year,A,
2026-08-12,24UME108,S. Dhinesh,3rd Year,A,
2026-08-13,24UME108,S. Dhinesh,3rd Year,P,
2026-09-09,24UME108,S. Dhinesh,3rd Year,P,
2026-09-10,24UME108,S. Dhinesh,3rd Year,P,
2026-09-11,24UME108,S. Dhinesh,3rd Year,P,
2026-09-15,24UME108,S. Dhinesh,3rd Year,P,
2026-09-16,24UME108,S. Dhinesh,3rd Year,A,
2026-09-17,24UME108,S. Dhinesh,3rd Year,P,
2026-09-18,24UME108,S. Dhinesh,3rd Year,A,
2026-09-21,24UME108,S. Dhinesh,3rd Year,A,
2026-09-22,24UME108,S. Dhinesh,3rd Year,A,
2026-09-23,24UME108,S. Dhinesh,3rd Year,P,
2026-09-24,24UME108,S. Dhinesh,3rd Year,P,
2026-09-25,24UME108,S. Dhinesh,3rd Year,P,
2026-09-28,24UME108,S. Dhinesh,3rd Year,P,
2026-09-29,24UME108,S. Dhinesh,3rd Year,P,
2026-09-30,24UME108,S. Dhinesh,3rd Year,P,
2026-10-01,24UME108,S. Dhinesh,3rd Year,P,
2026-10-05,24UME108,S. Dhinesh,3rd Year,P,
2026-08-03,24UME109,GOKULNATH S,3rd Year,A,
2026-08-04,24UME109,GOKULNATH S,3rd Year,A,
2026-08-05,24UME109,GOKULNATH S,3rd Year,P,
2026-08-06,24UME109,GOKULNATH S,3rd Year,P,
2026-08-07,24UME109,GOKULNATH S,3rd Year,P,
2026-08-10,24UME109,GOKULNATH S,3rd Year,P,
2026-08-11,24UME109,GOKULNATH S,3rd Year,A,
2026-08-12,24UME109,GOKULNATH S,3rd Year,P,
2026-08-13,24UME109,GOKULNATH S,3rd Year,P,
2026-08-14,24UME109,GOKULNATH S,3rd Year,P,
2026-08-17,24UME109,GOKULNATH S,3rd Year,P,
2026-08-18,24UME109,GOKULNATH S,3rd Year,P,
2026-08-19,24UME109,GOKULNATH S,3rd Year,P,
2026-08-21,24UME109,GOKULNATH S,3rd Year,P,
2026-08-24,24UME109,GOKULNATH S,3rd Year,A,
2026-08-25,24UME109,GOKULNATH S,3rd Year,A,
2026-09-09,24UME109,GOKULNATH S,3rd Year,A,
2026-09-10,24UME109,GOKULNATH S,3rd Year,P,
2026-09-11,24UME109,GOKULNATH S,3rd Year,P,
2026-09-15,24UME109,GOKULNATH S,3rd Year,P,
2026-09-16,24UME109,GOKULNATH S,3rd Year,P,
2026-09-17,24UME109,GOKULNATH S,3rd Year,P,
2026-09-18,24UME109,GOKULNATH S,3rd Year,A,
2026-09-21,24UME109,GOKULNATH S,3rd Year,P,
2026-09-22,24UME109,GOKULNATH S,3rd Year,P,
2026-09-23,24UME109,GOKULNATH S,3rd Year,P,
2026-09-24,24UME109,GOKULNATH S,3rd Year,P,
2026-09-25,24UME109,GOKULNATH S,3rd Year,P,
2026-09-28,24UME109,GOKULNATH S,3rd Year,P,
2026-09-29,24UME109,GOKULNATH S,3rd Year,P,
2026-09-30,24UME109,GOKULNATH S,3rd Year,P,
2026-10-01,24UME109,GOKULNATH S,3rd Year,P,
2026-10-05,24UME109,GOKULNATH S,3rd Year,P,
2026-08-03,24UME110,GOKULPRASAD M,3rd Year,A,
2026-08-04,24UME110,GOKULPRASAD M,3rd Year,A,
2026-08-05,24UME110,GOKULPRASAD M,3rd Year,P,
2026-08-06,24UME110,GOKULPRASAD M,3rd Year,P,
2026-08-07,24UME110,GOKULPRASAD M,3rd Year,P,
2026-08-10,24UME110,GOKULPRASAD M,3rd Year,A,
2026-08-11,24UME110,GOKULPRASAD M,3rd Year,A,
2026-08-12,24UME110,GOKULPRASAD M,3rd Year,A,
2026-08-13,24UME110,GOKULPRASAD M,3rd Year,A,
2026-09-09,24UME110,GOKULPRASAD M,3rd Year,A,
2026-09-10,24UME110,GOKULPRASAD M,3rd Year,P,
2026-09-11,24UME110,GOKULPRASAD M,3rd Year,P,
2026-09-15,24UME110,GOKULPRASAD M,3rd Year,P,
2026-09-16,24UME110,GOKULPRASAD M,3rd Year,A,
2026-09-17,24UME110,GOKULPRASAD M,3rd Year,A,
2026-09-18,24UME110,GOKULPRASAD M,3rd Year,A,
2026-09-21,24UME110,GOKULPRASAD M,3rd Year,A,
2026-09-22,24UME110,GOKULPRASAD M,3rd Year,P,
2026-09-23,24UME110,GOKULPRASAD M,3rd Year,P,
2026-09-24,24UME110,GOKULPRASAD M,3rd Year,P,
2026-09-25,24UME110,GOKULPRASAD M,3rd Year,P,
2026-09-28,24UME110,GOKULPRASAD M,3rd Year,A,
2026-09-29,24UME110,GOKULPRASAD M,3rd Year,P,
2026-09-30,24UME110,GOKULPRASAD M,3rd Year,P,
2026-10-01,24UME110,GOKULPRASAD M,3rd Year,P,
2026-10-05,24UME110,GOKULPRASAD M,3rd Year,A,
2026-08-03,24UME112,HARI VIGNESH S,3rd Year,P,
2026-08-04,24UME112,HARI VIGNESH S,3rd Year,A,
2026-08-05,24UME112,HARI VIGNESH S,3rd Year,P,
2026-08-06,24UME112,HARI VIGNESH S,3rd Year,P,
2026-08-07,24UME112,HARI VIGNESH S,3rd Year,P,
2026-08-10,24UME112,HARI VIGNESH S,3rd Year,P,
2026-08-11,24UME112,HARI VIGNESH S,3rd Year,A,
2026-08-12,24UME112,HARI VIGNESH S,3rd Year,A,
2026-08-13,24UME112,HARI VIGNESH S,3rd Year,P,
2026-08-14,24UME112,HARI VIGNESH S,3rd Year,P,
2026-08-17,24UME112,HARI VIGNESH S,3rd Year,A,
2026-08-18,24UME112,HARI VIGNESH S,3rd Year,A,
2026-08-19,24UME112,HARI VIGNESH S,3rd Year,P,
2026-08-21,24UME112,HARI VIGNESH S,3rd Year,P,
2026-08-24,24UME112,HARI VIGNESH S,3rd Year,P,
2026-08-25,24UME112,HARI VIGNESH S,3rd Year,A,
2026-09-09,24UME112,HARI VIGNESH S,3rd Year,P,
2026-09-10,24UME112,HARI VIGNESH S,3rd Year,P,
2026-09-11,24UME112,HARI VIGNESH S,3rd Year,P,
2026-09-15,24UME112,HARI VIGNESH S,3rd Year,P,
2026-09-16,24UME112,HARI VIGNESH S,3rd Year,P,
2026-09-17,24UME112,HARI VIGNESH S,3rd Year,A,
2026-09-18,24UME112,HARI VIGNESH S,3rd Year,A,
2026-09-21,24UME112,HARI VIGNESH S,3rd Year,P,
2026-09-22,24UME112,HARI VIGNESH S,3rd Year,P,
2026-09-23,24UME112,HARI VIGNESH S,3rd Year,P,
2026-09-24,24UME112,HARI VIGNESH S,3rd Year,P,
2026-09-25,24UME112,HARI VIGNESH S,3rd Year,P,
2026-09-28,24UME112,HARI VIGNESH S,3rd Year,P,
2026-09-29,24UME112,HARI VIGNESH S,3rd Year,P,
2026-09-30,24UME112,HARI VIGNESH S,3rd Year,P,
2026-10-01,24UME112,HARI VIGNESH S,3rd Year,P,
2026-10-05,24UME112,HARI VIGNESH S,3rd Year,P,
2026-08-03,24UME114,JAIKANNAN S R,3rd Year,A,
2026-08-04,24UME114,JAIKANNAN S R,3rd Year,A,
2026-08-05,24UME114,JAIKANNAN S R,3rd Year,P,
2026-08-06,24UME114,JAIKANNAN S R,3rd Year,P,
2026-08-07,24UME114,JAIKANNAN S R,3rd Year,P,
2026-08-10,24UME114,JAIKANNAN S R,3rd Year,A,
2026-08-11,24UME114,JAIKANNAN S R,3rd Year,A,
2026-08-12,24UME114,JAIKANNAN S R,3rd Year,P,
2026-08-13,24UME114,JAIKANNAN S R,3rd Year,P,
2026-08-14,24UME114,JAIKANNAN S R,3rd Year,A,
2026-08-17,24UME114,JAIKANNAN S R,3rd Year,A,
2026-08-18,24UME114,JAIKANNAN S R,3rd Year,P,
2026-08-19,24UME114,JAIKANNAN S R,3rd Year,P,
2026-08-21,24UME114,JAIKANNAN S R,3rd Year,P,
2026-08-24,24UME114,JAIKANNAN S R,3rd Year,A,
2026-08-25,24UME114,JAIKANNAN S R,3rd Year,A,
2026-09-09,24UME114,JAIKANNAN S R,3rd Year,P,
2026-09-10,24UME114,JAIKANNAN S R,3rd Year,P,
2026-09-11,24UME114,JAIKANNAN S R,3rd Year,P,
2026-09-15,24UME114,JAIKANNAN S R,3rd Year,P,
2026-09-16,24UME114,JAIKANNAN S R,3rd Year,P,
2026-09-17,24UME114,JAIKANNAN S R,3rd Year,A,
2026-09-18,24UME114,JAIKANNAN S R,3rd Year,A,
2026-09-21,24UME114,JAIKANNAN S R,3rd Year,A,
2026-09-22,24UME114,JAIKANNAN S R,3rd Year,P,
2026-09-23,24UME114,JAIKANNAN S R,3rd Year,P,
2026-09-24,24UME114,JAIKANNAN S R,3rd Year,P,
2026-09-25,24UME114,JAIKANNAN S R,3rd Year,P,
2026-09-28,24UME114,JAIKANNAN S R,3rd Year,A,
2026-09-29,24UME114,JAIKANNAN S R,3rd Year,P,
2026-09-30,24UME114,JAIKANNAN S R,3rd Year,P,
2026-10-01,24UME114,JAIKANNAN S R,3rd Year,P,
2026-10-05,24UME114,JAIKANNAN S R,3rd Year,P,
2026-08-03,24UME116,JAYAVARMAN M,3rd Year,A,
2026-08-04,24UME116,JAYAVARMAN M,3rd Year,A,
2026-08-05,24UME116,JAYAVARMAN M,3rd Year,P,
2026-08-06,24UME116,JAYAVARMAN M,3rd Year,P,
2026-08-07,24UME116,JAYAVARMAN M,3rd Year,P,
2026-08-10,24UME116,JAYAVARMAN M,3rd Year,P,
2026-08-11,24UME116,JAYAVARMAN M,3rd Year,A,
2026-08-12,24UME116,JAYAVARMAN M,3rd Year,P,
2026-08-13,24UME116,JAYAVARMAN M,3rd Year,P,
2026-08-14,24UME116,JAYAVARMAN M,3rd Year,A,
2026-08-17,24UME116,JAYAVARMAN M,3rd Year,A,
2026-08-18,24UME116,JAYAVARMAN M,3rd Year,P,
2026-08-19,24UME116,JAYAVARMAN M,3rd Year,P,
2026-08-21,24UME116,JAYAVARMAN M,3rd Year,P,
2026-08-24,24UME116,JAYAVARMAN M,3rd Year,P,
2026-08-25,24UME116,JAYAVARMAN M,3rd Year,A,
2026-09-09,24UME116,JAYAVARMAN M,3rd Year,P,
2026-09-10,24UME116,JAYAVARMAN M,3rd Year,P,
2026-09-11,24UME116,JAYAVARMAN M,3rd Year,P,
2026-09-15,24UME116,JAYAVARMAN M,3rd Year,P,
2026-09-16,24UME116,JAYAVARMAN M,3rd Year,P,
2026-09-17,24UME116,JAYAVARMAN M,3rd Year,A,
2026-09-18,24UME116,JAYAVARMAN M,3rd Year,A,
2026-09-21,24UME116,JAYAVARMAN M,3rd Year,A,
2026-09-22,24UME116,JAYAVARMAN M,3rd Year,P,
2026-09-23,24UME116,JAYAVARMAN M,3rd Year,P,
2026-09-24,24UME116,JAYAVARMAN M,3rd Year,P,
2026-09-25,24UME116,JAYAVARMAN M,3rd Year,P,
2026-09-28,24UME116,JAYAVARMAN M,3rd Year,A,
2026-09-29,24UME116,JAYAVARMAN M,3rd Year,P,
2026-09-30,24UME116,JAYAVARMAN M,3rd Year,P,
2026-10-01,24UME116,JAYAVARMAN M,3rd Year,P,
2026-10-05,24UME116,JAYAVARMAN M,3rd Year,P,
2026-08-03,24UME119,KARTHIKEYAN T,3rd Year,P,
2026-08-04,24UME119,KARTHIKEYAN T,3rd Year,A,
2026-08-05,24UME119,KARTHIKEYAN T,3rd Year,P,
2026-08-06,24UME119,KARTHIKEYAN T,3rd Year,P,
2026-08-07,24UME119,KARTHIKEYAN T,3rd Year,P,
2026-08-10,24UME119,KARTHIKEYAN T,3rd Year,P,
2026-08-11,24UME119,KARTHIKEYAN T,3rd Year,A,
2026-08-12,24UME119,KARTHIKEYAN T,3rd Year,P,
2026-08-13,24UME119,KARTHIKEYAN T,3rd Year,P,
2026-08-14,24UME119,KARTHIKEYAN T,3rd Year,A,
2026-08-17,24UME119,KARTHIKEYAN T,3rd Year,P,
2026-08-18,24UME119,KARTHIKEYAN T,3rd Year,P,
2026-08-19,24UME119,KARTHIKEYAN T,3rd Year,P,
2026-08-21,24UME119,KARTHIKEYAN T,3rd Year,P,
2026-08-24,24UME119,KARTHIKEYAN T,3rd Year,P,
2026-08-25,24UME119,KARTHIKEYAN T,3rd Year,A,
2026-09-09,24UME119,KARTHIKEYAN T,3rd Year,P,
2026-09-10,24UME119,KARTHIKEYAN T,3rd Year,P,
2026-09-11,24UME119,KARTHIKEYAN T,3rd Year,P,
2026-09-15,24UME119,KARTHIKEYAN T,3rd Year,A,
2026-09-16,24UME119,KARTHIKEYAN T,3rd Year,A,
2026-09-17,24UME119,KARTHIKEYAN T,3rd Year,P,
2026-09-18,24UME119,KARTHIKEYAN T,3rd Year,A,
2026-09-21,24UME119,KARTHIKEYAN T,3rd Year,P,
2026-09-22,24UME119,KARTHIKEYAN T,3rd Year,P,
2026-09-23,24UME119,KARTHIKEYAN T,3rd Year,P,
2026-09-24,24UME119,KARTHIKEYAN T,3rd Year,P,
2026-09-25,24UME119,KARTHIKEYAN T,3rd Year,P,
2026-09-28,24UME119,KARTHIKEYAN T,3rd Year,A,
2026-09-29,24UME119,KARTHIKEYAN T,3rd Year,P,
2026-09-30,24UME119,KARTHIKEYAN T,3rd Year,P,
2026-10-01,24UME119,KARTHIKEYAN T,3rd Year,P,
2026-10-05,24UME119,KARTHIKEYAN T,3rd Year,P,
2026-08-03,24UME120,KAVIN KUMAR R,3rd Year,A,
2026-08-04,24UME120,KAVIN KUMAR R,3rd Year,A,
2026-08-05,24UME120,KAVIN KUMAR R,3rd Year,P,
2026-08-06,24UME120,KAVIN KUMAR R,3rd Year,P,
2026-08-07,24UME120,KAVIN KUMAR R,3rd Year,P,
2026-08-10,24UME120,KAVIN KUMAR R,3rd Year,P,
2026-08-11,24UME120,KAVIN KUMAR R,3rd Year,P,
2026-08-12,24UME120,KAVIN KUMAR R,3rd Year,P,
2026-08-13,24UME120,KAVIN KUMAR R,3rd Year,P,
2026-08-14,24UME120,KAVIN KUMAR R,3rd Year,P,
2026-08-17,24UME120,KAVIN KUMAR R,3rd Year,P,
2026-08-18,24UME120,KAVIN KUMAR R,3rd Year,P,
2026-08-19,24UME120,KAVIN KUMAR R,3rd Year,P,
2026-08-21,24UME120,KAVIN KUMAR R,3rd Year,A,
2026-08-24,24UME120,KAVIN KUMAR R,3rd Year,A,
2026-08-25,24UME120,KAVIN KUMAR R,3rd Year,A,
2026-09-09,24UME120,KAVIN KUMAR R,3rd Year,A,
2026-09-10,24UME120,KAVIN KUMAR R,3rd Year,A,
2026-09-11,24UME120,KAVIN KUMAR R,3rd Year,A,
2026-09-15,24UME120,KAVIN KUMAR R,3rd Year,A,
2026-09-16,24UME120,KAVIN KUMAR R,3rd Year,A,
2026-09-17,24UME120,KAVIN KUMAR R,3rd Year,A,
2026-09-18,24UME120,KAVIN KUMAR R,3rd Year,A,
2026-09-21,24UME120,KAVIN KUMAR R,3rd Year,A,
2026-09-22,24UME120,KAVIN KUMAR R,3rd Year,A,
2026-09-23,24UME120,KAVIN KUMAR R,3rd Year,A,
2026-09-24,24UME120,KAVIN KUMAR R,3rd Year,A,
2026-09-25,24UME120,KAVIN KUMAR R,3rd Year,A,
2026-09-28,24UME120,KAVIN KUMAR R,3rd Year,A,
2026-09-29,24UME120,KAVIN KUMAR R,3rd Year,A,
2026-09-30,24UME120,KAVIN KUMAR R,3rd Year,A,
2026-10-01,24UME120,KAVIN KUMAR R,3rd Year,A,
2026-10-05,24UME120,KAVIN KUMAR R,3rd Year,A,
2026-08-03,24UME122,KOUSHIK SARAN S,3rd Year,P,
2026-08-04,24UME122,KOUSHIK SARAN S,3rd Year,A,
2026-08-05,24UME122,KOUSHIK SARAN S,3rd Year,A,
2026-08-06,24UME122,KOUSHIK SARAN S,3rd Year,P,
2026-08-07,24UME122,KOUSHIK SARAN S,3rd Year,P,
2026-08-10,24UME122,KOUSHIK SARAN S,3rd Year,P,
2026-08-11,24UME122,KOUSHIK SARAN S,3rd Year,A,
2026-08-12,24UME122,KOUSHIK SARAN S,3rd Year,P,
2026-08-13,24UME122,KOUSHIK SARAN S,3rd Year,P,
2026-08-14,24UME122,KOUSHIK SARAN S,3rd Year,A,
2026-08-17,24UME122,KOUSHIK SARAN S,3rd Year,P,
2026-08-18,24UME122,KOUSHIK SARAN S,3rd Year,P,
2026-08-19,24UME122,KOUSHIK SARAN S,3rd Year,P,
2026-08-21,24UME122,KOUSHIK SARAN S,3rd Year,P,
2026-08-24,24UME122,KOUSHIK SARAN S,3rd Year,P,
2026-08-25,24UME122,KOUSHIK SARAN S,3rd Year,A,
2026-09-09,24UME122,KOUSHIK SARAN S,3rd Year,P,
2026-09-10,24UME122,KOUSHIK SARAN S,3rd Year,A,
2026-09-11,24UME122,KOUSHIK SARAN S,3rd Year,P,
2026-09-15,24UME122,KOUSHIK SARAN S,3rd Year,P,
2026-09-16,24UME122,KOUSHIK SARAN S,3rd Year,P,
2026-09-17,24UME122,KOUSHIK SARAN S,3rd Year,A,
2026-09-18,24UME122,KOUSHIK SARAN S,3rd Year,A,
2026-09-21,24UME122,KOUSHIK SARAN S,3rd Year,A,
2026-09-22,24UME122,KOUSHIK SARAN S,3rd Year,P,
2026-09-23,24UME122,KOUSHIK SARAN S,3rd Year,P,
2026-09-24,24UME122,KOUSHIK SARAN S,3rd Year,P,
2026-09-25,24UME122,KOUSHIK SARAN S,3rd Year,A,
2026-09-28,24UME122,KOUSHIK SARAN S,3rd Year,A,
2026-09-29,24UME122,KOUSHIK SARAN S,3rd Year,P,
2026-09-30,24UME122,KOUSHIK SARAN S,3rd Year,P,
2026-10-01,24UME122,KOUSHIK SARAN S,3rd Year,P,
2026-10-05,24UME122,KOUSHIK SARAN S,3rd Year,A,
2026-08-03,24UME123,LARA BENEDICT S,3rd Year,P,
2026-08-04,24UME123,LARA BENEDICT S,3rd Year,A,
2026-08-05,24UME123,LARA BENEDICT S,3rd Year,P,
2026-08-06,24UME123,LARA BENEDICT S,3rd Year,A,
2026-08-07,24UME123,LARA BENEDICT S,3rd Year,A,
2026-08-10,24UME123,LARA BENEDICT S,3rd Year,A,
2026-08-11,24UME123,LARA BENEDICT S,3rd Year,P,
2026-08-12,24UME123,LARA BENEDICT S,3rd Year,P,
2026-08-13,24UME123,LARA BENEDICT S,3rd Year,P,
2026-08-14,24UME123,LARA BENEDICT S,3rd Year,A,
2026-08-17,24UME123,LARA BENEDICT S,3rd Year,P,
2026-08-18,24UME123,LARA BENEDICT S,3rd Year,P,
2026-08-19,24UME123,LARA BENEDICT S,3rd Year,P,
2026-08-21,24UME123,LARA BENEDICT S,3rd Year,P,
2026-08-24,24UME123,LARA BENEDICT S,3rd Year,A,
2026-08-25,24UME123,LARA BENEDICT S,3rd Year,A,
2026-09-09,24UME123,LARA BENEDICT S,3rd Year,P,
2026-09-10,24UME123,LARA BENEDICT S,3rd Year,P,
2026-09-11,24UME123,LARA BENEDICT S,3rd Year,P,
2026-09-15,24UME123,LARA BENEDICT S,3rd Year,P,
2026-09-16,24UME123,LARA BENEDICT S,3rd Year,P,
2026-09-17,24UME123,LARA BENEDICT S,3rd Year,A,
2026-09-18,24UME123,LARA BENEDICT S,3rd Year,A,
2026-09-21,24UME123,LARA BENEDICT S,3rd Year,P,
2026-09-22,24UME123,LARA BENEDICT S,3rd Year,P,
2026-09-23,24UME123,LARA BENEDICT S,3rd Year,P,
2026-09-24,24UME123,LARA BENEDICT S,3rd Year,P,
2026-09-25,24UME123,LARA BENEDICT S,3rd Year,P,
2026-09-28,24UME123,LARA BENEDICT S,3rd Year,P,
2026-09-29,24UME123,LARA BENEDICT S,3rd Year,P,
2026-09-30,24UME123,LARA BENEDICT S,3rd Year,P,
2026-10-01,24UME123,LARA BENEDICT S,3rd Year,A,
2026-10-05,24UME123,LARA BENEDICT S,3rd Year,P,
2026-08-03,24UME124,MADESH S,3rd Year,A,
2026-08-04,24UME124,MADESH S,3rd Year,A,
2026-08-05,24UME124,MADESH S,3rd Year,A,
2026-08-06,24UME124,MADESH S,3rd Year,P,
2026-08-07,24UME124,MADESH S,3rd Year,P,
2026-08-10,24UME124,MADESH S,3rd Year,P,
2026-08-11,24UME124,MADESH S,3rd Year,A,
2026-08-12,24UME124,MADESH S,3rd Year,A,
2026-08-13,24UME124,MADESH S,3rd Year,P,
2026-08-14,24UME124,MADESH S,3rd Year,A,
2026-08-17,24UME124,MADESH S,3rd Year,A,
2026-08-18,24UME124,MADESH S,3rd Year,A,
2026-08-19,24UME124,MADESH S,3rd Year,A,
2026-08-21,24UME124,MADESH S,3rd Year,A,
2026-08-24,24UME124,MADESH S,3rd Year,A,
2026-08-25,24UME124,MADESH S,3rd Year,A,
2026-09-09,24UME124,MADESH S,3rd Year,A,
2026-09-10,24UME124,MADESH S,3rd Year,P,
2026-09-11,24UME124,MADESH S,3rd Year,P,
2026-09-15,24UME124,MADESH S,3rd Year,A,
2026-09-16,24UME124,MADESH S,3rd Year,A,
2026-09-17,24UME124,MADESH S,3rd Year,A,
2026-09-18,24UME124,MADESH S,3rd Year,A,
2026-09-21,24UME124,MADESH S,3rd Year,A,
2026-09-22,24UME124,MADESH S,3rd Year,A,
2026-09-23,24UME124,MADESH S,3rd Year,A,
2026-09-24,24UME124,MADESH S,3rd Year,A,
2026-09-25,24UME124,MADESH S,3rd Year,A,
2026-09-28,24UME124,MADESH S,3rd Year,A,
2026-09-29,24UME124,MADESH S,3rd Year,A,
2026-09-30,24UME124,MADESH S,3rd Year,A,
2026-10-01,24UME124,MADESH S,3rd Year,A,
2026-10-05,24UME124,MADESH S,3rd Year,A,
2026-08-03,24UME126,MANIKANDAN T,3rd Year,A,
2026-08-04,24UME126,MANIKANDAN T,3rd Year,A,
2026-08-05,24UME126,MANIKANDAN T,3rd Year,P,
2026-08-06,24UME126,MANIKANDAN T,3rd Year,P,
2026-08-07,24UME126,MANIKANDAN T,3rd Year,P,
2026-08-10,24UME126,MANIKANDAN T,3rd Year,P,
2026-08-11,24UME126,MANIKANDAN T,3rd Year,A,
2026-08-12,24UME126,MANIKANDAN T,3rd Year,P,
2026-08-13,24UME126,MANIKANDAN T,3rd Year,P,
2026-08-14,24UME126,MANIKANDAN T,3rd Year,P,
2026-08-17,24UME126,MANIKANDAN T,3rd Year,P,
2026-08-18,24UME126,MANIKANDAN T,3rd Year,P,
2026-08-19,24UME126,MANIKANDAN T,3rd Year,A,
2026-08-21,24UME126,MANIKANDAN T,3rd Year,P,
2026-08-24,24UME126,MANIKANDAN T,3rd Year,P,
2026-08-25,24UME126,MANIKANDAN T,3rd Year,A,
2026-09-09,24UME126,MANIKANDAN T,3rd Year,P,
2026-09-10,24UME126,MANIKANDAN T,3rd Year,P,
2026-09-11,24UME126,MANIKANDAN T,3rd Year,P,
2026-09-15,24UME126,MANIKANDAN T,3rd Year,A,
2026-09-16,24UME126,MANIKANDAN T,3rd Year,A,
2026-09-17,24UME126,MANIKANDAN T,3rd Year,P,
2026-09-18,24UME126,MANIKANDAN T,3rd Year,A,
2026-09-21,24UME126,MANIKANDAN T,3rd Year,P,
2026-09-22,24UME126,MANIKANDAN T,3rd Year,A,
2026-09-23,24UME126,MANIKANDAN T,3rd Year,P,
2026-09-24,24UME126,MANIKANDAN T,3rd Year,P,
2026-09-25,24UME126,MANIKANDAN T,3rd Year,A,
2026-09-28,24UME126,MANIKANDAN T,3rd Year,P,
2026-09-29,24UME126,MANIKANDAN T,3rd Year,P,
2026-09-30,24UME126,MANIKANDAN T,3rd Year,P,
2026-10-01,24UME126,MANIKANDAN T,3rd Year,P,
2026-10-05,24UME126,MANIKANDAN T,3rd Year,P,
2026-08-03,24UME131,MONISH RAHUL S,3rd Year,P,
2026-08-04,24UME131,MONISH RAHUL S,3rd Year,A,
2026-08-05,24UME131,MONISH RAHUL S,3rd Year,P,
2026-08-06,24UME131,MONISH RAHUL S,3rd Year,P,
2026-08-07,24UME131,MONISH RAHUL S,3rd Year,P,
2026-08-10,24UME131,MONISH RAHUL S,3rd Year,A,
2026-08-11,24UME131,MONISH RAHUL S,3rd Year,P,
2026-08-12,24UME131,MONISH RAHUL S,3rd Year,P,
2026-08-13,24UME131,MONISH RAHUL S,3rd Year,P,
2026-08-14,24UME131,MONISH RAHUL S,3rd Year,P,
2026-08-17,24UME131,MONISH RAHUL S,3rd Year,P,
2026-08-18,24UME131,MONISH RAHUL S,3rd Year,P,
2026-08-19,24UME131,MONISH RAHUL S,3rd Year,A,
2026-08-21,24UME131,MONISH RAHUL S,3rd Year,P,
2026-08-24,24UME131,MONISH RAHUL S,3rd Year,P,
2026-08-25,24UME131,MONISH RAHUL S,3rd Year,P,
2026-09-09,24UME131,MONISH RAHUL S,3rd Year,A,
2026-09-10,24UME131,MONISH RAHUL S,3rd Year,P,
2026-09-11,24UME131,MONISH RAHUL S,3rd Year,P,
2026-09-15,24UME131,MONISH RAHUL S,3rd Year,P,
2026-09-16,24UME131,MONISH RAHUL S,3rd Year,P,
2026-09-17,24UME131,MONISH RAHUL S,3rd Year,P,
2026-09-18,24UME131,MONISH RAHUL S,3rd Year,A,
2026-09-21,24UME131,MONISH RAHUL S,3rd Year,P,
2026-09-22,24UME131,MONISH RAHUL S,3rd Year,P,
2026-09-23,24UME131,MONISH RAHUL S,3rd Year,P,
2026-09-24,24UME131,MONISH RAHUL S,3rd Year,A,
2026-09-25,24UME131,MONISH RAHUL S,3rd Year,P,
2026-09-28,24UME131,MONISH RAHUL S,3rd Year,P,
2026-09-29,24UME131,MONISH RAHUL S,3rd Year,P,
2026-09-30,24UME131,MONISH RAHUL S,3rd Year,A,
2026-10-01,24UME131,MONISH RAHUL S,3rd Year,A,
2026-10-05,24UME131,MONISH RAHUL S,3rd Year,A,
2026-08-03,24UME132,MUKIL VELAN J,3rd Year,A,
2026-08-04,24UME132,MUKIL VELAN J,3rd Year,A,
2026-08-05,24UME132,MUKIL VELAN J,3rd Year,A,
2026-08-06,24UME132,MUKIL VELAN J,3rd Year,A,
2026-08-07,24UME132,MUKIL VELAN J,3rd Year,A,
2026-08-10,24UME132,MUKIL VELAN J,3rd Year,P,
2026-08-11,24UME132,MUKIL VELAN J,3rd Year,A,
2026-08-12,24UME132,MUKIL VELAN J,3rd Year,P,
2026-08-13,24UME132,MUKIL VELAN J,3rd Year,P,
2026-08-14,24UME132,MUKIL VELAN J,3rd Year,P,
2026-08-17,24UME132,MUKIL VELAN J,3rd Year,A,
2026-08-18,24UME132,MUKIL VELAN J,3rd Year,P,
2026-08-19,24UME132,MUKIL VELAN J,3rd Year,P,
2026-08-21,24UME132,MUKIL VELAN J,3rd Year,P,
2026-08-24,24UME132,MUKIL VELAN J,3rd Year,A,
2026-08-25,24UME132,MUKIL VELAN J,3rd Year,A,
2026-09-09,24UME132,MUKIL VELAN J,3rd Year,P,
2026-09-10,24UME132,MUKIL VELAN J,3rd Year,P,
2026-09-11,24UME132,MUKIL VELAN J,3rd Year,P,
2026-09-15,24UME132,MUKIL VELAN J,3rd Year,P,
2026-09-16,24UME132,MUKIL VELAN J,3rd Year,P,
2026-09-17,24UME132,MUKIL VELAN J,3rd Year,P,
2026-09-18,24UME132,MUKIL VELAN J,3rd Year,A,
2026-09-21,24UME132,MUKIL VELAN J,3rd Year,P,
2026-09-22,24UME132,MUKIL VELAN J,3rd Year,P,
2026-09-23,24UME132,MUKIL VELAN J,3rd Year,P,
2026-09-24,24UME132,MUKIL VELAN J,3rd Year,P,
2026-09-25,24UME132,MUKIL VELAN J,3rd Year,P,
2026-09-28,24UME132,MUKIL VELAN J,3rd Year,P,
2026-09-29,24UME132,MUKIL VELAN J,3rd Year,P,
2026-09-30,24UME132,MUKIL VELAN J,3rd Year,P,
2026-10-01,24UME132,MUKIL VELAN J,3rd Year,P,
2026-10-05,24UME132,MUKIL VELAN J,3rd Year,A,
2026-08-03,24UME134,NANDHITHA R,3rd Year,P,
2026-08-04,24UME134,NANDHITHA R,3rd Year,A,
2026-08-05,24UME134,NANDHITHA R,3rd Year,P,
2026-08-06,24UME134,NANDHITHA R,3rd Year,P,
2026-08-07,24UME134,NANDHITHA R,3rd Year,P,
2026-08-10,24UME134,NANDHITHA R,3rd Year,A,
2026-08-11,24UME134,NANDHITHA R,3rd Year,A,
2026-08-12,24UME134,NANDHITHA R,3rd Year,A,
2026-08-13,24UME134,NANDHITHA R,3rd Year,P,
2026-08-14,24UME134,NANDHITHA R,3rd Year,A,
2026-08-17,24UME134,NANDHITHA R,3rd Year,P,
2026-08-18,24UME134,NANDHITHA R,3rd Year,P,
2026-08-19,24UME134,NANDHITHA R,3rd Year,A,
2026-08-21,24UME134,NANDHITHA R,3rd Year,P,
2026-08-24,24UME134,NANDHITHA R,3rd Year,A,
2026-08-25,24UME134,NANDHITHA R,3rd Year,A,
2026-09-09,24UME134,NANDHITHA R,3rd Year,A,
2026-09-10,24UME134,NANDHITHA R,3rd Year,A,
2026-09-11,24UME134,NANDHITHA R,3rd Year,A,
2026-09-15,24UME134,NANDHITHA R,3rd Year,A,
2026-09-16,24UME134,NANDHITHA R,3rd Year,A,
2026-09-17,24UME134,NANDHITHA R,3rd Year,A,
2026-09-18,24UME134,NANDHITHA R,3rd Year,A,
2026-09-21,24UME134,NANDHITHA R,3rd Year,A,
2026-09-22,24UME134,NANDHITHA R,3rd Year,A,
2026-09-23,24UME134,NANDHITHA R,3rd Year,A,
2026-09-24,24UME134,NANDHITHA R,3rd Year,A,
2026-09-25,24UME134,NANDHITHA R,3rd Year,A,
2026-09-28,24UME134,NANDHITHA R,3rd Year,A,
2026-09-29,24UME134,NANDHITHA R,3rd Year,A,
2026-09-30,24UME134,NANDHITHA R,3rd Year,A,
2026-10-01,24UME134,NANDHITHA R,3rd Year,A,
2026-10-05,24UME134,NANDHITHA R,3rd Year,A,
2026-08-03,24UME136,NIRANJAN P S,3rd Year,A,
2026-08-04,24UME136,NIRANJAN P S,3rd Year,A,
2026-08-05,24UME136,NIRANJAN P S,3rd Year,A,
2026-08-06,24UME136,NIRANJAN P S,3rd Year,A,
2026-08-07,24UME136,NIRANJAN P S,3rd Year,A,
2026-08-10,24UME136,NIRANJAN P S,3rd Year,P,
2026-08-11,24UME136,NIRANJAN P S,3rd Year,A,
2026-08-12,24UME136,NIRANJAN P S,3rd Year,P,
2026-08-13,24UME136,NIRANJAN P S,3rd Year,P,
2026-08-14,24UME136,NIRANJAN P S,3rd Year,P,
2026-08-17,24UME136,NIRANJAN P S,3rd Year,P,
2026-08-18,24UME136,NIRANJAN P S,3rd Year,P,
2026-08-19,24UME136,NIRANJAN P S,3rd Year,P,
2026-08-21,24UME136,NIRANJAN P S,3rd Year,P,
2026-08-24,24UME136,NIRANJAN P S,3rd Year,P,
2026-08-25,24UME136,NIRANJAN P S,3rd Year,A,
2026-09-09,24UME136,NIRANJAN P S,3rd Year,A,
2026-09-10,24UME136,NIRANJAN P S,3rd Year,P,
2026-09-11,24UME136,NIRANJAN P S,3rd Year,P,
2026-09-15,24UME136,NIRANJAN P S,3rd Year,A,
2026-09-16,24UME136,NIRANJAN P S,3rd Year,A,
2026-09-17,24UME136,NIRANJAN P S,3rd Year,P,
2026-09-18,24UME136,NIRANJAN P S,3rd Year,A,
2026-09-21,24UME136,NIRANJAN P S,3rd Year,P,
2026-09-22,24UME136,NIRANJAN P S,3rd Year,P,
2026-09-23,24UME136,NIRANJAN P S,3rd Year,P,
2026-09-24,24UME136,NIRANJAN P S,3rd Year,P,
2026-09-25,24UME136,NIRANJAN P S,3rd Year,P,
2026-09-28,24UME136,NIRANJAN P S,3rd Year,A,
2026-09-29,24UME136,NIRANJAN P S,3rd Year,A,
2026-09-30,24UME136,NIRANJAN P S,3rd Year,A,
2026-10-01,24UME136,NIRANJAN P S,3rd Year,A,
2026-10-05,24UME136,NIRANJAN P S,3rd Year,A,
2026-08-03,24UME137,NISHANTH U,3rd Year,A,
2026-08-04,24UME137,NISHANTH U,3rd Year,A,
2026-08-05,24UME137,NISHANTH U,3rd Year,P,
2026-08-06,24UME137,NISHANTH U,3rd Year,P,
2026-08-07,24UME137,NISHANTH U,3rd Year,P,
2026-08-10,24UME137,NISHANTH U,3rd Year,P,
2026-08-11,24UME137,NISHANTH U,3rd Year,A,
2026-08-12,24UME137,NISHANTH U,3rd Year,P,
2026-08-13,24UME137,NISHANTH U,3rd Year,P,
2026-08-14,24UME137,NISHANTH U,3rd Year,P,
2026-08-17,24UME137,NISHANTH U,3rd Year,A,
2026-08-18,24UME137,NISHANTH U,3rd Year,P,
2026-08-19,24UME137,NISHANTH U,3rd Year,P,
2026-08-21,24UME137,NISHANTH U,3rd Year,P,
2026-08-24,24UME137,NISHANTH U,3rd Year,P,
2026-08-25,24UME137,NISHANTH U,3rd Year,P,
2026-09-09,24UME137,NISHANTH U,3rd Year,P,
2026-09-10,24UME137,NISHANTH U,3rd Year,P,
2026-09-11,24UME137,NISHANTH U,3rd Year,P,
2026-09-15,24UME137,NISHANTH U,3rd Year,P,
2026-09-16,24UME137,NISHANTH U,3rd Year,P,
2026-09-17,24UME137,NISHANTH U,3rd Year,P,
2026-09-18,24UME137,NISHANTH U,3rd Year,A,
2026-09-21,24UME137,NISHANTH U,3rd Year,P,
2026-09-22,24UME137,NISHANTH U,3rd Year,P,
2026-09-23,24UME137,NISHANTH U,3rd Year,P,
2026-09-24,24UME137,NISHANTH U,3rd Year,P,
2026-09-25,24UME137,NISHANTH U,3rd Year,P,
2026-09-28,24UME137,NISHANTH U,3rd Year,P,
2026-09-29,24UME137,NISHANTH U,3rd Year,P,
2026-09-30,24UME137,NISHANTH U,3rd Year,P,
2026-10-01,24UME137,NISHANTH U,3rd Year,P,
2026-10-05,24UME137,NISHANTH U,3rd Year,P,
2026-08-03,24UME139,NITISH KUMAR R,3rd Year,P,
2026-08-04,24UME139,NITISH KUMAR R,3rd Year,A,
2026-08-05,24UME139,NITISH KUMAR R,3rd Year,P,
2026-08-06,24UME139,NITISH KUMAR R,3rd Year,A,
2026-08-07,24UME139,NITISH KUMAR R,3rd Year,A,
2026-08-10,24UME139,NITISH KUMAR R,3rd Year,A,
2026-08-11,24UME139,NITISH KUMAR R,3rd Year,A,
2026-08-12,24UME139,NITISH KUMAR R,3rd Year,A,
2026-08-13,24UME139,NITISH KUMAR R,3rd Year,A,
2026-08-14,24UME139,NITISH KUMAR R,3rd Year,A,
2026-08-17,24UME139,NITISH KUMAR R,3rd Year,P,
2026-08-18,24UME139,NITISH KUMAR R,3rd Year,P,
2026-08-19,24UME139,NITISH KUMAR R,3rd Year,P,
2026-08-21,24UME139,NITISH KUMAR R,3rd Year,P,
2026-08-24,24UME139,NITISH KUMAR R,3rd Year,A,
2026-08-25,24UME139,NITISH KUMAR R,3rd Year,P,
2026-09-09,24UME139,NITISH KUMAR R,3rd Year,P,
2026-09-10,24UME139,NITISH KUMAR R,3rd Year,P,
2026-09-11,24UME139,NITISH KUMAR R,3rd Year,P,
2026-09-15,24UME139,NITISH KUMAR R,3rd Year,P,
2026-09-16,24UME139,NITISH KUMAR R,3rd Year,A,
2026-09-17,24UME139,NITISH KUMAR R,3rd Year,A,
2026-09-18,24UME139,NITISH KUMAR R,3rd Year,A,
2026-09-21,24UME139,NITISH KUMAR R,3rd Year,P,
2026-09-22,24UME139,NITISH KUMAR R,3rd Year,P,
2026-09-23,24UME139,NITISH KUMAR R,3rd Year,P,
2026-09-24,24UME139,NITISH KUMAR R,3rd Year,P,
2026-09-25,24UME139,NITISH KUMAR R,3rd Year,P,
2026-09-28,24UME139,NITISH KUMAR R,3rd Year,A,
2026-09-29,24UME139,NITISH KUMAR R,3rd Year,P,
2026-09-30,24UME139,NITISH KUMAR R,3rd Year,P,
2026-10-01,24UME139,NITISH KUMAR R,3rd Year,P,
2026-10-05,24UME139,NITISH KUMAR R,3rd Year,P,
2026-08-03,24UME140,PERIYASAMY M,3rd Year,A,
2026-08-04,24UME140,PERIYASAMY M,3rd Year,A,
2026-08-05,24UME140,PERIYASAMY M,3rd Year,P,
2026-08-06,24UME140,PERIYASAMY M,3rd Year,P,
2026-08-07,24UME140,PERIYASAMY M,3rd Year,P,
2026-08-10,24UME140,PERIYASAMY M,3rd Year,A,
2026-08-11,24UME140,PERIYASAMY M,3rd Year,P,
2026-08-12,24UME140,PERIYASAMY M,3rd Year,P,
2026-08-13,24UME140,PERIYASAMY M,3rd Year,P,
2026-08-14,24UME140,PERIYASAMY M,3rd Year,P,
2026-08-17,24UME140,PERIYASAMY M,3rd Year,A,
2026-08-18,24UME140,PERIYASAMY M,3rd Year,P,
2026-08-19,24UME140,PERIYASAMY M,3rd Year,P,
2026-08-21,24UME140,PERIYASAMY M,3rd Year,P,
2026-08-24,24UME140,PERIYASAMY M,3rd Year,P,
2026-08-25,24UME140,PERIYASAMY M,3rd Year,P,
2026-09-09,24UME140,PERIYASAMY M,3rd Year,P,
2026-09-10,24UME140,PERIYASAMY M,3rd Year,P,
2026-09-11,24UME140,PERIYASAMY M,3rd Year,P,
2026-09-15,24UME140,PERIYASAMY M,3rd Year,P,
2026-09-16,24UME140,PERIYASAMY M,3rd Year,A,
2026-09-17,24UME140,PERIYASAMY M,3rd Year,P,
2026-09-18,24UME140,PERIYASAMY M,3rd Year,A,
2026-09-21,24UME140,PERIYASAMY M,3rd Year,P,
2026-09-22,24UME140,PERIYASAMY M,3rd Year,P,
2026-09-23,24UME140,PERIYASAMY M,3rd Year,P,
2026-09-24,24UME140,PERIYASAMY M,3rd Year,P,
2026-09-25,24UME140,PERIYASAMY M,3rd Year,P,
2026-09-28,24UME140,PERIYASAMY M,3rd Year,P,
2026-09-29,24UME140,PERIYASAMY M,3rd Year,P,
2026-09-30,24UME140,PERIYASAMY M,3rd Year,P,
2026-10-01,24UME140,PERIYASAMY M,3rd Year,P,
2026-10-05,24UME140,PERIYASAMY M,3rd Year,A,
2026-08-03,24UME142,ROHITH M,3rd Year,A,
2026-08-04,24UME142,ROHITH M,3rd Year,A,
2026-08-05,24UME142,ROHITH M,3rd Year,P,
2026-08-06,24UME142,ROHITH M,3rd Year,P,
2026-08-07,24UME142,ROHITH M,3rd Year,P,
2026-08-10,24UME142,ROHITH M,3rd Year,P,
2026-08-11,24UME142,ROHITH M,3rd Year,P,
2026-08-12,24UME142,ROHITH M,3rd Year,P,
2026-08-13,24UME142,ROHITH M,3rd Year,P,
2026-08-14,24UME142,ROHITH M,3rd Year,P,
2026-08-17,24UME142,ROHITH M,3rd Year,P,
2026-08-18,24UME142,ROHITH M,3rd Year,P,
2026-08-19,24UME142,ROHITH M,3rd Year,P,
2026-08-21,24UME142,ROHITH M,3rd Year,A,
2026-08-24,24UME142,ROHITH M,3rd Year,P,
2026-08-25,24UME142,ROHITH M,3rd Year,A,
2026-09-09,24UME142,ROHITH M,3rd Year,P,
2026-09-10,24UME142,ROHITH M,3rd Year,A,
2026-09-11,24UME142,ROHITH M,3rd Year,P,
2026-09-15,24UME142,ROHITH M,3rd Year,P,
2026-09-16,24UME142,ROHITH M,3rd Year,P,
2026-09-17,24UME142,ROHITH M,3rd Year,P,
2026-09-18,24UME142,ROHITH M,3rd Year,A,
2026-09-21,24UME142,ROHITH M,3rd Year,A,
2026-09-22,24UME142,ROHITH M,3rd Year,A,
2026-09-23,24UME142,ROHITH M,3rd Year,P,
2026-09-24,24UME142,ROHITH M,3rd Year,P,
2026-09-25,24UME142,ROHITH M,3rd Year,P,
2026-09-28,24UME142,ROHITH M,3rd Year,P,
2026-09-29,24UME142,ROHITH M,3rd Year,P,
2026-09-30,24UME142,ROHITH M,3rd Year,P,
2026-10-01,24UME142,ROHITH M,3rd Year,P,
2026-10-05,24UME142,ROHITH M,3rd Year,P,
2026-08-03,24UME145,SANJAY RAM J,3rd Year,P,
2026-08-04,24UME145,SANJAY RAM J,3rd Year,A,
2026-08-05,24UME145,SANJAY RAM J,3rd Year,A,
2026-08-06,24UME145,SANJAY RAM J,3rd Year,P,
2026-08-07,24UME145,SANJAY RAM J,3rd Year,P,
2026-08-10,24UME145,SANJAY RAM J,3rd Year,P,
2026-08-11,24UME145,SANJAY RAM J,3rd Year,A,
2026-08-12,24UME145,SANJAY RAM J,3rd Year,P,
2026-08-13,24UME145,SANJAY RAM J,3rd Year,P,
2026-08-14,24UME145,SANJAY RAM J,3rd Year,P,
2026-08-17,24UME145,SANJAY RAM J,3rd Year,A,
2026-08-18,24UME145,SANJAY RAM J,3rd Year,P,
2026-08-19,24UME145,SANJAY RAM J,3rd Year,P,
2026-08-21,24UME145,SANJAY RAM J,3rd Year,P,
2026-08-24,24UME145,SANJAY RAM J,3rd Year,P,
2026-08-25,24UME145,SANJAY RAM J,3rd Year,A,
2026-09-09,24UME145,SANJAY RAM J,3rd Year,A,
2026-09-10,24UME145,SANJAY RAM J,3rd Year,A,
2026-09-11,24UME145,SANJAY RAM J,3rd Year,A,
2026-09-15,24UME145,SANJAY RAM J,3rd Year,A,
2026-09-16,24UME145,SANJAY RAM J,3rd Year,A,
2026-09-17,24UME145,SANJAY RAM J,3rd Year,A,
2026-09-18,24UME145,SANJAY RAM J,3rd Year,A,
2026-09-21,24UME145,SANJAY RAM J,3rd Year,A,
2026-09-22,24UME145,SANJAY RAM J,3rd Year,A,
2026-09-23,24UME145,SANJAY RAM J,3rd Year,A,
2026-09-24,24UME145,SANJAY RAM J,3rd Year,A,
2026-09-25,24UME145,SANJAY RAM J,3rd Year,A,
2026-09-28,24UME145,SANJAY RAM J,3rd Year,A,
2026-09-29,24UME145,SANJAY RAM J,3rd Year,A,
2026-09-30,24UME145,SANJAY RAM J,3rd Year,A,
2026-10-01,24UME145,SANJAY RAM J,3rd Year,A,
2026-10-05,24UME145,SANJAY RAM J,3rd Year,A,
2026-08-03,24UME147,SENTHILKUMARAN S,3rd Year,A,
2026-08-04,24UME147,SENTHILKUMARAN S,3rd Year,A,
2026-08-05,24UME147,SENTHILKUMARAN S,3rd Year,P,
2026-08-06,24UME147,SENTHILKUMARAN S,3rd Year,A,
2026-08-07,24UME147,SENTHILKUMARAN S,3rd Year,A,
2026-08-10,24UME147,SENTHILKUMARAN S,3rd Year,A,
2026-08-11,24UME147,SENTHILKUMARAN S,3rd Year,P,
2026-08-12,24UME147,SENTHILKUMARAN S,3rd Year,P,
2026-08-13,24UME147,SENTHILKUMARAN S,3rd Year,P,
2026-08-14,24UME147,SENTHILKUMARAN S,3rd Year,A,
2026-08-17,24UME147,SENTHILKUMARAN S,3rd Year,P,
2026-08-18,24UME147,SENTHILKUMARAN S,3rd Year,P,
2026-08-19,24UME147,SENTHILKUMARAN S,3rd Year,A,
2026-08-21,24UME147,SENTHILKUMARAN S,3rd Year,P,
2026-08-24,24UME147,SENTHILKUMARAN S,3rd Year,P,
2026-08-25,24UME147,SENTHILKUMARAN S,3rd Year,P,
2026-09-09,24UME147,SENTHILKUMARAN S,3rd Year,A,
2026-09-10,24UME147,SENTHILKUMARAN S,3rd Year,P,
2026-09-11,24UME147,SENTHILKUMARAN S,3rd Year,A,
2026-09-15,24UME147,SENTHILKUMARAN S,3rd Year,P,
2026-09-16,24UME147,SENTHILKUMARAN S,3rd Year,A,
2026-09-17,24UME147,SENTHILKUMARAN S,3rd Year,P,
2026-09-18,24UME147,SENTHILKUMARAN S,3rd Year,A,
2026-09-21,24UME147,SENTHILKUMARAN S,3rd Year,P,
2026-09-22,24UME147,SENTHILKUMARAN S,3rd Year,P,
2026-09-23,24UME147,SENTHILKUMARAN S,3rd Year,P,
2026-09-24,24UME147,SENTHILKUMARAN S,3rd Year,P,
2026-09-25,24UME147,SENTHILKUMARAN S,3rd Year,P,
2026-09-28,24UME147,SENTHILKUMARAN S,3rd Year,P,
2026-09-29,24UME147,SENTHILKUMARAN S,3rd Year,P,
2026-09-30,24UME147,SENTHILKUMARAN S,3rd Year,P,
2026-10-01,24UME147,SENTHILKUMARAN S,3rd Year,P,
2026-10-05,24UME147,SENTHILKUMARAN S,3rd Year,P,
2026-08-03,24UME148,SHREE MUGAN A,3rd Year,A,
2026-08-04,24UME148,SHREE MUGAN A,3rd Year,A,
2026-08-05,24UME148,SHREE MUGAN A,3rd Year,P,
2026-08-06,24UME148,SHREE MUGAN A,3rd Year,P,
2026-08-07,24UME148,SHREE MUGAN A,3rd Year,P,
2026-08-10,24UME148,SHREE MUGAN A,3rd Year,P,
2026-08-11,24UME148,SHREE MUGAN A,3rd Year,A,
2026-08-12,24UME148,SHREE MUGAN A,3rd Year,P,
2026-08-13,24UME148,SHREE MUGAN A,3rd Year,P,
2026-08-14,24UME148,SHREE MUGAN A,3rd Year,A,
2026-08-17,24UME148,SHREE MUGAN A,3rd Year,A,
2026-08-18,24UME148,SHREE MUGAN A,3rd Year,P,
2026-08-19,24UME148,SHREE MUGAN A,3rd Year,P,
2026-08-21,24UME148,SHREE MUGAN A,3rd Year,P,
2026-08-24,24UME148,SHREE MUGAN A,3rd Year,P,
2026-08-25,24UME148,SHREE MUGAN A,3rd Year,A,
2026-09-09,24UME148,SHREE MUGAN A,3rd Year,A,
2026-09-10,24UME148,SHREE MUGAN A,3rd Year,P,
2026-09-11,24UME148,SHREE MUGAN A,3rd Year,P,
2026-09-15,24UME148,SHREE MUGAN A,3rd Year,A,
2026-09-16,24UME148,SHREE MUGAN A,3rd Year,P,
2026-09-17,24UME148,SHREE MUGAN A,3rd Year,P,
2026-09-18,24UME148,SHREE MUGAN A,3rd Year,A,
2026-09-21,24UME148,SHREE MUGAN A,3rd Year,P,
2026-09-22,24UME148,SHREE MUGAN A,3rd Year,P,
2026-09-23,24UME148,SHREE MUGAN A,3rd Year,P,
2026-09-24,24UME148,SHREE MUGAN A,3rd Year,A,
2026-09-25,24UME148,SHREE MUGAN A,3rd Year,P,
2026-09-28,24UME148,SHREE MUGAN A,3rd Year,A,
2026-09-29,24UME148,SHREE MUGAN A,3rd Year,P,
2026-09-30,24UME148,SHREE MUGAN A,3rd Year,A,
2026-10-01,24UME148,SHREE MUGAN A,3rd Year,P,
2026-10-05,24UME148,SHREE MUGAN A,3rd Year,A,
2026-08-03,24UME149,SHRIDEEPAN K,3rd Year,A,
2026-08-04,24UME149,SHRIDEEPAN K,3rd Year,A,
2026-08-05,24UME149,SHRIDEEPAN K,3rd Year,P,
2026-08-06,24UME149,SHRIDEEPAN K,3rd Year,P,
2026-08-07,24UME149,SHRIDEEPAN K,3rd Year,P,
2026-08-10,24UME149,SHRIDEEPAN K,3rd Year,P,
2026-08-11,24UME149,SHRIDEEPAN K,3rd Year,A,
2026-08-12,24UME149,SHRIDEEPAN K,3rd Year,P,
2026-08-13,24UME149,SHRIDEEPAN K,3rd Year,P,
2026-08-14,24UME149,SHRIDEEPAN K,3rd Year,A,
2026-08-17,24UME149,SHRIDEEPAN K,3rd Year,A,
2026-08-18,24UME149,SHRIDEEPAN K,3rd Year,A,
2026-08-19,24UME149,SHRIDEEPAN K,3rd Year,A,
2026-08-21,24UME149,SHRIDEEPAN K,3rd Year,A,
2026-08-24,24UME149,SHRIDEEPAN K,3rd Year,A,
2026-08-25,24UME149,SHRIDEEPAN K,3rd Year,A,
2026-09-09,24UME149,SHRIDEEPAN K,3rd Year,A,
2026-09-10,24UME149,SHRIDEEPAN K,3rd Year,A,
2026-09-11,24UME149,SHRIDEEPAN K,3rd Year,A,
2026-09-15,24UME149,SHRIDEEPAN K,3rd Year,P,
2026-09-16,24UME149,SHRIDEEPAN K,3rd Year,A,
2026-09-17,24UME149,SHRIDEEPAN K,3rd Year,A,
2026-09-18,24UME149,SHRIDEEPAN K,3rd Year,A,
2026-09-21,24UME149,SHRIDEEPAN K,3rd Year,P,
2026-09-22,24UME149,SHRIDEEPAN K,3rd Year,P,
2026-09-23,24UME149,SHRIDEEPAN K,3rd Year,A,
2026-09-24,24UME149,SHRIDEEPAN K,3rd Year,A,
2026-09-25,24UME149,SHRIDEEPAN K,3rd Year,P,
2026-09-28,24UME149,SHRIDEEPAN K,3rd Year,A,
2026-09-29,24UME149,SHRIDEEPAN K,3rd Year,A,
2026-09-30,24UME149,SHRIDEEPAN K,3rd Year,A,
2026-10-01,24UME149,SHRIDEEPAN K,3rd Year,A,
2026-10-05,24UME149,SHRIDEEPAN K,3rd Year,P,
2026-08-03,24UME150,SIVA SANKAR S,3rd Year,A,
2026-08-04,24UME150,SIVA SANKAR S,3rd Year,A,
2026-08-05,24UME150,SIVA SANKAR S,3rd Year,A,
2026-08-06,24UME150,SIVA SANKAR S,3rd Year,P,
2026-08-07,24UME150,SIVA SANKAR S,3rd Year,P,
2026-08-10,24UME150,SIVA SANKAR S,3rd Year,A,
2026-08-11,24UME150,SIVA SANKAR S,3rd Year,A,
2026-08-12,24UME150,SIVA SANKAR S,3rd Year,A,
2026-08-13,24UME150,SIVA SANKAR S,3rd Year,A,
2026-08-14,24UME150,SIVA SANKAR S,3rd Year,A,
2026-08-17,24UME150,SIVA SANKAR S,3rd Year,A,
2026-08-18,24UME150,SIVA SANKAR S,3rd Year,A,
2026-08-19,24UME150,SIVA SANKAR S,3rd Year,P,
2026-08-21,24UME150,SIVA SANKAR S,3rd Year,P,
2026-08-24,24UME150,SIVA SANKAR S,3rd Year,A,
2026-08-25,24UME150,SIVA SANKAR S,3rd Year,A,
2026-09-09,24UME150,SIVA SANKAR S,3rd Year,A,
2026-09-10,24UME150,SIVA SANKAR S,3rd Year,A,
2026-09-11,24UME150,SIVA SANKAR S,3rd Year,A,
2026-09-15,24UME150,SIVA SANKAR S,3rd Year,A,
2026-09-16,24UME150,SIVA SANKAR S,3rd Year,A,
2026-09-17,24UME150,SIVA SANKAR S,3rd Year,P,
2026-09-18,24UME150,SIVA SANKAR S,3rd Year,A,
2026-09-21,24UME150,SIVA SANKAR S,3rd Year,A,
2026-09-22,24UME150,SIVA SANKAR S,3rd Year,P,
2026-09-23,24UME150,SIVA SANKAR S,3rd Year,P,
2026-09-24,24UME150,SIVA SANKAR S,3rd Year,P,
2026-09-25,24UME150,SIVA SANKAR S,3rd Year,A,
2026-09-28,24UME150,SIVA SANKAR S,3rd Year,P,
2026-09-29,24UME150,SIVA SANKAR S,3rd Year,A,
2026-09-30,24UME150,SIVA SANKAR S,3rd Year,A,
2026-10-01,24UME150,SIVA SANKAR S,3rd Year,A,
2026-10-05,24UME150,SIVA SANKAR S,3rd Year,P,
2026-08-03,24UME152,SUJIT KUMAR P,3rd Year,P,
2026-08-04,24UME152,SUJIT KUMAR P,3rd Year,A,
2026-08-05,24UME152,SUJIT KUMAR P,3rd Year,P,
2026-08-06,24UME152,SUJIT KUMAR P,3rd Year,P,
2026-08-07,24UME152,SUJIT KUMAR P,3rd Year,P,
2026-08-10,24UME152,SUJIT KUMAR P,3rd Year,P,
2026-08-11,24UME152,SUJIT KUMAR P,3rd Year,A,
2026-08-12,24UME152,SUJIT KUMAR P,3rd Year,P,
2026-08-13,24UME152,SUJIT KUMAR P,3rd Year,P,
2026-08-14,24UME152,SUJIT KUMAR P,3rd Year,A,
2026-08-17,24UME152,SUJIT KUMAR P,3rd Year,P,
2026-08-18,24UME152,SUJIT KUMAR P,3rd Year,P,
2026-08-19,24UME152,SUJIT KUMAR P,3rd Year,P,
2026-08-21,24UME152,SUJIT KUMAR P,3rd Year,A,
2026-08-24,24UME152,SUJIT KUMAR P,3rd Year,P,
2026-08-25,24UME152,SUJIT KUMAR P,3rd Year,P,
2026-09-09,24UME152,SUJIT KUMAR P,3rd Year,P,
2026-09-10,24UME152,SUJIT KUMAR P,3rd Year,P,
2026-09-11,24UME152,SUJIT KUMAR P,3rd Year,A,
2026-09-15,24UME152,SUJIT KUMAR P,3rd Year,P,
2026-09-16,24UME152,SUJIT KUMAR P,3rd Year,P,
2026-09-17,24UME152,SUJIT KUMAR P,3rd Year,A,
2026-09-18,24UME152,SUJIT KUMAR P,3rd Year,A,
2026-09-21,24UME152,SUJIT KUMAR P,3rd Year,P,
2026-09-22,24UME152,SUJIT KUMAR P,3rd Year,P,
2026-09-23,24UME152,SUJIT KUMAR P,3rd Year,P,
2026-09-24,24UME152,SUJIT KUMAR P,3rd Year,P,
2026-09-25,24UME152,SUJIT KUMAR P,3rd Year,A,
2026-09-28,24UME152,SUJIT KUMAR P,3rd Year,P,
2026-09-29,24UME152,SUJIT KUMAR P,3rd Year,P,
2026-09-30,24UME152,SUJIT KUMAR P,3rd Year,P,
2026-10-01,24UME152,SUJIT KUMAR P,3rd Year,A,
2026-10-05,24UME152,SUJIT KUMAR P,3rd Year,P,
2026-08-03,24UME153,SURIYA A,3rd Year,P,
2026-08-04,24UME153,SURIYA A,3rd Year,A,
2026-08-05,24UME153,SURIYA A,3rd Year,A,
2026-08-06,24UME153,SURIYA A,3rd Year,P,
2026-08-07,24UME153,SURIYA A,3rd Year,P,
2026-08-10,24UME153,SURIYA A,3rd Year,P,
2026-08-11,24UME153,SURIYA A,3rd Year,P,
2026-08-12,24UME153,SURIYA A,3rd Year,A,
2026-08-13,24UME153,SURIYA A,3rd Year,P,
2026-08-14,24UME153,SURIYA A,3rd Year,A,
2026-08-17,24UME153,SURIYA A,3rd Year,P,
2026-08-18,24UME153,SURIYA A,3rd Year,A,
2026-08-19,24UME153,SURIYA A,3rd Year,P,
2026-08-21,24UME153,SURIYA A,3rd Year,P,
2026-08-24,24UME153,SURIYA A,3rd Year,P,
2026-08-25,24UME153,SURIYA A,3rd Year,P,
2026-09-09,24UME153,SURIYA A,3rd Year,P,
2026-09-10,24UME153,SURIYA A,3rd Year,A,
2026-09-11,24UME153,SURIYA A,3rd Year,P,
2026-09-15,24UME153,SURIYA A,3rd Year,P,
2026-09-16,24UME153,SURIYA A,3rd Year,P,
2026-09-17,24UME153,SURIYA A,3rd Year,P,
2026-09-18,24UME153,SURIYA A,3rd Year,A,
2026-09-21,24UME153,SURIYA A,3rd Year,P,
2026-09-22,24UME153,SURIYA A,3rd Year,A,
2026-09-23,24UME153,SURIYA A,3rd Year,P,
2026-09-24,24UME153,SURIYA A,3rd Year,P,
2026-09-25,24UME153,SURIYA A,3rd Year,P,
2026-09-28,24UME153,SURIYA A,3rd Year,P,
2026-09-29,24UME153,SURIYA A,3rd Year,P,
2026-09-30,24UME153,SURIYA A,3rd Year,P,
2026-10-01,24UME153,SURIYA A,3rd Year,A,
2026-10-05,24UME153,SURIYA A,3rd Year,P,
2026-08-03,24UME155,THIRUVENKADAM R,3rd Year,A,
2026-08-04,24UME155,THIRUVENKADAM R,3rd Year,A,
2026-08-05,24UME155,THIRUVENKADAM R,3rd Year,P,
2026-08-06,24UME155,THIRUVENKADAM R,3rd Year,P,
2026-08-07,24UME155,THIRUVENKADAM R,3rd Year,P,
2026-08-10,24UME155,THIRUVENKADAM R,3rd Year,A,
2026-08-11,24UME155,THIRUVENKADAM R,3rd Year,P,
2026-08-12,24UME155,THIRUVENKADAM R,3rd Year,P,
2026-08-13,24UME155,THIRUVENKADAM R,3rd Year,A,
2026-08-14,24UME155,THIRUVENKADAM R,3rd Year,A,
2026-08-17,24UME155,THIRUVENKADAM R,3rd Year,A,
2026-08-18,24UME155,THIRUVENKADAM R,3rd Year,P,
2026-08-19,24UME155,THIRUVENKADAM R,3rd Year,P,
2026-08-21,24UME155,THIRUVENKADAM R,3rd Year,A,
2026-08-24,24UME155,THIRUVENKADAM R,3rd Year,P,
2026-08-25,24UME155,THIRUVENKADAM R,3rd Year,A,
2026-09-09,24UME155,THIRUVENKADAM R,3rd Year,A,
2026-09-10,24UME155,THIRUVENKADAM R,3rd Year,A,
2026-09-11,24UME155,THIRUVENKADAM R,3rd Year,A,
2026-09-15,24UME155,THIRUVENKADAM R,3rd Year,A,
2026-09-16,24UME155,THIRUVENKADAM R,3rd Year,A,
2026-09-17,24UME155,THIRUVENKADAM R,3rd Year,A,
2026-09-18,24UME155,THIRUVENKADAM R,3rd Year,A,
2026-09-21,24UME155,THIRUVENKADAM R,3rd Year,A,
2026-09-22,24UME155,THIRUVENKADAM R,3rd Year,A,
2026-09-23,24UME155,THIRUVENKADAM R,3rd Year,A,
2026-09-24,24UME155,THIRUVENKADAM R,3rd Year,A,
2026-09-25,24UME155,THIRUVENKADAM R,3rd Year,A,
2026-09-28,24UME155,THIRUVENKADAM R,3rd Year,A,
2026-09-29,24UME155,THIRUVENKADAM R,3rd Year,A,
2026-09-30,24UME155,THIRUVENKADAM R,3rd Year,A,
2026-10-01,24UME155,THIRUVENKADAM R,3rd Year,A,
2026-10-05,24UME155,THIRUVENKADAM R,3rd Year,A,
2026-08-03,24UME156,VIJAYA DHANUSH V,3rd Year,A,
2026-08-04,24UME156,VIJAYA DHANUSH V,3rd Year,P,
2026-08-05,24UME156,VIJAYA DHANUSH V,3rd Year,P,
2026-08-06,24UME156,VIJAYA DHANUSH V,3rd Year,P,
2026-08-07,24UME156,VIJAYA DHANUSH V,3rd Year,P,
2026-08-10,24UME156,VIJAYA DHANUSH V,3rd Year,A,
2026-08-11,24UME156,VIJAYA DHANUSH V,3rd Year,P,
2026-08-12,24UME156,VIJAYA DHANUSH V,3rd Year,P,
2026-08-13,24UME156,VIJAYA DHANUSH V,3rd Year,A,
2026-08-14,24UME156,VIJAYA DHANUSH V,3rd Year,A,
2026-08-17,24UME156,VIJAYA DHANUSH V,3rd Year,A,
2026-08-18,24UME156,VIJAYA DHANUSH V,3rd Year,A,
2026-08-19,24UME156,VIJAYA DHANUSH V,3rd Year,A,
2026-08-21,24UME156,VIJAYA DHANUSH V,3rd Year,P,
2026-08-24,24UME156,VIJAYA DHANUSH V,3rd Year,P,
2026-08-25,24UME156,VIJAYA DHANUSH V,3rd Year,A,
2026-09-09,24UME156,VIJAYA DHANUSH V,3rd Year,P,
2026-09-10,24UME156,VIJAYA DHANUSH V,3rd Year,A,
2026-09-11,24UME156,VIJAYA DHANUSH V,3rd Year,A,
2026-09-15,24UME156,VIJAYA DHANUSH V,3rd Year,A,
2026-09-16,24UME156,VIJAYA DHANUSH V,3rd Year,A,
2026-09-17,24UME156,VIJAYA DHANUSH V,3rd Year,A,
2026-09-18,24UME156,VIJAYA DHANUSH V,3rd Year,A,
2026-09-21,24UME156,VIJAYA DHANUSH V,3rd Year,A,
2026-09-22,24UME156,VIJAYA DHANUSH V,3rd Year,A,
2026-09-23,24UME156,VIJAYA DHANUSH V,3rd Year,A,
2026-09-24,24UME156,VIJAYA DHANUSH V,3rd Year,A,
2026-09-25,24UME156,VIJAYA DHANUSH V,3rd Year,A,
2026-09-28,24UME156,VIJAYA DHANUSH V,3rd Year,A,
2026-09-29,24UME156,VIJAYA DHANUSH V,3rd Year,A,
2026-09-30,24UME156,VIJAYA DHANUSH V,3rd Year,A,
2026-10-01,24UME156,VIJAYA DHANUSH V,3rd Year,A,
2026-10-05,24UME156,VIJAYA DHANUSH V,3rd Year,A,
2026-08-03,24UME157,VIKAASH S K,3rd Year,P,
2026-08-04,24UME157,VIKAASH S K,3rd Year,A,
2026-08-05,24UME157,VIKAASH S K,3rd Year,P,
2026-08-06,24UME157,VIKAASH S K,3rd Year,P,
2026-08-07,24UME157,VIKAASH S K,3rd Year,P,
2026-08-10,24UME157,VIKAASH S K,3rd Year,P,
2026-08-11,24UME157,VIKAASH S K,3rd Year,A,
2026-08-12,24UME157,VIKAASH S K,3rd Year,P,
2026-08-13,24UME157,VIKAASH S K,3rd Year,P,
2026-08-14,24UME157,VIKAASH S K,3rd Year,P,
2026-08-17,24UME157,VIKAASH S K,3rd Year,P,
2026-08-18,24UME157,VIKAASH S K,3rd Year,P,
2026-08-19,24UME157,VIKAASH S K,3rd Year,P,
2026-08-21,24UME157,VIKAASH S K,3rd Year,P,
2026-08-24,24UME157,VIKAASH S K,3rd Year,P,
2026-08-25,24UME157,VIKAASH S K,3rd Year,A,
2026-09-09,24UME157,VIKAASH S K,3rd Year,P,
2026-09-10,24UME157,VIKAASH S K,3rd Year,P,
2026-09-11,24UME157,VIKAASH S K,3rd Year,P,
2026-09-15,24UME157,VIKAASH S K,3rd Year,P,
2026-09-16,24UME157,VIKAASH S K,3rd Year,A,
2026-09-17,24UME157,VIKAASH S K,3rd Year,P,
2026-09-18,24UME157,VIKAASH S K,3rd Year,A,
2026-09-21,24UME157,VIKAASH S K,3rd Year,P,
2026-09-22,24UME157,VIKAASH S K,3rd Year,P,
2026-09-23,24UME157,VIKAASH S K,3rd Year,P,
2026-09-24,24UME157,VIKAASH S K,3rd Year,P,
2026-09-25,24UME157,VIKAASH S K,3rd Year,P,
2026-09-28,24UME157,VIKAASH S K,3rd Year,P,
2026-09-29,24UME157,VIKAASH S K,3rd Year,A,
2026-09-30,24UME157,VIKAASH S K,3rd Year,P,
2026-10-01,24UME157,VIKAASH S K,3rd Year,P,
2026-10-05,24UME157,VIKAASH S K,3rd Year,P,
2026-08-03,24UME158,VIKAS V,3rd Year,P,
2026-08-04,24UME158,VIKAS V,3rd Year,A,
2026-08-05,24UME158,VIKAS V,3rd Year,P,
2026-08-06,24UME158,VIKAS V,3rd Year,A,
2026-08-07,24UME158,VIKAS V,3rd Year,A,
2026-08-10,24UME158,VIKAS V,3rd Year,P,
2026-08-11,24UME158,VIKAS V,3rd Year,A,
2026-08-12,24UME158,VIKAS V,3rd Year,P,
2026-08-13,24UME158,VIKAS V,3rd Year,P,
2026-08-14,24UME158,VIKAS V,3rd Year,A,
2026-08-17,24UME158,VIKAS V,3rd Year,P,
2026-08-18,24UME158,VIKAS V,3rd Year,P,
2026-08-19,24UME158,VIKAS V,3rd Year,P,
2026-08-21,24UME158,VIKAS V,3rd Year,P,
2026-08-24,24UME158,VIKAS V,3rd Year,P,
2026-08-25,24UME158,VIKAS V,3rd Year,P,
2026-09-09,24UME158,VIKAS V,3rd Year,P,
2026-09-10,24UME158,VIKAS V,3rd Year,P,
2026-09-11,24UME158,VIKAS V,3rd Year,A,
2026-09-15,24UME158,VIKAS V,3rd Year,P,
2026-09-16,24UME158,VIKAS V,3rd Year,P,
2026-09-17,24UME158,VIKAS V,3rd Year,A,
2026-09-18,24UME158,VIKAS V,3rd Year,A,
2026-09-21,24UME158,VIKAS V,3rd Year,P,
2026-09-22,24UME158,VIKAS V,3rd Year,P,
2026-09-23,24UME158,VIKAS V,3rd Year,P,
2026-09-24,24UME158,VIKAS V,3rd Year,P,
2026-09-25,24UME158,VIKAS V,3rd Year,A,
2026-09-28,24UME158,VIKAS V,3rd Year,P,
2026-09-29,24UME158,VIKAS V,3rd Year,P,
2026-09-30,24UME158,VIKAS V,3rd Year,P,
2026-10-01,24UME158,VIKAS V,3rd Year,A,
2026-10-05,24UME158,VIKAS V,3rd Year,P,
2026-08-03,24UME159,VINOTHKUMAR S,3rd Year,A,
2026-08-04,24UME159,VINOTHKUMAR S,3rd Year,A,
2026-08-05,24UME159,VINOTHKUMAR S,3rd Year,A,
2026-08-06,24UME159,VINOTHKUMAR S,3rd Year,P,
2026-08-07,24UME159,VINOTHKUMAR S,3rd Year,P,
2026-08-10,24UME159,VINOTHKUMAR S,3rd Year,P,
2026-08-11,24UME159,VINOTHKUMAR S,3rd Year,P,
2026-08-12,24UME159,VINOTHKUMAR S,3rd Year,P,
2026-08-13,24UME159,VINOTHKUMAR S,3rd Year,P,
2026-08-14,24UME159,VINOTHKUMAR S,3rd Year,P,
2026-08-17,24UME159,VINOTHKUMAR S,3rd Year,A,
2026-08-18,24UME159,VINOTHKUMAR S,3rd Year,P,
2026-08-19,24UME159,VINOTHKUMAR S,3rd Year,P,
2026-08-21,24UME159,VINOTHKUMAR S,3rd Year,P,
2026-08-24,24UME159,VINOTHKUMAR S,3rd Year,P,
2026-08-25,24UME159,VINOTHKUMAR S,3rd Year,A,
2026-09-09,24UME159,VINOTHKUMAR S,3rd Year,P,
2026-09-10,24UME159,VINOTHKUMAR S,3rd Year,P,
2026-09-11,24UME159,VINOTHKUMAR S,3rd Year,P,
2026-09-15,24UME159,VINOTHKUMAR S,3rd Year,A,
2026-09-16,24UME159,VINOTHKUMAR S,3rd Year,P,
2026-09-17,24UME159,VINOTHKUMAR S,3rd Year,P,
2026-09-18,24UME159,VINOTHKUMAR S,3rd Year,A,
2026-09-21,24UME159,VINOTHKUMAR S,3rd Year,P,
2026-09-22,24UME159,VINOTHKUMAR S,3rd Year,P,
2026-09-23,24UME159,VINOTHKUMAR S,3rd Year,P,
2026-09-24,24UME159,VINOTHKUMAR S,3rd Year,P,
2026-09-25,24UME159,VINOTHKUMAR S,3rd Year,A,
2026-09-28,24UME159,VINOTHKUMAR S,3rd Year,P,
2026-09-29,24UME159,VINOTHKUMAR S,3rd Year,A,
2026-09-30,24UME159,VINOTHKUMAR S,3rd Year,A,
2026-10-01,24UME159,VINOTHKUMAR S,3rd Year,A,
2026-10-05,24UME159,VINOTHKUMAR S,3rd Year,P,
2026-08-03,24UME160,VISHNESHWARAN V,3rd Year,P,
2026-08-04,24UME160,VISHNESHWARAN V,3rd Year,A,
2026-08-05,24UME160,VISHNESHWARAN V,3rd Year,P,
2026-08-06,24UME160,VISHNESHWARAN V,3rd Year,P,
2026-08-07,24UME160,VISHNESHWARAN V,3rd Year,P,
2026-08-10,24UME160,VISHNESHWARAN V,3rd Year,P,
2026-08-11,24UME160,VISHNESHWARAN V,3rd Year,P,
2026-08-12,24UME160,VISHNESHWARAN V,3rd Year,P,
2026-08-13,24UME160,VISHNESHWARAN V,3rd Year,P,
2026-08-14,24UME160,VISHNESHWARAN V,3rd Year,A,
2026-08-17,24UME160,VISHNESHWARAN V,3rd Year,A,
2026-08-18,24UME160,VISHNESHWARAN V,3rd Year,A,
2026-08-19,24UME160,VISHNESHWARAN V,3rd Year,A,
2026-08-21,24UME160,VISHNESHWARAN V,3rd Year,A,
2026-08-24,24UME160,VISHNESHWARAN V,3rd Year,P,
2026-08-25,24UME160,VISHNESHWARAN V,3rd Year,A,
2026-09-09,24UME160,VISHNESHWARAN V,3rd Year,A,
2026-09-10,24UME160,VISHNESHWARAN V,3rd Year,A,
2026-09-11,24UME160,VISHNESHWARAN V,3rd Year,A,
2026-09-15,24UME160,VISHNESHWARAN V,3rd Year,P,
2026-09-16,24UME160,VISHNESHWARAN V,3rd Year,A,
2026-09-17,24UME160,VISHNESHWARAN V,3rd Year,A,
2026-09-18,24UME160,VISHNESHWARAN V,3rd Year,A,
2026-09-21,24UME160,VISHNESHWARAN V,3rd Year,P,
2026-09-22,24UME160,VISHNESHWARAN V,3rd Year,P,
2026-09-23,24UME160,VISHNESHWARAN V,3rd Year,P,
2026-09-24,24UME160,VISHNESHWARAN V,3rd Year,P,
2026-09-25,24UME160,VISHNESHWARAN V,3rd Year,P,
2026-09-28,24UME160,VISHNESHWARAN V,3rd Year,A,
2026-09-29,24UME160,VISHNESHWARAN V,3rd Year,A,
2026-09-30,24UME160,VISHNESHWARAN V,3rd Year,A,
2026-10-01,24UME160,VISHNESHWARAN V,3rd Year,A,
2026-10-05,24UME160,VISHNESHWARAN V,3rd Year,A,
2026-08-03,24UME602,DHAVENDRA M P,3rd Year,A,
2026-08-04,24UME602,DHAVENDRA M P,3rd Year,A,
2026-08-05,24UME602,DHAVENDRA M P,3rd Year,P,
2026-08-06,24UME602,DHAVENDRA M P,3rd Year,P,
2026-08-07,24UME602,DHAVENDRA M P,3rd Year,P,
2026-08-10,24UME602,DHAVENDRA M P,3rd Year,P,
2026-08-11,24UME602,DHAVENDRA M P,3rd Year,P,
2026-08-12,24UME602,DHAVENDRA M P,3rd Year,P,
2026-08-13,24UME602,DHAVENDRA M P,3rd Year,P,
2026-08-14,24UME602,DHAVENDRA M P,3rd Year,A,
2026-08-17,24UME602,DHAVENDRA M P,3rd Year,P,
2026-08-18,24UME602,DHAVENDRA M P,3rd Year,P,
2026-08-19,24UME602,DHAVENDRA M P,3rd Year,A,
2026-08-21,24UME602,DHAVENDRA M P,3rd Year,A,
2026-08-24,24UME602,DHAVENDRA M P,3rd Year,A,
2026-08-25,24UME602,DHAVENDRA M P,3rd Year,A,
2026-09-09,24UME602,DHAVENDRA M P,3rd Year,A,
2026-09-10,24UME602,DHAVENDRA M P,3rd Year,A,
2026-09-11,24UME602,DHAVENDRA M P,3rd Year,A,
2026-09-15,24UME602,DHAVENDRA M P,3rd Year,A,
2026-09-16,24UME602,DHAVENDRA M P,3rd Year,A,
2026-09-17,24UME602,DHAVENDRA M P,3rd Year,A,
2026-09-18,24UME602,DHAVENDRA M P,3rd Year,A,
2026-09-21,24UME602,DHAVENDRA M P,3rd Year,A,
2026-09-22,24UME602,DHAVENDRA M P,3rd Year,A,
2026-09-23,24UME602,DHAVENDRA M P,3rd Year,A,
2026-09-24,24UME602,DHAVENDRA M P,3rd Year,A,
2026-09-25,24UME602,DHAVENDRA M P,3rd Year,A,
2026-09-28,24UME602,DHAVENDRA M P,3rd Year,A,
2026-09-29,24UME602,DHAVENDRA M P,3rd Year,A,
2026-09-30,24UME602,DHAVENDRA M P,3rd Year,A,
2026-10-01,24UME602,DHAVENDRA M P,3rd Year,A,
2026-10-05,24UME602,DHAVENDRA M P,3rd Year,A,
2026-08-03,24UME603,ISAC DANIEL A,3rd Year,P,
2026-08-04,24UME603,ISAC DANIEL A,3rd Year,A,
2026-08-05,24UME603,ISAC DANIEL A,3rd Year,P,
2026-08-06,24UME603,ISAC DANIEL A,3rd Year,P,
2026-08-07,24UME603,ISAC DANIEL A,3rd Year,P,
2026-08-10,24UME603,ISAC DANIEL A,3rd Year,P,
2026-08-11,24UME603,ISAC DANIEL A,3rd Year,A,
2026-08-12,24UME603,ISAC DANIEL A,3rd Year,P,
2026-08-13,24UME603,ISAC DANIEL A,3rd Year,P,
2026-08-14,24UME603,ISAC DANIEL A,3rd Year,A,
2026-08-17,24UME603,ISAC DANIEL A,3rd Year,A,
2026-08-18,24UME603,ISAC DANIEL A,3rd Year,P,
2026-08-19,24UME603,ISAC DANIEL A,3rd Year,P,
2026-08-21,24UME603,ISAC DANIEL A,3rd Year,P,
2026-08-24,24UME603,ISAC DANIEL A,3rd Year,A,
2026-08-25,24UME603,ISAC DANIEL A,3rd Year,A,
2026-09-09,24UME603,ISAC DANIEL A,3rd Year,A,
2026-09-10,24UME603,ISAC DANIEL A,3rd Year,A,
2026-09-11,24UME603,ISAC DANIEL A,3rd Year,P,
2026-09-15,24UME603,ISAC DANIEL A,3rd Year,A,
2026-09-16,24UME603,ISAC DANIEL A,3rd Year,A,
2026-09-17,24UME603,ISAC DANIEL A,3rd Year,P,
2026-09-18,24UME603,ISAC DANIEL A,3rd Year,A,
2026-09-21,24UME603,ISAC DANIEL A,3rd Year,A,
2026-09-22,24UME603,ISAC DANIEL A,3rd Year,P,
2026-09-23,24UME603,ISAC DANIEL A,3rd Year,P,
2026-09-24,24UME603,ISAC DANIEL A,3rd Year,P,
2026-09-25,24UME603,ISAC DANIEL A,3rd Year,A,
2026-09-28,24UME603,ISAC DANIEL A,3rd Year,P,
2026-09-29,24UME603,ISAC DANIEL A,3rd Year,P,
2026-09-30,24UME603,ISAC DANIEL A,3rd Year,P,
2026-10-01,24UME603,ISAC DANIEL A,3rd Year,A,
2026-10-05,24UME603,ISAC DANIEL A,3rd Year,A,
2026-08-03,24UME604,JAYASURYA NARAYAN,3rd Year,P,
2026-08-04,24UME604,JAYASURYA NARAYAN,3rd Year,A,
2026-08-05,24UME604,JAYASURYA NARAYAN,3rd Year,P,
2026-08-06,24UME604,JAYASURYA NARAYAN,3rd Year,P,
2026-08-07,24UME604,JAYASURYA NARAYAN,3rd Year,P,
2026-08-10,24UME604,JAYASURYA NARAYAN,3rd Year,P,
2026-08-11,24UME604,JAYASURYA NARAYAN,3rd Year,A,
2026-08-12,24UME604,JAYASURYA NARAYAN,3rd Year,P,
2026-08-13,24UME604,JAYASURYA NARAYAN,3rd Year,A,
2026-08-14,24UME604,JAYASURYA NARAYAN,3rd Year,P,
2026-08-17,24UME604,JAYASURYA NARAYAN,3rd Year,P,
2026-08-18,24UME604,JAYASURYA NARAYAN,3rd Year,P,
2026-08-19,24UME604,JAYASURYA NARAYAN,3rd Year,P,
2026-08-21,24UME604,JAYASURYA NARAYAN,3rd Year,P,
2026-08-24,24UME604,JAYASURYA NARAYAN,3rd Year,P,
2026-08-25,24UME604,JAYASURYA NARAYAN,3rd Year,P,
2026-09-09,24UME604,JAYASURYA NARAYAN,3rd Year,P,
2026-09-10,24UME604,JAYASURYA NARAYAN,3rd Year,P,
2026-09-11,24UME604,JAYASURYA NARAYAN,3rd Year,P,
2026-09-15,24UME604,JAYASURYA NARAYAN,3rd Year,P,
2026-09-16,24UME604,JAYASURYA NARAYAN,3rd Year,A,
2026-09-17,24UME604,JAYASURYA NARAYAN,3rd Year,A,
2026-09-18,24UME604,JAYASURYA NARAYAN,3rd Year,A,
2026-09-21,24UME604,JAYASURYA NARAYAN,3rd Year,P,
2026-09-22,24UME604,JAYASURYA NARAYAN,3rd Year,P,
2026-09-23,24UME604,JAYASURYA NARAYAN,3rd Year,P,
2026-09-24,24UME604,JAYASURYA NARAYAN,3rd Year,P,
2026-09-25,24UME604,JAYASURYA NARAYAN,3rd Year,A,
2026-09-28,24UME604,JAYASURYA NARAYAN,3rd Year,P,
2026-09-29,24UME604,JAYASURYA NARAYAN,3rd Year,P,
2026-09-30,24UME604,JAYASURYA NARAYAN,3rd Year,P,
2026-10-01,24UME604,JAYASURYA NARAYAN,3rd Year,P,
2026-10-05,24UME604,JAYASURYA NARAYAN,3rd Year,P,
2026-08-03,24UME605,KAVIBALAN K,3rd Year,A,
2026-08-04,24UME605,KAVIBALAN K,3rd Year,A,
2026-08-05,24UME605,KAVIBALAN K,3rd Year,P,
2026-08-06,24UME605,KAVIBALAN K,3rd Year,P,
2026-08-07,24UME605,KAVIBALAN K,3rd Year,P,
2026-08-10,24UME605,KAVIBALAN K,3rd Year,P,
2026-08-11,24UME605,KAVIBALAN K,3rd Year,P,
2026-08-12,24UME605,KAVIBALAN K,3rd Year,P,
2026-08-13,24UME605,KAVIBALAN K,3rd Year,P,
2026-08-14,24UME605,KAVIBALAN K,3rd Year,A,
2026-08-17,24UME605,KAVIBALAN K,3rd Year,A,
2026-08-18,24UME605,KAVIBALAN K,3rd Year,P,
2026-08-19,24UME605,KAVIBALAN K,3rd Year,P,
2026-08-21,24UME605,KAVIBALAN K,3rd Year,P,
2026-08-24,24UME605,KAVIBALAN K,3rd Year,P,
2026-08-25,24UME605,KAVIBALAN K,3rd Year,A,
2026-09-09,24UME605,KAVIBALAN K,3rd Year,A,
2026-09-10,24UME605,KAVIBALAN K,3rd Year,P,
2026-09-11,24UME605,KAVIBALAN K,3rd Year,P,
2026-09-15,24UME605,KAVIBALAN K,3rd Year,A,
2026-09-16,24UME605,KAVIBALAN K,3rd Year,P,
2026-09-17,24UME605,KAVIBALAN K,3rd Year,P,
2026-09-18,24UME605,KAVIBALAN K,3rd Year,A,
2026-09-21,24UME605,KAVIBALAN K,3rd Year,P,
2026-09-22,24UME605,KAVIBALAN K,3rd Year,P,
2026-09-23,24UME605,KAVIBALAN K,3rd Year,P,
2026-09-24,24UME605,KAVIBALAN K,3rd Year,P,
2026-09-25,24UME605,KAVIBALAN K,3rd Year,P,
2026-09-28,24UME605,KAVIBALAN K,3rd Year,A,
2026-09-29,24UME605,KAVIBALAN K,3rd Year,A,
2026-09-30,24UME605,KAVIBALAN K,3rd Year,A,
2026-10-01,24UME605,KAVIBALAN K,3rd Year,A,
2026-10-05,24UME605,KAVIBALAN K,3rd Year,A,
2026-08-03,24UME607,KUBERAKEERTHI T,3rd Year,P,
2026-08-04,24UME607,KUBERAKEERTHI T,3rd Year,A,
2026-08-05,24UME607,KUBERAKEERTHI T,3rd Year,P,
2026-08-06,24UME607,KUBERAKEERTHI T,3rd Year,P,
2026-08-07,24UME607,KUBERAKEERTHI T,3rd Year,P,
2026-08-10,24UME607,KUBERAKEERTHI T,3rd Year,P,
2026-08-11,24UME607,KUBERAKEERTHI T,3rd Year,P,
2026-08-12,24UME607,KUBERAKEERTHI T,3rd Year,P,
2026-08-13,24UME607,KUBERAKEERTHI T,3rd Year,A,
2026-08-14,24UME607,KUBERAKEERTHI T,3rd Year,P,
2026-08-17,24UME607,KUBERAKEERTHI T,3rd Year,P,
2026-08-18,24UME607,KUBERAKEERTHI T,3rd Year,P,
2026-08-19,24UME607,KUBERAKEERTHI T,3rd Year,A,
2026-08-21,24UME607,KUBERAKEERTHI T,3rd Year,A,
2026-08-24,24UME607,KUBERAKEERTHI T,3rd Year,A,
2026-08-25,24UME607,KUBERAKEERTHI T,3rd Year,A,
2026-09-09,24UME607,KUBERAKEERTHI T,3rd Year,A,
2026-09-10,24UME607,KUBERAKEERTHI T,3rd Year,A,
2026-09-11,24UME607,KUBERAKEERTHI T,3rd Year,A,
2026-09-15,24UME607,KUBERAKEERTHI T,3rd Year,A,
2026-09-16,24UME607,KUBERAKEERTHI T,3rd Year,A,
2026-09-17,24UME607,KUBERAKEERTHI T,3rd Year,A,
2026-09-18,24UME607,KUBERAKEERTHI T,3rd Year,A,
2026-09-21,24UME607,KUBERAKEERTHI T,3rd Year,A,
2026-09-22,24UME607,KUBERAKEERTHI T,3rd Year,A,
2026-09-23,24UME607,KUBERAKEERTHI T,3rd Year,A,
2026-09-24,24UME607,KUBERAKEERTHI T,3rd Year,A,
2026-09-25,24UME607,KUBERAKEERTHI T,3rd Year,A,
2026-09-28,24UME607,KUBERAKEERTHI T,3rd Year,A,
2026-09-29,24UME607,KUBERAKEERTHI T,3rd Year,A,
2026-09-30,24UME607,KUBERAKEERTHI T,3rd Year,A,
2026-10-01,24UME607,KUBERAKEERTHI T,3rd Year,A,
2026-10-05,24UME607,KUBERAKEERTHI T,3rd Year,A,
2026-08-03,24UME608,SRI HARIHARASUDHAN G K,3rd Year,A,
2026-08-04,24UME608,SRI HARIHARASUDHAN G K,3rd Year,A,
2026-08-05,24UME608,SRI HARIHARASUDHAN G K,3rd Year,P,
2026-08-06,24UME608,SRI HARIHARASUDHAN G K,3rd Year,P,
2026-08-07,24UME608,SRI HARIHARASUDHAN G K,3rd Year,P,
2026-08-10,24UME608,SRI HARIHARASUDHAN G K,3rd Year,P,
2026-08-11,24UME608,SRI HARIHARASUDHAN G K,3rd Year,A,
2026-08-12,24UME608,SRI HARIHARASUDHAN G K,3rd Year,A,
2026-08-13,24UME608,SRI HARIHARASUDHAN G K,3rd Year,P,
2026-08-14,24UME608,SRI HARIHARASUDHAN G K,3rd Year,P,
2026-08-17,24UME608,SRI HARIHARASUDHAN G K,3rd Year,A,
2026-08-18,24UME608,SRI HARIHARASUDHAN G K,3rd Year,P,
2026-08-19,24UME608,SRI HARIHARASUDHAN G K,3rd Year,P,
2026-08-21,24UME608,SRI HARIHARASUDHAN G K,3rd Year,P,
2026-08-24,24UME608,SRI HARIHARASUDHAN G K,3rd Year,P,
2026-08-25,24UME608,SRI HARIHARASUDHAN G K,3rd Year,A,
2026-09-09,24UME608,SRI HARIHARASUDHAN G K,3rd Year,A,
2026-09-10,24UME608,SRI HARIHARASUDHAN G K,3rd Year,P,
2026-09-11,24UME608,SRI HARIHARASUDHAN G K,3rd Year,P,
2026-09-15,24UME608,SRI HARIHARASUDHAN G K,3rd Year,P,
2026-09-16,24UME608,SRI HARIHARASUDHAN G K,3rd Year,P,
2026-09-17,24UME608,SRI HARIHARASUDHAN G K,3rd Year,P,
2026-09-18,24UME608,SRI HARIHARASUDHAN G K,3rd Year,A,
2026-09-21,24UME608,SRI HARIHARASUDHAN G K,3rd Year,A,
2026-09-22,24UME608,SRI HARIHARASUDHAN G K,3rd Year,P,
2026-09-23,24UME608,SRI HARIHARASUDHAN G K,3rd Year,A,
2026-09-24,24UME608,SRI HARIHARASUDHAN G K,3rd Year,P,
2026-09-25,24UME608,SRI HARIHARASUDHAN G K,3rd Year,P,
2026-09-28,24UME608,SRI HARIHARASUDHAN G K,3rd Year,P,
2026-09-29,24UME608,SRI HARIHARASUDHAN G K,3rd Year,P,
2026-09-30,24UME608,SRI HARIHARASUDHAN G K,3rd Year,P,
2026-10-01,24UME608,SRI HARIHARASUDHAN G K,3rd Year,P,
2026-10-05,24UME608,SRI HARIHARASUDHAN G K,3rd Year,A,
2026-08-14,24UAD105,Akilan CK,3rd Year,A,
2026-08-17,24UAD105,Akilan CK,3rd Year,A,
2026-08-18,24UAD105,Akilan CK,3rd Year,A,
2026-08-19,24UAD105,Akilan CK,3rd Year,A,
2026-08-20,24UAD105,Akilan CK,3rd Year,P,
2026-08-21,24UAD105,Akilan CK,3rd Year,P,
2026-08-24,24UAD105,Akilan CK,3rd Year,A,
2026-08-25,24UAD105,Akilan CK,3rd Year,P,
2026-08-27,24UAD105,Akilan CK,3rd Year,P,
2026-09-16,24UAD105,Akilan CK,3rd Year,A,
2026-09-17,24UAD105,Akilan CK,3rd Year,A,
2026-09-24,24UAD105,Akilan CK,3rd Year,A,
2026-08-27,24UAD110,ANISH KARTHIC V S,3rd Year,P,
2026-08-27,24UAD111,ANITHA K,3rd Year,P,
2026-08-27,24UAD114,Arunaw Rishe m,3rd Year,A,
2026-08-27,24UAD127,Dhivyalaxmi S S,3rd Year,P,
2026-08-27,24UAD131,GOKUL P,3rd Year,P,
2026-08-27,24UAD135,GURUPRASATH S,3rd Year,A,
2026-08-27,24UAD139,INDHUJA I,3rd Year,P,
2026-08-27,24UAD140,IRSATH M,3rd Year,P,
2026-08-27,24UAD143,JEEVANANDHA G,3rd Year,A,
2026-08-27,24UAD144,JOE DANIEL A,3rd Year,A,
2026-08-27,24UAD145,JOSHPIN KAYALVIZHI A,3rd Year,P,
2026-08-27,24UAD146,JOSHUA MELVIN K,3rd Year,A,
2026-08-27,24UAD149,KAVINILA L,3rd Year,P,
2026-08-27,24UAD157,MALATHI P,3rd Year,P,
2026-08-27,24UAD158,MANIKANDAN K,3rd Year,P,
2026-08-27,24UAD201,MOURISH ANTONY C,3rd Year,A,
2026-08-27,24UAD205,NATARAJAN V,3rd Year,A,
2026-08-27,24UAD207,NAVINKUMAR M,3rd Year,P,
2026-08-27,24UAD214,PRANIGA B,3rd Year,A,
2026-08-27,24UAD223,SABARINATHAN V,3rd Year,A,
2026-08-27,24UAD234,SANUSHIA L,3rd Year,P,
2026-08-27,24UAD237,SHAKTHI G,3rd Year,P,
2026-08-27,24UAD245,Srishanth P M,3rd Year,A,
2026-08-27,24UAD250,Suruthi V,3rd Year,P,
2026-08-27,24UAD253,TAMIZHMATHI M,3rd Year,A,
2026-08-27,24UAD262,VINU KARTHICK D,3rd Year,P,
2026-08-27,24UAD263,YASHWINI CHOUDHARY B,3rd Year,A,
2026-08-27,24UAD602,DHATCHANA SREE M,3rd Year,P,
2026-08-27,24UAD701,BALACHANDAR S,3rd Year,P,
2026-08-14,24UAM119,Harikrishnan S,3rd Year,P,
2026-08-17,24UAM119,Harikrishnan S,3rd Year,P,
2026-08-18,24UAM119,Harikrishnan S,3rd Year,P,
2026-08-19,24UAM119,Harikrishnan S,3rd Year,P,
2026-08-21,24UAM119,Harikrishnan S,3rd Year,P,
2026-08-24,24UAM119,Harikrishnan S,3rd Year,P,
2026-08-25,24UAM119,Harikrishnan S,3rd Year,P,
2026-08-27,24UAM119,Harikrishnan S,3rd Year,P,
2026-09-07,24UAM119,Harikrishnan S,3rd Year,P,
2026-09-08,24UAM119,Harikrishnan S,3rd Year,P,
2026-09-09,24UAM119,Harikrishnan S,3rd Year,P,
2026-09-10,24UAM119,Harikrishnan S,3rd Year,P,
2026-09-11,24UAM119,Harikrishnan S,3rd Year,P,
2026-09-15,24UAM119,Harikrishnan S,3rd Year,P,
2026-09-16,24UAM119,Harikrishnan S,3rd Year,P,
2026-09-17,24UAM119,Harikrishnan S,3rd Year,P,
2026-09-18,24UAM119,Harikrishnan S,3rd Year,P,
2026-09-21,24UAM119,Harikrishnan S,3rd Year,P,
2026-09-22,24UAM119,Harikrishnan S,3rd Year,P,
2026-09-23,24UAM119,Harikrishnan S,3rd Year,A,
2026-09-24,24UAM119,Harikrishnan S,3rd Year,P,
2026-09-25,24UAM119,Harikrishnan S,3rd Year,P,
2026-09-28,24UAM119,Harikrishnan S,3rd Year,P,
2026-09-29,24UAM119,Harikrishnan S,3rd Year,P,
2026-09-30,24UAM119,Harikrishnan S,3rd Year,P,
2026-10-01,24UAM119,Harikrishnan S,3rd Year,P,
2026-10-05,24UAM119,Harikrishnan S,3rd Year,P,
2026-08-27,24UAM132,MOHAMED MYDEEN J,3rd Year,A,
2026-08-27,24UAM139,RANJITH KUMAR K,3rd Year,P,
2026-08-27,24UAM154,SOWMYA S,3rd Year,P,
2026-08-27,24UAM157,SRIHARIPRIYA P,3rd Year,A,
2026-08-27,24UAM161,VARUN K J,3rd Year,P,
2026-08-27,24UCB104,ADHITHYA R,3rd Year,P,
2026-08-27,24UCB123,KIRUBAVATHY V,3rd Year,P,
2026-08-27,24UCB125,MADHUMITHA R,3rd Year,P,
2026-08-27,24UCB126,MARIA BLESSY R J,3rd Year,P,
2026-08-27,24UCB134,NICEIKA M,3rd Year,P,
2026-08-27,24UCB136,PAVITHRA MIRUNALINI G,3rd Year,P,
2026-08-27,24UCB139,REANOOKA K,3rd Year,P,
2026-08-27,24UCB141,RITHIKA R,3rd Year,P,
2026-08-27,24UCB147,SANTHIRISHA S,3rd Year,P,
2026-08-27,24UCB150,SHASTIC K,3rd Year,P,
2026-08-27,24UCB159,SUSHMA V,3rd Year,A,
2026-08-27,24UCB160,THAREJA SRI G D,3rd Year,A,
2026-08-27,24UCB164,RAAGAV S R,3rd Year,A,
2026-08-27,24ucs103,Abisheak S,3rd Year,P,
2026-08-27,24UCS104,AJAY R,3rd Year,P,
2026-08-27,24UCS105,AKILESH B,3rd Year,A,
2026-08-27,24UCS110,Anusha S,3rd Year,P,
2026-08-27,24UCS115,ASHWITHA K,3rd Year,P,
2026-08-27,24UCS119,BOOMATHI P,3rd Year,P,
2026-08-27,24UCS121,Deepak K M,3rd Year,A,
2026-08-27,24UCS122,DHANYASHREE S,3rd Year,P,
2026-08-27,24UCS125,DHARSHIKA S,3rd Year,A,
2026-08-27,24UCS131,FATHIMA RIDHUWANA M,3rd Year,P,
2026-08-27,24UCS138,JAMAL ARSH M,3rd Year,P,
2026-08-27,24UCS139,JANANI J,3rd Year,A,
2026-08-27,24UCS141,JEEVAMBIGAI K,3rd Year,P,
2026-08-27,24UCS150,KANISHMA MANIKANDAN,3rd Year,P,
2026-08-27,24UCS151,KARTHIKADEVI C,3rd Year,P,
2026-08-27,24UCS157,MAKIZHAA SRI D,3rd Year,P,
2026-08-27,24UCS159,MANOJ D,3rd Year,P,
2026-08-27,24UCS160,MAROOSHINI R,3rd Year,P,
2026-08-27,24UCS161,MEENAROSHINI R,3rd Year,P,
2026-08-27,24UCS162,MIRUDHUBASINI N,3rd Year,P,
2026-08-27,24UCS207,NETRA VASUDEVAN,3rd Year,A,
2026-08-27,24UCS208,NIRMAL RAJ M,3rd Year,P,
2026-08-27,24UCS222,RAKSHITA C B,3rd Year,P,
2026-08-27,24UCS224,SABAREESWARAN S,3rd Year,P,
2026-08-27,24UCS225,SAHANA P,3rd Year,P,
2026-08-27,24UCS238,SHARMILY V,3rd Year,P,
2026-08-27,24UCS246,SRIDHARSHAN P J,3rd Year,P,
2026-08-27,24UCS248,SRISHANTH K,3rd Year,A,
2026-08-27,24UCS258,VIDHYABHUSHAN S,3rd Year,P,
2026-08-27,24UCS259,VINISH BLESSING A,3rd Year,A,
2026-08-27,24UCS263,VITHARSHANA A,3rd Year,A,
2026-08-27,24UCS602,GOWTHAM J,3rd Year,A,
2026-08-27,24UCS603,KARTHI S,3rd Year,P,
2026-08-27,24UCS605,MUGILNISHANTH S,3rd Year,P,
2026-08-27,24UCS606,RAJIV YATHAV K H,3rd Year,P,
2026-08-27,24UCS607,ROSHANI S,3rd Year,P,
2026-08-27,24UCS611,VIGNESH B,3rd Year,P,
2026-08-27,24UCY127,MIRDULA R,3rd Year,P,
2026-08-27,24UCY129,NANDHAKUMAR M,3rd Year,P,
2026-08-27,24UCY133,PAVITHRA K,3rd Year,P,
2026-08-27,24UCY156,SWETHA G,3rd Year,P,
2026-08-27,24UCY157,SWETHA SRI S,3rd Year,P,
2026-08-27,24UCY158,TAYANITHAA N S,3rd Year,P,
2026-08-27,24UCY159,THUSHYANTH M G,3rd Year,A,
2026-08-27,24UCY601,KARMUGILAN S,3rd Year,P,
2026-08-27,24UCY602,MOHANKUMAR E M,3rd Year,A,
2026-08-27,24UCY604,SHRUTHI S,3rd Year,P,
2026-08-27,24UEC102,ABARNA M,3rd Year,P,
2026-08-27,24UEC106,AKHILESH S,3rd Year,A,
2026-08-27,24UEC111,ANISH FATHIMA J,3rd Year,P,
2026-08-27,24UEC125,DEEPIKA M,3rd Year,A,
2026-08-27,24UEC126,DHARANESH R,3rd Year,A,
2026-08-27,24uec129,Gayathiri S.,3rd Year,A,
2026-08-27,24UEC141,KANISHKA V,3rd Year,P,
2026-08-27,24UEC142,KANWAL KISHOR R R,3rd Year,A,
2026-08-27,24UEC146,KIRUTHIKA S,3rd Year,P,
2026-08-27,24UEC152,LYDIA E,3rd Year,P,
2026-08-27,24UEC206,NANDHIDHA N,3rd Year,P,
2026-08-27,24UEC233,SARANYA B,3rd Year,P,
2026-08-27,24UEC235,SATHIYA PRIYA M,3rd Year,P,
2026-08-27,24UEC248,SRINIVETHA S G,3rd Year,P,
2026-08-27,24UEC255,THARCHANA S,3rd Year,A,
2026-08-27,24UEC605,KIRAN PRASATH R,3rd Year,P,
2026-08-27,24UIT104,AKASH P,3rd Year,P,
2026-08-27,24UIT109,DEEKSHITH M,3rd Year,P,
2026-08-27,24UIT110,DEVADHARSHINI K,3rd Year,P,
2026-08-27,24UIT119,HARIHARAN M,3rd Year,P,
2026-08-27,24UIT124,KAVIYA S,3rd Year,P,
2026-08-27,24UIT127,KEERTHIVASAN N J,3rd Year,P,
2026-08-27,24UIT130,MANJITH MOHAN KUMAR B,3rd Year,P,
2026-08-27,24UIT134,MOHAMMED YASIN A,3rd Year,P,
2026-08-27,24UIT136,NADHIYA N,3rd Year,P,
2026-08-27,24UIT140,PRARTHANAN P,3rd Year,P,
2026-08-27,24UIT144,SABARINATHAN M,3rd Year,P,
2026-08-27,24UIT145,SANJANA S,3rd Year,P,
2026-08-27,24UIT147,SARWINA M,3rd Year,P,
2026-08-27,24UIT150,SRUTHI S,3rd Year,P,
2026-08-27,24UIT601,AADHARISH R,3rd Year,P,
2026-08-27,24UIT603,KAMALESH M,3rd Year,P,
2026-08-03,No. of PRESENT,Unknown,3rd Year,H,32
2026-08-04,No. of PRESENT,Unknown,3rd Year,H,42
2026-08-05,No. of PRESENT,Unknown,3rd Year,H,40
2026-08-06,No. of PRESENT,Unknown,3rd Year,H,39
2026-08-07,No. of PRESENT,Unknown,3rd Year,H,36
2026-08-08,No. of PRESENT,Unknown,3rd Year,H,0
2026-08-09,No. of PRESENT,Unknown,3rd Year,H,0
2026-08-10,No. of PRESENT,Unknown,3rd Year,H,34
2026-08-11,No. of PRESENT,Unknown,3rd Year,H,38
2026-08-12,No. of PRESENT,Unknown,3rd Year,H,36
2026-08-13,No. of PRESENT,Unknown,3rd Year,H,28
2026-08-14,No. of PRESENT,Unknown,3rd Year,H,38
2026-08-15,No. of PRESENT,Unknown,3rd Year,H,0
2026-08-16,No. of PRESENT,Unknown,3rd Year,H,0
2026-08-17,No. of PRESENT,Unknown,3rd Year,H,31
2026-08-18,No. of PRESENT,Unknown,3rd Year,H,34
2026-08-19,No. of PRESENT,Unknown,3rd Year,H,32
2026-08-20,No. of PRESENT,Unknown,3rd Year,H,0
2026-08-21,No. of PRESENT,Unknown,3rd Year,H,34
2026-08-22,No. of PRESENT,Unknown,3rd Year,H,0
2026-08-23,No. of PRESENT,Unknown,3rd Year,H,0
2026-08-24,No. of PRESENT,Unknown,3rd Year,H,27
2026-08-25,No. of PRESENT,Unknown,3rd Year,H,20
2026-08-26,No. of PRESENT,Unknown,3rd Year,H,0
2026-08-27,No. of PRESENT,Unknown,3rd Year,H,35
2026-08-28,No. of PRESENT,Unknown,3rd Year,H,0
2026-08-29,No. of PRESENT,Unknown,3rd Year,H,0
2026-08-30,No. of PRESENT,Unknown,3rd Year,H,0
2026-08-31,No. of PRESENT,Unknown,3rd Year,H,0
2026-09-01,No. of PRESENT,Unknown,3rd Year,H,0
2026-09-02,No. of PRESENT,Unknown,3rd Year,H,0
2026-09-03,No. of PRESENT,Unknown,3rd Year,H,0
2026-09-04,No. of PRESENT,Unknown,3rd Year,H,0
2026-09-05,No. of PRESENT,Unknown,3rd Year,H,0
2026-09-06,No. of PRESENT,Unknown,3rd Year,H,0
2026-09-07,No. of PRESENT,Unknown,3rd Year,H,25
2026-09-08,No. of PRESENT,Unknown,3rd Year,H,33
2026-09-09,No. of PRESENT,Unknown,3rd Year,H,33
2026-09-10,No. of PRESENT,Unknown,3rd Year,H,35
2026-09-11,No. of PRESENT,Unknown,3rd Year,H,31
2026-09-12,No. of PRESENT,Unknown,3rd Year,H,0
2026-09-13,No. of PRESENT,Unknown,3rd Year,H,0
2026-09-14,No. of PRESENT,Unknown,3rd Year,H,0
2026-09-15,No. of PRESENT,Unknown,3rd Year,H,29
2026-09-16,No. of PRESENT,Unknown,3rd Year,H,32
2026-09-17,No. of PRESENT,Unknown,3rd Year,H,31
2026-09-18,No. of PRESENT,Unknown,3rd Year,H,27
2026-09-19,No. of PRESENT,Unknown,3rd Year,H,0
2026-09-20,No. of PRESENT,Unknown,3rd Year,H,0
2026-09-21,No. of PRESENT,Unknown,3rd Year,H,31
2026-09-22,No. of PRESENT,Unknown,3rd Year,H,32
2026-09-23,No. of PRESENT,Unknown,3rd Year,H,29
2026-09-24,No. of PRESENT,Unknown,3rd Year,H,35
2026-09-25,No. of PRESENT,Unknown,3rd Year,H,24
2026-09-26,No. of PRESENT,Unknown,3rd Year,H,0
2026-09-27,No. of PRESENT,Unknown,3rd Year,H,0
2026-09-28,No. of PRESENT,Unknown,3rd Year,H,35
2026-09-29,No. of PRESENT,Unknown,3rd Year,H,32
2026-09-30,No. of PRESENT,Unknown,3rd Year,H,33
2026-10-01,No. of PRESENT,Unknown,3rd Year,H,27
2026-10-02,No. of PRESENT,Unknown,3rd Year,H,0
2026-10-03,No. of PRESENT,Unknown,3rd Year,H,0
2026-10-04,No. of PRESENT,Unknown,3rd Year,H,0
2026-10-05,No. of PRESENT,Unknown,3rd Year,H,29
2026-10-06,No. of PRESENT,Unknown,3rd Year,H,0
2026-10-07,No. of PRESENT,Unknown,3rd Year,H,0
2026-10-08,No. of PRESENT,Unknown,3rd Year,H,0
2026-10-09,No. of PRESENT,Unknown,3rd Year,H,0
2026-10-10,No. of PRESENT,Unknown,3rd Year,H,0
2026-10-11,No. of PRESENT,Unknown,3rd Year,H,0
2026-10-12,No. of PRESENT,Unknown,3rd Year,H,0
2026-10-13,No. of PRESENT,Unknown,3rd Year,H,0
2026-10-14,No. of PRESENT,Unknown,3rd Year,H,0
2026-10-15,No. of PRESENT,Unknown,3rd Year,H,0
2026-10-16,No. of PRESENT,Unknown,3rd Year,H,0
2026-10-17,No. of PRESENT,Unknown,3rd Year,H,0
2026-10-18,No. of PRESENT,Unknown,3rd Year,H,0
2026-10-19,No. of PRESENT,Unknown,3rd Year,H,0
2026-10-20,No. of PRESENT,Unknown,3rd Year,H,0
2026-10-21,No. of PRESENT,Unknown,3rd Year,H,0
2026-10-22,No. of PRESENT,Unknown,3rd Year,H,0
2026-10-23,No. of PRESENT,Unknown,3rd Year,H,0
2026-10-24,No. of PRESENT,Unknown,3rd Year,H,0
2026-10-25,No. of PRESENT,Unknown,3rd Year,H,0
2026-10-26,No. of PRESENT,Unknown,3rd Year,H,0
2026-10-27,No. of PRESENT,Unknown,3rd Year,H,0
2026-10-28,No. of PRESENT,Unknown,3rd Year,H,0
2026-10-29,No. of PRESENT,Unknown,3rd Year,H,0
2026-10-30,No. of PRESENT,Unknown,3rd Year,H,0
2026-10-31,No. of PRESENT,Unknown,3rd Year,H,0
2026-11-01,No. of PRESENT,Unknown,3rd Year,H,0
2026-11-02,No. of PRESENT,Unknown,3rd Year,H,0
2026-11-03,No. of PRESENT,Unknown,3rd Year,H,0
2026-11-04,No. of PRESENT,Unknown,3rd Year,H,0
2026-11-05,No. of PRESENT,Unknown,3rd Year,H,0
2026-11-06,No. of PRESENT,Unknown,3rd Year,H,0
2026-11-07,No. of PRESENT,Unknown,3rd Year,H,0
2026-11-08,No. of PRESENT,Unknown,3rd Year,H,0
2026-11-09,No. of PRESENT,Unknown,3rd Year,H,0
2026-11-10,No. of PRESENT,Unknown,3rd Year,H,0
2026-11-11,No. of PRESENT,Unknown,3rd Year,H,0
2026-11-12,No. of PRESENT,Unknown,3rd Year,H,0
2026-11-13,No. of PRESENT,Unknown,3rd Year,H,0
2026-11-14,No. of PRESENT,Unknown,3rd Year,H,0
2026-11-15,No. of PRESENT,Unknown,3rd Year,H,0
2026-11-16,No. of PRESENT,Unknown,3rd Year,H,0
2026-11-17,No. of PRESENT,Unknown,3rd Year,H,0
2026-11-18,No. of PRESENT,Unknown,3rd Year,H,0
2026-11-19,No. of PRESENT,Unknown,3rd Year,H,0
2026-11-20,No. of PRESENT,Unknown,3rd Year,H,0
2026-11-21,No. of PRESENT,Unknown,3rd Year,H,0
2026-11-22,No. of PRESENT,Unknown,3rd Year,H,0
2026-11-23,No. of PRESENT,Unknown,3rd Year,H,0
2026-11-24,No. of PRESENT,Unknown,3rd Year,H,0
2026-11-25,No. of PRESENT,Unknown,3rd Year,H,0
2026-11-26,No. of PRESENT,Unknown,3rd Year,H,0
2026-11-27,No. of PRESENT,Unknown,3rd Year,H,0
2026-11-28,No. of PRESENT,Unknown,3rd Year,H,0
2026-11-29,No. of PRESENT,Unknown,3rd Year,H,0
2026-11-30,No. of PRESENT,Unknown,3rd Year,H,0
2026-12-01,No. of PRESENT,Unknown,3rd Year,H,0
2026-12-02,No. of PRESENT,Unknown,3rd Year,H,0
2026-12-03,No. of PRESENT,Unknown,3rd Year,H,0
2026-12-04,No. of PRESENT,Unknown,3rd Year,H,0
2026-08-03,No. of ABSENT,Unknown,3rd Year,H,10
2026-08-04,No. of ABSENT,Unknown,3rd Year,H,0
2026-08-05,No. of ABSENT,Unknown,3rd Year,H,2
2026-08-06,No. of ABSENT,Unknown,3rd Year,H,3
2026-08-07,No. of ABSENT,Unknown,3rd Year,H,6
2026-08-08,No. of ABSENT,Unknown,3rd Year,H,0
2026-08-09,No. of ABSENT,Unknown,3rd Year,H,0
2026-08-10,No. of ABSENT,Unknown,3rd Year,H,8
2026-08-11,No. of ABSENT,Unknown,3rd Year,H,4
2026-08-12,No. of ABSENT,Unknown,3rd Year,H,6
2026-08-13,No. of ABSENT,Unknown,3rd Year,H,14
2026-08-14,No. of ABSENT,Unknown,3rd Year,H,4
2026-08-15,No. of ABSENT,Unknown,3rd Year,H,0
2026-08-16,No. of ABSENT,Unknown,3rd Year,H,0
2026-08-17,No. of ABSENT,Unknown,3rd Year,H,11
2026-08-18,No. of ABSENT,Unknown,3rd Year,H,8
2026-08-19,No. of ABSENT,Unknown,3rd Year,H,10
2026-08-20,No. of ABSENT,Unknown,3rd Year,H,0
2026-08-21,No. of ABSENT,Unknown,3rd Year,H,8
2026-08-22,No. of ABSENT,Unknown,3rd Year,H,0
2026-08-23,No. of ABSENT,Unknown,3rd Year,H,0
2026-08-24,No. of ABSENT,Unknown,3rd Year,H,15
2026-08-25,No. of ABSENT,Unknown,3rd Year,H,22
2026-08-26,No. of ABSENT,Unknown,3rd Year,H,0
2026-08-27,No. of ABSENT,Unknown,3rd Year,H,7
2026-08-28,No. of ABSENT,Unknown,3rd Year,H,0
2026-08-29,No. of ABSENT,Unknown,3rd Year,H,0
2026-08-30,No. of ABSENT,Unknown,3rd Year,H,0
2026-08-31,No. of ABSENT,Unknown,3rd Year,H,0
2026-09-01,No. of ABSENT,Unknown,3rd Year,H,0
2026-09-02,No. of ABSENT,Unknown,3rd Year,H,0
2026-09-03,No. of ABSENT,Unknown,3rd Year,H,0
2026-09-04,No. of ABSENT,Unknown,3rd Year,H,0
2026-09-05,No. of ABSENT,Unknown,3rd Year,H,0
2026-09-06,No. of ABSENT,Unknown,3rd Year,H,0
2026-09-07,No. of ABSENT,Unknown,3rd Year,H,17
2026-09-08,No. of ABSENT,Unknown,3rd Year,H,9
2026-09-09,No. of ABSENT,Unknown,3rd Year,H,9
2026-09-10,No. of ABSENT,Unknown,3rd Year,H,7
2026-09-11,No. of ABSENT,Unknown,3rd Year,H,11
2026-09-12,No. of ABSENT,Unknown,3rd Year,H,0
2026-09-13,No. of ABSENT,Unknown,3rd Year,H,0
2026-09-14,No. of ABSENT,Unknown,3rd Year,H,0
2026-09-15,No. of ABSENT,Unknown,3rd Year,H,13
2026-09-16,No. of ABSENT,Unknown,3rd Year,H,10
2026-09-17,No. of ABSENT,Unknown,3rd Year,H,11
2026-09-18,No. of ABSENT,Unknown,3rd Year,H,15
2026-09-19,No. of ABSENT,Unknown,3rd Year,H,0
2026-09-20,No. of ABSENT,Unknown,3rd Year,H,0
2026-09-21,No. of ABSENT,Unknown,3rd Year,H,11
2026-09-22,No. of ABSENT,Unknown,3rd Year,H,10
2026-09-23,No. of ABSENT,Unknown,3rd Year,H,13
2026-09-24,No. of ABSENT,Unknown,3rd Year,H,7
2026-09-25,No. of ABSENT,Unknown,3rd Year,H,18
2026-09-26,No. of ABSENT,Unknown,3rd Year,H,0
2026-09-27,No. of ABSENT,Unknown,3rd Year,H,0
2026-09-28,No. of ABSENT,Unknown,3rd Year,H,7
2026-09-29,No. of ABSENT,Unknown,3rd Year,H,10
2026-09-30,No. of ABSENT,Unknown,3rd Year,H,9
2026-10-01,No. of ABSENT,Unknown,3rd Year,H,15
2026-10-02,No. of ABSENT,Unknown,3rd Year,H,0
2026-10-03,No. of ABSENT,Unknown,3rd Year,H,0
2026-10-04,No. of ABSENT,Unknown,3rd Year,H,0
2026-10-05,No. of ABSENT,Unknown,3rd Year,H,13
2026-10-06,No. of ABSENT,Unknown,3rd Year,H,0
2026-10-07,No. of ABSENT,Unknown,3rd Year,H,0
2026-10-08,No. of ABSENT,Unknown,3rd Year,H,0
2026-10-09,No. of ABSENT,Unknown,3rd Year,H,0
2026-10-10,No. of ABSENT,Unknown,3rd Year,H,0
2026-10-11,No. of ABSENT,Unknown,3rd Year,H,0
2026-10-12,No. of ABSENT,Unknown,3rd Year,H,0
2026-10-13,No. of ABSENT,Unknown,3rd Year,H,0
2026-10-14,No. of ABSENT,Unknown,3rd Year,H,0
2026-10-15,No. of ABSENT,Unknown,3rd Year,H,0
2026-10-16,No. of ABSENT,Unknown,3rd Year,H,0
2026-10-17,No. of ABSENT,Unknown,3rd Year,H,0
2026-10-18,No. of ABSENT,Unknown,3rd Year,H,0
2026-10-19,No. of ABSENT,Unknown,3rd Year,H,0
2026-10-20,No. of ABSENT,Unknown,3rd Year,H,0
2026-10-21,No. of ABSENT,Unknown,3rd Year,H,0
2026-10-22,No. of ABSENT,Unknown,3rd Year,H,0
2026-10-23,No. of ABSENT,Unknown,3rd Year,H,0
2026-10-24,No. of ABSENT,Unknown,3rd Year,H,0
2026-10-25,No. of ABSENT,Unknown,3rd Year,H,0
2026-10-26,No. of ABSENT,Unknown,3rd Year,H,0
2026-10-27,No. of ABSENT,Unknown,3rd Year,H,0
2026-10-28,No. of ABSENT,Unknown,3rd Year,H,0
2026-10-29,No. of ABSENT,Unknown,3rd Year,H,0
2026-10-30,No. of ABSENT,Unknown,3rd Year,H,0
2026-10-31,No. of ABSENT,Unknown,3rd Year,H,0
2026-11-01,No. of ABSENT,Unknown,3rd Year,H,0
2026-11-02,No. of ABSENT,Unknown,3rd Year,H,0
2026-11-03,No. of ABSENT,Unknown,3rd Year,H,0
2026-11-04,No. of ABSENT,Unknown,3rd Year,H,0
2026-11-05,No. of ABSENT,Unknown,3rd Year,H,0
2026-11-06,No. of ABSENT,Unknown,3rd Year,H,0
2026-11-07,No. of ABSENT,Unknown,3rd Year,H,0
2026-11-08,No. of ABSENT,Unknown,3rd Year,H,0
2026-11-09,No. of ABSENT,Unknown,3rd Year,H,0
2026-11-10,No. of ABSENT,Unknown,3rd Year,H,0
2026-11-11,No. of ABSENT,Unknown,3rd Year,H,0
2026-11-12,No. of ABSENT,Unknown,3rd Year,H,0
2026-11-13,No. of ABSENT,Unknown,3rd Year,H,0
2026-11-14,No. of ABSENT,Unknown,3rd Year,H,0
2026-11-15,No. of ABSENT,Unknown,3rd Year,H,0
2026-11-16,No. of ABSENT,Unknown,3rd Year,H,0
2026-11-17,No. of ABSENT,Unknown,3rd Year,H,0
2026-11-18,No. of ABSENT,Unknown,3rd Year,H,0
2026-11-19,No. of ABSENT,Unknown,3rd Year,H,0
2026-11-20,No. of ABSENT,Unknown,3rd Year,H,0
2026-11-21,No. of ABSENT,Unknown,3rd Year,H,0
2026-11-22,No. of ABSENT,Unknown,3rd Year,H,0
2026-11-23,No. of ABSENT,Unknown,3rd Year,H,0
2026-11-24,No. of ABSENT,Unknown,3rd Year,H,0
2026-11-25,No. of ABSENT,Unknown,3rd Year,H,0
2026-11-26,No. of ABSENT,Unknown,3rd Year,H,0
2026-11-27,No. of ABSENT,Unknown,3rd Year,H,0
2026-11-28,No. of ABSENT,Unknown,3rd Year,H,0
2026-11-29,No. of ABSENT,Unknown,3rd Year,H,0
2026-11-30,No. of ABSENT,Unknown,3rd Year,H,0
2026-12-01,No. of ABSENT,Unknown,3rd Year,H,0
2026-12-02,No. of ABSENT,Unknown,3rd Year,H,0
2026-12-03,No. of ABSENT,Unknown,3rd Year,H,0
2026-12-04,No. of ABSENT,Unknown,3rd Year,H,0
2026-08-14,24UAM155,Sree Nivetha N,3rd Year,A,
2026-08-17,24UAM155,Sree Nivetha N,3rd Year,A,
2026-08-18,24UAM155,Sree Nivetha N,3rd Year,A,
2026-08-19,24UAM155,Sree Nivetha N,3rd Year,P,
2026-08-21,24UAM155,Sree Nivetha N,3rd Year,A,
2026-08-24,24UAM155,Sree Nivetha N,3rd Year,A,
2026-08-25,24UAM155,Sree Nivetha N,3rd Year,A,
2026-08-27,24UAM155,Sree Nivetha N,3rd Year,A,
2026-09-11,24UAM155,Sree Nivetha N,3rd Year,P,
2026-09-17,24UAM155,Sree Nivetha N,3rd Year,A,
2026-09-23,24UAM155,Sree Nivetha N,3rd Year,A,
2026-08-03,STU908,Unknown,3rd Year,H,0
2026-08-04,STU908,Unknown,3rd Year,H,0
2026-08-05,STU908,Unknown,3rd Year,H,0
2026-08-06,STU908,Unknown,3rd Year,H,0
2026-08-07,STU908,Unknown,3rd Year,H,0
2026-08-08,STU908,Unknown,3rd Year,H,0
2026-08-09,STU908,Unknown,3rd Year,H,0
2026-08-10,STU908,Unknown,3rd Year,H,0
2026-08-11,STU908,Unknown,3rd Year,H,0
2026-08-12,STU908,Unknown,3rd Year,H,0
2026-08-13,STU908,Unknown,3rd Year,H,0
2026-08-14,STU908,Unknown,3rd Year,H,17
2026-08-15,STU908,Unknown,3rd Year,H,0
2026-08-16,STU908,Unknown,3rd Year,H,0
2026-08-17,STU908,Unknown,3rd Year,H,20
2026-08-18,STU908,Unknown,3rd Year,H,20
2026-08-19,STU908,Unknown,3rd Year,H,21
2026-08-20,STU908,Unknown,3rd Year,H,0
2026-08-21,STU908,Unknown,3rd Year,H,17
2026-08-22,STU908,Unknown,3rd Year,H,0
2026-08-23,STU908,Unknown,3rd Year,H,0
2026-08-24,STU908,Unknown,3rd Year,H,16
2026-08-25,STU908,Unknown,3rd Year,H,0
2026-08-26,STU908,Unknown,3rd Year,H,0
2026-08-27,STU908,Unknown,3rd Year,H,19
2026-08-28,STU908,Unknown,3rd Year,H,0
2026-08-29,STU908,Unknown,3rd Year,H,0
2026-08-30,STU908,Unknown,3rd Year,H,0
2026-08-31,STU908,Unknown,3rd Year,H,0
2026-09-01,STU908,Unknown,3rd Year,H,0
2026-09-02,STU908,Unknown,3rd Year,H,0
2026-09-03,STU908,Unknown,3rd Year,H,0
2026-09-04,STU908,Unknown,3rd Year,H,0
2026-09-05,STU908,Unknown,3rd Year,H,0
2026-09-06,STU908,Unknown,3rd Year,H,0
2026-09-07,STU908,Unknown,3rd Year,H,15
2026-09-08,STU908,Unknown,3rd Year,H,14
2026-09-09,STU908,Unknown,3rd Year,H,18
2026-09-10,STU908,Unknown,3rd Year,H,14
2026-09-11,STU908,Unknown,3rd Year,H,17
2026-09-12,STU908,Unknown,3rd Year,H,0
2026-09-13,STU908,Unknown,3rd Year,H,0
2026-09-14,STU908,Unknown,3rd Year,H,0
2026-09-15,STU908,Unknown,3rd Year,H,13
2026-09-16,STU908,Unknown,3rd Year,H,16
2026-09-17,STU908,Unknown,3rd Year,H,20
2026-09-18,STU908,Unknown,3rd Year,H,20
2026-09-19,STU908,Unknown,3rd Year,H,0
2026-09-20,STU908,Unknown,3rd Year,H,0
2026-09-21,STU908,Unknown,3rd Year,H,10
2026-09-22,STU908,Unknown,3rd Year,H,12
2026-09-23,STU908,Unknown,3rd Year,H,13
2026-09-24,STU908,Unknown,3rd Year,H,12
2026-09-25,STU908,Unknown,3rd Year,H,14
2026-09-26,STU908,Unknown,3rd Year,H,0
2026-09-27,STU908,Unknown,3rd Year,H,0
2026-09-28,STU908,Unknown,3rd Year,H,17
2026-09-29,STU908,Unknown,3rd Year,H,16
2026-09-30,STU908,Unknown,3rd Year,H,17
2026-10-01,STU908,Unknown,3rd Year,H,16
2026-10-02,STU908,Unknown,3rd Year,H,0
2026-10-03,STU908,Unknown,3rd Year,H,0
2026-10-04,STU908,Unknown,3rd Year,H,0
2026-10-05,STU908,Unknown,3rd Year,H,0
2026-10-06,STU908,Unknown,3rd Year,H,0
2026-10-07,STU908,Unknown,3rd Year,H,0
2026-10-08,STU908,Unknown,3rd Year,H,0
2026-10-09,STU908,Unknown,3rd Year,H,0
2026-10-10,STU908,Unknown,3rd Year,H,0
2026-10-11,STU908,Unknown,3rd Year,H,0
2026-10-12,STU908,Unknown,3rd Year,H,0
2026-10-13,STU908,Unknown,3rd Year,H,0
2026-10-14,STU908,Unknown,3rd Year,H,0
2026-10-15,STU908,Unknown,3rd Year,H,0
2026-10-16,STU908,Unknown,3rd Year,H,0
2026-10-17,STU908,Unknown,3rd Year,H,0
2026-10-18,STU908,Unknown,3rd Year,H,0
2026-10-19,STU908,Unknown,3rd Year,H,0
2026-10-20,STU908,Unknown,3rd Year,H,0
2026-10-21,STU908,Unknown,3rd Year,H,0
2026-10-22,STU908,Unknown,3rd Year,H,0
2026-10-23,STU908,Unknown,3rd Year,H,0
2026-10-24,STU908,Unknown,3rd Year,H,0
2026-10-25,STU908,Unknown,3rd Year,H,0
2026-10-26,STU908,Unknown,3rd Year,H,0
2026-10-27,STU908,Unknown,3rd Year,H,0
2026-10-28,STU908,Unknown,3rd Year,H,0
2026-10-29,STU908,Unknown,3rd Year,H,0
2026-10-30,STU908,Unknown,3rd Year,H,0
2026-10-31,STU908,Unknown,3rd Year,H,0
2026-11-01,STU908,Unknown,3rd Year,H,0
2026-11-02,STU908,Unknown,3rd Year,H,0
2026-11-03,STU908,Unknown,3rd Year,H,0
2026-11-04,STU908,Unknown,3rd Year,H,0
2026-11-05,STU908,Unknown,3rd Year,H,0
2026-11-06,STU908,Unknown,3rd Year,H,0
2026-11-07,STU908,Unknown,3rd Year,H,0
2026-11-08,STU908,Unknown,3rd Year,H,0
2026-11-09,STU908,Unknown,3rd Year,H,0
2026-11-10,STU908,Unknown,3rd Year,H,0
2026-11-11,STU908,Unknown,3rd Year,H,0
2026-11-12,STU908,Unknown,3rd Year,H,0
2026-11-13,STU908,Unknown,3rd Year,H,0
2026-11-14,STU908,Unknown,3rd Year,H,0
2026-11-15,STU908,Unknown,3rd Year,H,0
2026-11-16,STU908,Unknown,3rd Year,H,0
2026-11-17,STU908,Unknown,3rd Year,H,0
2026-11-18,STU908,Unknown,3rd Year,H,0
2026-11-19,STU908,Unknown,3rd Year,H,0
2026-11-20,STU908,Unknown,3rd Year,H,0
2026-11-21,STU908,Unknown,3rd Year,H,0
2026-11-22,STU908,Unknown,3rd Year,H,0
2026-11-23,STU908,Unknown,3rd Year,H,0
2026-11-24,STU908,Unknown,3rd Year,H,0
2026-11-25,STU908,Unknown,3rd Year,H,0
2026-11-26,STU908,Unknown,3rd Year,H,0
2026-11-27,STU908,Unknown,3rd Year,H,0
2026-11-28,STU908,Unknown,3rd Year,H,0
2026-11-29,STU908,Unknown,3rd Year,H,0
2026-11-30,STU908,Unknown,3rd Year,H,0
2026-12-01,STU908,Unknown,3rd Year,H,0
2026-12-02,STU908,Unknown,3rd Year,H,0
2026-12-03,STU908,Unknown,3rd Year,H,0
2026-12-04,STU908,Unknown,3rd Year,H,0
2026-08-03,STU909,Unknown,3rd Year,H,0
2026-08-04,STU909,Unknown,3rd Year,H,0
2026-08-05,STU909,Unknown,3rd Year,H,0
2026-08-06,STU909,Unknown,3rd Year,H,0
2026-08-07,STU909,Unknown,3rd Year,H,0
2026-08-08,STU909,Unknown,3rd Year,H,0
2026-08-09,STU909,Unknown,3rd Year,H,0
2026-08-10,STU909,Unknown,3rd Year,H,0
2026-08-11,STU909,Unknown,3rd Year,H,0
2026-08-12,STU909,Unknown,3rd Year,H,0
2026-08-13,STU909,Unknown,3rd Year,H,0
2026-08-14,STU909,Unknown,3rd Year,H,6
2026-08-15,STU909,Unknown,3rd Year,H,0
2026-08-16,STU909,Unknown,3rd Year,H,0
2026-08-17,STU909,Unknown,3rd Year,H,4
2026-08-18,STU909,Unknown,3rd Year,H,3
2026-08-19,STU909,Unknown,3rd Year,H,3
2026-08-20,STU909,Unknown,3rd Year,H,0
2026-08-21,STU909,Unknown,3rd Year,H,7
2026-08-22,STU909,Unknown,3rd Year,H,0
2026-08-23,STU909,Unknown,3rd Year,H,0
2026-08-24,STU909,Unknown,3rd Year,H,8
2026-08-25,STU909,Unknown,3rd Year,H,0
2026-08-26,STU909,Unknown,3rd Year,H,0
2026-08-27,STU909,Unknown,3rd Year,H,5
2026-08-28,STU909,Unknown,3rd Year,H,0
2026-08-29,STU909,Unknown,3rd Year,H,0
2026-08-30,STU909,Unknown,3rd Year,H,0
2026-08-31,STU909,Unknown,3rd Year,H,0
2026-09-01,STU909,Unknown,3rd Year,H,0
2026-09-02,STU909,Unknown,3rd Year,H,0
2026-09-03,STU909,Unknown,3rd Year,H,0
2026-09-04,STU909,Unknown,3rd Year,H,0
2026-09-05,STU909,Unknown,3rd Year,H,0
2026-09-06,STU909,Unknown,3rd Year,H,0
2026-09-07,STU909,Unknown,3rd Year,H,9
2026-09-08,STU909,Unknown,3rd Year,H,10
2026-09-09,STU909,Unknown,3rd Year,H,6
2026-09-10,STU909,Unknown,3rd Year,H,10
2026-09-11,STU909,Unknown,3rd Year,H,6
2026-09-12,STU909,Unknown,3rd Year,H,0
2026-09-13,STU909,Unknown,3rd Year,H,0
2026-09-14,STU909,Unknown,3rd Year,H,0
2026-09-15,STU909,Unknown,3rd Year,H,10
2026-09-16,STU909,Unknown,3rd Year,H,8
2026-09-17,STU909,Unknown,3rd Year,H,4
2026-09-18,STU909,Unknown,3rd Year,H,4
2026-09-19,STU909,Unknown,3rd Year,H,0
2026-09-20,STU909,Unknown,3rd Year,H,0
2026-09-21,STU909,Unknown,3rd Year,H,14
2026-09-22,STU909,Unknown,3rd Year,H,12
2026-09-23,STU909,Unknown,3rd Year,H,11
2026-09-24,STU909,Unknown,3rd Year,H,9
2026-09-25,STU909,Unknown,3rd Year,H,10
2026-09-26,STU909,Unknown,3rd Year,H,0
2026-09-27,STU909,Unknown,3rd Year,H,0
2026-09-28,STU909,Unknown,3rd Year,H,7
2026-09-29,STU909,Unknown,3rd Year,H,8
2026-09-30,STU909,Unknown,3rd Year,H,7
2026-10-01,STU909,Unknown,3rd Year,H,8
2026-10-02,STU909,Unknown,3rd Year,H,0
2026-10-03,STU909,Unknown,3rd Year,H,0
2026-10-04,STU909,Unknown,3rd Year,H,0
2026-10-05,STU909,Unknown,3rd Year,H,0
2026-10-06,STU909,Unknown,3rd Year,H,0
2026-10-07,STU909,Unknown,3rd Year,H,0
2026-10-08,STU909,Unknown,3rd Year,H,0
2026-10-09,STU909,Unknown,3rd Year,H,0
2026-10-10,STU909,Unknown,3rd Year,H,0
2026-10-11,STU909,Unknown,3rd Year,H,0
2026-10-12,STU909,Unknown,3rd Year,H,0
2026-10-13,STU909,Unknown,3rd Year,H,0
2026-10-14,STU909,Unknown,3rd Year,H,0
2026-10-15,STU909,Unknown,3rd Year,H,0
2026-10-16,STU909,Unknown,3rd Year,H,0
2026-10-17,STU909,Unknown,3rd Year,H,0
2026-10-18,STU909,Unknown,3rd Year,H,0
2026-10-19,STU909,Unknown,3rd Year,H,0
2026-10-20,STU909,Unknown,3rd Year,H,0
2026-10-21,STU909,Unknown,3rd Year,H,0
2026-10-22,STU909,Unknown,3rd Year,H,0
2026-10-23,STU909,Unknown,3rd Year,H,0
2026-10-24,STU909,Unknown,3rd Year,H,0
2026-10-25,STU909,Unknown,3rd Year,H,0
2026-10-26,STU909,Unknown,3rd Year,H,0
2026-10-27,STU909,Unknown,3rd Year,H,0
2026-10-28,STU909,Unknown,3rd Year,H,0
2026-10-29,STU909,Unknown,3rd Year,H,0
2026-10-30,STU909,Unknown,3rd Year,H,0
2026-10-31,STU909,Unknown,3rd Year,H,0
2026-11-01,STU909,Unknown,3rd Year,H,0
2026-11-02,STU909,Unknown,3rd Year,H,0
2026-11-03,STU909,Unknown,3rd Year,H,0
2026-11-04,STU909,Unknown,3rd Year,H,0
2026-11-05,STU909,Unknown,3rd Year,H,0
2026-11-06,STU909,Unknown,3rd Year,H,0
2026-11-07,STU909,Unknown,3rd Year,H,0
2026-11-08,STU909,Unknown,3rd Year,H,0
2026-11-09,STU909,Unknown,3rd Year,H,0
2026-11-10,STU909,Unknown,3rd Year,H,0
2026-11-11,STU909,Unknown,3rd Year,H,0
2026-11-12,STU909,Unknown,3rd Year,H,0
2026-11-13,STU909,Unknown,3rd Year,H,0
2026-11-14,STU909,Unknown,3rd Year,H,0
2026-11-15,STU909,Unknown,3rd Year,H,0
2026-11-16,STU909,Unknown,3rd Year,H,0
2026-11-17,STU909,Unknown,3rd Year,H,0
2026-11-18,STU909,Unknown,3rd Year,H,0
2026-11-19,STU909,Unknown,3rd Year,H,0
2026-11-20,STU909,Unknown,3rd Year,H,0
2026-11-21,STU909,Unknown,3rd Year,H,0
2026-11-22,STU909,Unknown,3rd Year,H,0
2026-11-23,STU909,Unknown,3rd Year,H,0
2026-11-24,STU909,Unknown,3rd Year,H,0
2026-11-25,STU909,Unknown,3rd Year,H,0
2026-11-26,STU909,Unknown,3rd Year,H,0
2026-11-27,STU909,Unknown,3rd Year,H,0
2026-11-28,STU909,Unknown,3rd Year,H,0
2026-11-29,STU909,Unknown,3rd Year,H,0
2026-11-30,STU909,Unknown,3rd Year,H,0
2026-12-01,STU909,Unknown,3rd Year,H,0
2026-12-02,STU909,Unknown,3rd Year,H,0
2026-12-03,STU909,Unknown,3rd Year,H,0
2026-12-04,STU909,Unknown,3rd Year,H,0
2026-08-08,24UCS101,AADHIRA M,3rd Year,A,
2026-08-16,24UCS101,AADHIRA M,3rd Year,P,
2026-08-27,24UCS101,AADHIRA M,3rd Year,P,
2026-08-08,24UAD102,AAYSHA ASMITHA H,3rd Year,P,
2026-08-16,24UAD102,AAYSHA ASMITHA H,3rd Year,P,
2026-08-27,24UAD102,AAYSHA ASMITHA H,3rd Year,P,
2026-08-08,24UAD103,ABARNAA R,3rd Year,A,
2026-08-16,24UAD103,ABARNAA R,3rd Year,P,
2026-08-27,24UAD103,ABARNAA R,3rd Year,A,
2026-08-08,24UCS102,ABDUL RAFI N,3rd Year,A,
2026-08-16,24UCS102,ABDUL RAFI N,3rd Year,P,
2026-08-27,24UCS102,ABDUL RAFI N,3rd Year,P,
2026-08-08,24UCB101,ABDUL RAHMAN U,3rd Year,A,
2026-08-16,24UCB101,ABDUL RAHMAN U,3rd Year,P,
2026-08-27,24UCB101,ABDUL RAHMAN U,3rd Year,P,
2026-08-08,24UAD104,ABHISHEK R,3rd Year,A,
2026-08-16,24UAD104,ABHISHEK R,3rd Year,P,
2026-08-27,24UAD104,ABHISHEK R,3rd Year,P,
2026-08-08,24UIT101,ABINAYA M,3rd Year,A,
2026-08-16,24UIT101,ABINAYA M,3rd Year,P,
2026-08-27,24UIT101,ABINAYA M,3rd Year,P,
2026-08-08,24UCY102,ADHARSH K,3rd Year,P,
2026-08-16,24UCY102,ADHARSH K,3rd Year,A,
2026-08-27,24UCY102,ADHARSH K,3rd Year,P,
2026-08-08,24UIT103,ADITHYA R,3rd Year,A,
2026-08-16,24UIT103,ADITHYA R,3rd Year,A,
2026-08-27,24UIT103,ADITHYA R,3rd Year,A,
2026-08-08,24UAD106,AKSHAYA VARUNI N,3rd Year,P,
2026-08-16,24UAD106,AKSHAYA VARUNI N,3rd Year,P,
2026-08-27,24UAD106,AKSHAYA VARUNI N,3rd Year,P,
2026-08-08,24UAD107,AKSHAYAA S A,3rd Year,A,
2026-08-16,24UAD107,AKSHAYAA S A,3rd Year,P,
2026-08-27,24UAD107,AKSHAYAA S A,3rd Year,P,
2026-08-08,24UCS106,AMARNATH V,3rd Year,A,
2026-08-16,24UCS106,AMARNATH V,3rd Year,P,
2026-08-27,24UCS106,AMARNATH V,3rd Year,P,
2026-08-08,24UCB106,AMMUSRI A,3rd Year,P,
2026-08-16,24UCB106,AMMUSRI A,3rd Year,P,
2026-08-27,24UCB106,AMMUSRI A,3rd Year,P,
2026-08-08,24UAM108,ANISH SURIYA J,3rd Year,P,
2026-08-16,24UAM108,ANISH SURIYA J,3rd Year,A,
2026-08-27,24UAM108,ANISH SURIYA J,3rd Year,P,
2026-08-08,24UCS109,ANUDEEP C,3rd Year,A,
2026-08-16,24UCS109,ANUDEEP C,3rd Year,P,
2026-08-27,24UCS109,ANUDEEP C,3rd Year,P,
2026-08-08,24UAD113,ANUSHYA E,3rd Year,P,
2026-08-16,24UAD113,ANUSHYA E,3rd Year,P,
2026-08-27,24UAD113,ANUSHYA E,3rd Year,P,
2026-08-08,24UCY106,ARAVINDHRAJ A,3rd Year,A,
2026-08-16,24UCY106,ARAVINDHRAJ A,3rd Year,P,
2026-08-27,24UCY106,ARAVINDHRAJ A,3rd Year,P,
2026-08-08,24UAM109,ARCHANA V,3rd Year,P,
2026-08-16,24UAM109,ARCHANA V,3rd Year,P,
2026-08-27,24UAM109,ARCHANA V,3rd Year,P,
2026-08-08,24UCS112,ASHMITA K R,3rd Year,A,
2026-08-16,24UCS112,ASHMITA K R,3rd Year,P,
2026-08-27,24UCS112,ASHMITA K R,3rd Year,P,
2026-08-08,24UCB107,ASHVATTHAA J,3rd Year,P,
2026-08-16,24UCB107,ASHVATTHAA J,3rd Year,P,
2026-08-27,24UCB107,ASHVATTHAA J,3rd Year,A,
2026-08-08,24UCS114,ASHWIN P M,3rd Year,A,
2026-08-16,24UCS114,ASHWIN P M,3rd Year,P,
2026-08-27,24UCS114,ASHWIN P M,3rd Year,P,
2026-08-08,24UCS116,ATHISH K K,3rd Year,A,
2026-08-16,24UCS116,ATHISH K K,3rd Year,P,
2026-08-27,24UCS116,ATHISH K K,3rd Year,A,
2026-08-08,24UAD116,AUSLIN NAUSHA R S,3rd Year,A,
2026-08-16,24UAD116,AUSLIN NAUSHA R S,3rd Year,P,
2026-08-27,24UAD116,AUSLIN NAUSHA R S,3rd Year,P,
2026-08-08,24UCY108,AZSWIN N M,3rd Year,A,
2026-08-16,24UCY108,AZSWIN N M,3rd Year,A,
2026-08-27,24UCY108,AZSWIN N M,3rd Year,P,
2026-08-08,24UAM110,BALAMURUGAN S,3rd Year,A,
2026-08-16,24UAM110,BALAMURUGAN S,3rd Year,A,
2026-08-27,24UAM110,BALAMURUGAN S,3rd Year,A,
2026-08-08,24UCS118,BEBINCY V K,3rd Year,A,
2026-08-16,24UCS118,BEBINCY V K,3rd Year,P,
2026-08-27,24UCS118,BEBINCY V K,3rd Year,P,
2026-08-08,24UAD119,BHAAVANA K,3rd Year,P,
2026-08-16,24UAD119,BHAAVANA K,3rd Year,P,
2026-08-27,24UAD119,BHAAVANA K,3rd Year,P,
2026-08-08,24UIT106,BHARATH R,3rd Year,A,
2026-08-16,24UIT106,BHARATH R,3rd Year,P,
2026-08-27,24UIT106,BHARATH R,3rd Year,A,
2026-08-08,24UIT107,BHAVANA U,3rd Year,A,
2026-08-16,24UIT107,BHAVANA U,3rd Year,P,
2026-08-27,24UIT107,BHAVANA U,3rd Year,P,
2026-08-08,24UIT108,BHAVANI D,3rd Year,P,
2026-08-16,24UIT108,BHAVANI D,3rd Year,P,
2026-08-27,24UIT108,BHAVANI D,3rd Year,P,
2026-08-08,24UCY110,CHARUMUKHIL S,3rd Year,A,
2026-08-16,24UCY110,CHARUMUKHIL S,3rd Year,A,
2026-08-27,24UCY110,CHARUMUKHIL S,3rd Year,P,
2026-08-08,24UAD120,DAMASVASREE N,3rd Year,P,
2026-08-16,24UAD120,DAMASVASREE N,3rd Year,P,
2026-08-27,24UAD120,DAMASVASREE N,3rd Year,P,
2026-08-08,24UCS120,DARSHAN S,3rd Year,A,
2026-08-16,24UCS120,DARSHAN S,3rd Year,A,
2026-08-27,24UCS120,DARSHAN S,3rd Year,P,
2026-08-08,24UAD121,DEEPAK M,3rd Year,P,
2026-08-16,24UAD121,DEEPAK M,3rd Year,P,
2026-08-27,24UAD121,DEEPAK M,3rd Year,A,
2026-08-08,24UAD122,DEVA DHARSHINI S,3rd Year,A,
2026-08-16,24UAD122,DEVA DHARSHINI S,3rd Year,P,
2026-08-27,24UAD122,DEVA DHARSHINI S,3rd Year,P,
2026-08-08,24UAD123,DEVAGURU J K,3rd Year,A,
2026-08-16,24UAD123,DEVAGURU J K,3rd Year,P,
2026-08-27,24UAD123,DEVAGURU J K,3rd Year,P,
2026-08-08,24UIT602,DHANUSH K,3rd Year,A,
2026-08-16,24UIT602,DHANUSH K,3rd Year,P,
2026-08-27,24UIT602,DHANUSH K,3rd Year,P,
2026-08-08,24UIT111,DHANUSHREE R,3rd Year,A,
2026-08-16,24UIT111,DHANUSHREE R,3rd Year,P,
2026-08-27,24UIT111,DHANUSHREE R,3rd Year,P,
2026-08-08,24UIT112,DHANVANTRY S,3rd Year,A,
2026-08-16,24UIT112,DHANVANTRY S,3rd Year,P,
2026-08-27,24UIT112,DHANVANTRY S,3rd Year,P,
2026-08-08,24UIT113,DHARNISH M,3rd Year,A,
2026-08-16,24UIT113,DHARNISH M,3rd Year,P,
2026-08-27,24UIT113,DHARNISH M,3rd Year,P,
2026-08-08,24UCY111,DHARSHAN S,3rd Year,A,
2026-08-16,24UCY111,DHARSHAN S,3rd Year,P,
2026-08-27,24UCY111,DHARSHAN S,3rd Year,P,
2026-08-08,24UCS123,DHARSHANA A,3rd Year,P,
2026-08-16,24UCS123,DHARSHANA A,3rd Year,P,
2026-08-27,24UCS123,DHARSHANA A,3rd Year,P,
2026-08-08,24UCS124,DHARSHANA S S,3rd Year,A,
2026-08-16,24UCS124,DHARSHANA S S,3rd Year,P,
2026-08-27,24UCS124,DHARSHANA S S,3rd Year,P,
2026-08-08,24UAD125,DHARSHINI S,3rd Year,A,
2026-08-16,24UAD125,DHARSHINI S,3rd Year,P,
2026-08-27,24UAD125,DHARSHINI S,3rd Year,A,
2026-08-08,24UIT114,DHARSHINIPRIYA A L,3rd Year,A,
2026-08-16,24UIT114,DHARSHINIPRIYA A L,3rd Year,P,
2026-08-27,24UIT114,DHARSHINIPRIYA A L,3rd Year,P,
2026-08-08,24UCY112,DHEEKSHA D,3rd Year,A,
2026-08-16,24UCY112,DHEEKSHA D,3rd Year,P,
2026-08-27,24UCY112,DHEEKSHA D,3rd Year,P,
2026-08-08,24UAD126,DHILIP R,3rd Year,A,
2026-08-16,24UAD126,DHILIP R,3rd Year,P,
2026-08-27,24UAD126,DHILIP R,3rd Year,P,
2026-08-08,24UCB112,DURGA DEVI S,3rd Year,P,
2026-08-16,24UCB112,DURGA DEVI S,3rd Year,P,
2026-08-27,24UCB112,DURGA DEVI S,3rd Year,P,
2026-08-08,24UCS128,DURGA S,3rd Year,A,
2026-08-16,24UCS128,DURGA S,3rd Year,P,
2026-08-27,24UCS128,DURGA S,3rd Year,P,
2026-08-08,24UCS130,EBANCILIN JOFFE R,3rd Year,A,
2026-08-16,24UCS130,EBANCILIN JOFFE R,3rd Year,P,
2026-08-27,24UCS130,EBANCILIN JOFFE R,3rd Year,P,
2026-08-08,24UAD128,FAIZUR RAHMAN S,3rd Year,A,
2026-08-16,24UAD128,FAIZUR RAHMAN S,3rd Year,P,
2026-08-27,24UAD128,FAIZUR RAHMAN S,3rd Year,A,
2026-08-08,24UIT116,GANGA GOWRI M,3rd Year,A,
2026-08-16,24UIT116,GANGA GOWRI M,3rd Year,P,
2026-08-27,24UIT116,GANGA GOWRI M,3rd Year,P,
2026-08-08,24UAD129,GIRIDHARAN B,3rd Year,A,
2026-08-16,24UAD129,GIRIDHARAN B,3rd Year,P,
2026-08-27,24UAD129,GIRIDHARAN B,3rd Year,P,
2026-08-08,24UAD132,GOMATHI C,3rd Year,A,
2026-08-16,24UAD132,GOMATHI C,3rd Year,P,
2026-08-27,24UAD132,GOMATHI C,3rd Year,P,
2026-08-08,24UAD133,GOWDHAM S,3rd Year,A,
2026-08-16,24UAD133,GOWDHAM S,3rd Year,P,
2026-08-27,24UAD133,GOWDHAM S,3rd Year,A,
2026-08-08,24UAD134,GUGAN KRITHIK R,3rd Year,A,
2026-08-16,24UAD134,GUGAN KRITHIK R,3rd Year,A,
2026-08-27,24UAD134,GUGAN KRITHIK R,3rd Year,A,
2026-08-08,24UAD136,HANISHA V,3rd Year,P,
2026-08-16,24UAD136,HANISHA V,3rd Year,P,
2026-08-27,24UAD136,HANISHA V,3rd Year,P,
2026-08-08,24UIT120,HARINI M,3rd Year,P,
2026-08-16,24UIT120,HARINI M,3rd Year,P,
2026-08-27,24UIT120,HARINI M,3rd Year,A,
2026-08-08,24UCB115,HARINI S,3rd Year,A,
2026-08-16,24UCB115,HARINI S,3rd Year,P,
2026-08-27,24UCB115,HARINI S,3rd Year,P,
2026-08-08,24UAD138,HARINI SRI N D,3rd Year,P,
2026-08-16,24UAD138,HARINI SRI N D,3rd Year,P,
2026-08-27,24UAD138,HARINI SRI N D,3rd Year,P,
2026-08-08,24UAM120,Harisbalaji G,3rd Year,P,
2026-08-16,24UAM120,Harisbalaji G,3rd Year,P,
2026-08-27,24UAM120,Harisbalaji G,3rd Year,P,
2026-08-08,24UCS133,HARITHA D,3rd Year,A,
2026-08-16,24UCS133,HARITHA D,3rd Year,P,
2026-08-27,24UCS133,HARITHA D,3rd Year,P,
2026-08-08,24UCS134,HARNIKA P,3rd Year,P,
2026-08-16,24UCS134,HARNIKA P,3rd Year,P,
2026-08-27,24UCS134,HARNIKA P,3rd Year,P,
2026-08-08,24UAM121,HEMAPRABU P,3rd Year,A,
2026-08-16,24UAM121,HEMAPRABU P,3rd Year,A,
2026-08-27,24UAM121,HEMAPRABU P,3rd Year,P,
2026-08-08,24UIT122,IVIN M,3rd Year,A,
2026-08-16,24UIT122,IVIN M,3rd Year,P,
2026-08-27,24UIT122,IVIN M,3rd Year,P,
2026-08-08,24UCY114,JAISURYA S,3rd Year,A,
2026-08-16,24UCY114,JAISURYA S,3rd Year,P,
2026-08-27,24UCY114,JAISURYA S,3rd Year,P,
2026-08-08,24UCS137,JAIWANTHI S R,3rd Year,A,
2026-08-16,24UCS137,JAIWANTHI S R,3rd Year,P,
2026-08-27,24UCS137,JAIWANTHI S R,3rd Year,P,
2026-08-08,24UAD142,JANANI T,3rd Year,A,
2026-08-16,24UAD142,JANANI T,3rd Year,P,
2026-08-27,24UAD142,JANANI T,3rd Year,P,
2026-08-08,24UCY115,JANARTHANAN S,3rd Year,P,
2026-08-16,24UCY115,JANARTHANAN S,3rd Year,P,
2026-08-27,24UCY115,JANARTHANAN S,3rd Year,A,
2026-08-08,24UCS140,JAYASREE U,3rd Year,A,
2026-08-16,24UCS140,JAYASREE U,3rd Year,P,
2026-08-27,24UCS140,JAYASREE U,3rd Year,P,
2026-08-08,24UCB118,JENIFER R,3rd Year,P,
2026-08-16,24UCB118,JENIFER R,3rd Year,P,
2026-08-27,24UCB118,JENIFER R,3rd Year,P,
2026-08-08,24UCB119,JERSHINA BLESSY P,3rd Year,A,
2026-08-16,24UCB119,JERSHINA BLESSY P,3rd Year,P,
2026-08-27,24UCB119,JERSHINA BLESSY P,3rd Year,P,
2026-08-08,24UME117,JEYA SURYA C,3rd Year,A,
2026-08-16,24UME117,JEYA SURYA C,3rd Year,A,
2026-08-27,24UME117,JEYA SURYA C,3rd Year,A,
2026-08-08,24UCS146,JOHAN MANOVA S R,3rd Year,A,
2026-08-16,24UCS146,JOHAN MANOVA S R,3rd Year,P,
2026-08-27,24UCS146,JOHAN MANOVA S R,3rd Year,P,
2026-08-08,24UCS147,JOSHUA NITHIN D,3rd Year,A,
2026-08-16,24UCS147,JOSHUA NITHIN D,3rd Year,A,
2026-08-27,24UCS147,JOSHUA NITHIN D,3rd Year,P,
2026-08-08,24UCS148,KAARTHIKA P,3rd Year,P,
2026-08-16,24UCS148,KAARTHIKA P,3rd Year,P,
2026-08-27,24UCS148,KAARTHIKA P,3rd Year,P,
2026-08-08,24UCS149,KABILAVAISHNAVI S,3rd Year,A,
2026-08-16,24UCS149,KABILAVAISHNAVI S,3rd Year,P,
2026-08-27,24UCS149,KABILAVAISHNAVI S,3rd Year,P,
2026-08-08,24UAD147,KANISHKA NEYA N,3rd Year,P,
2026-08-16,24UAD147,KANISHKA NEYA N,3rd Year,P,
2026-08-27,24UAD147,KANISHKA NEYA N,3rd Year,P,
2026-08-08,24UAM123,KARNIKA V,3rd Year,A,
2026-08-16,24UAM123,KARNIKA V,3rd Year,P,
2026-08-27,24UAM123,KARNIKA V,3rd Year,P,
2026-08-08,24UAM124,KARTHIKEYAN M,3rd Year,A,
2026-08-16,24UAM124,KARTHIKEYAN M,3rd Year,P,
2026-08-27,24UAM124,KARTHIKEYAN M,3rd Year,P,
2026-08-08,24UCY118,KARUN G,3rd Year,P,
2026-08-16,24UCY118,KARUN G,3rd Year,P,
2026-08-27,24UCY118,KARUN G,3rd Year,P,
2026-08-08,24UCB122,KAVIYA V,3rd Year,P,
2026-08-16,24UCB122,KAVIYA V,3rd Year,A,
2026-08-27,24UCB122,KAVIYA V,3rd Year,P,
2026-08-08,24UCY120,KEERTHANA P,3rd Year,A,
2026-08-16,24UCY120,KEERTHANA P,3rd Year,P,
2026-08-27,24UCY120,KEERTHANA P,3rd Year,P,
2026-08-08,24UAM125,KEERTHANAPRIYA S,3rd Year,P,
2026-08-16,24UAM125,KEERTHANAPRIYA S,3rd Year,P,
2026-08-27,24UAM125,KEERTHANAPRIYA S,3rd Year,P,
2026-08-08,24UIT125,KEERTHI PRIYADHARSHINI N,3rd Year,A,
2026-08-16,24UIT125,KEERTHI PRIYADHARSHINI N,3rd Year,A,
2026-08-27,24UIT125,KEERTHI PRIYADHARSHINI N,3rd Year,P,
2026-08-08,24UIT126,KEERTHIVARMAN S,3rd Year,A,
2026-08-16,24UIT126,KEERTHIVARMAN S,3rd Year,P,
2026-08-27,24UIT126,KEERTHIVARMAN S,3rd Year,P,
2026-08-08,24UCB124,KISHORE JOTHISH N,3rd Year,A,
2026-08-16,24UCB124,KISHORE JOTHISH N,3rd Year,A,
2026-08-27,24UCB124,KISHORE JOTHISH N,3rd Year,P,
2026-08-08,24UAM701,KISHORE M,3rd Year,A,
2026-08-16,24UAM701,KISHORE M,3rd Year,A,
2026-08-27,24UAM701,KISHORE M,3rd Year,A,
2026-08-08,24UME121,KISHORE R,3rd Year,P,
2026-08-16,24UME121,KISHORE R,3rd Year,A,
2026-08-27,24UME121,KISHORE R,3rd Year,P,
2026-08-08,24UCS155,KISHOREKUMAR M,3rd Year,A,
2026-08-16,24UCS155,KISHOREKUMAR M,3rd Year,P,
2026-08-27,24UCS155,KISHOREKUMAR M,3rd Year,P,
2026-08-08,24UCS156,KRISHNA VENI M,3rd Year,A,
2026-08-16,24UCS156,KRISHNA VENI M,3rd Year,P,
2026-08-27,24UCS156,KRISHNA VENI M,3rd Year,P,
2026-08-08,24UAM126,KRITHIKA N,3rd Year,P,
2026-08-16,24UAM126,KRITHIKA N,3rd Year,P,
2026-08-27,24UAM126,KRITHIKA N,3rd Year,P,
2026-08-08,24UAD151,LAKSHMI DINESH,3rd Year,P,
2026-08-16,24UAD151,LAKSHMI DINESH,3rd Year,P,
2026-08-27,24UAD151,LAKSHMI DINESH,3rd Year,P,
2026-08-08,24UIT128,LALSHRIMAN S,3rd Year,A,
2026-08-16,24UIT128,LALSHRIMAN S,3rd Year,A,
2026-08-27,24UIT128,LALSHRIMAN S,3rd Year,P,
2026-08-08,24UCY125,LOGESH RAJ B,3rd Year,A,
2026-08-16,24UCY125,LOGESH RAJ B,3rd Year,P,
2026-08-27,24UCY125,LOGESH RAJ B,3rd Year,P,
2026-08-08,24UIT129,MADHAN PRASAD J,3rd Year,A,
2026-08-16,24UIT129,MADHAN PRASAD J,3rd Year,A,
2026-08-27,24UIT129,MADHAN PRASAD J,3rd Year,P,
2026-08-08,24UAD155,MADHUVIKASH A S,3rd Year,A,
2026-08-16,24UAD155,MADHUVIKASH A S,3rd Year,P,
2026-08-27,24UAD155,MADHUVIKASH A S,3rd Year,P,
2026-08-08,24UAD156,MAINTHISHA S,3rd Year,A,
2026-08-16,24UAD156,MAINTHISHA S,3rd Year,P,
2026-08-27,24UAD156,MAINTHISHA S,3rd Year,P,
2026-08-08,24UME127,MANOJKUMAR M,3rd Year,A,
2026-08-16,24UME127,MANOJKUMAR M,3rd Year,P,
2026-08-27,24UME127,MANOJKUMAR M,3rd Year,P,
2026-08-08,24UAD159,MATHESH M,3rd Year,A,
2026-08-16,24UAD159,MATHESH M,3rd Year,A,
2026-08-27,24UAD159,MATHESH M,3rd Year,A,
2026-08-08,24UIT131,MATHUMETHA N,3rd Year,P,
2026-08-16,24UIT131,MATHUMETHA N,3rd Year,P,
2026-08-27,24UIT131,MATHUMETHA N,3rd Year,P,
2026-08-08,24UIT132,MEGAVARSHINI M,3rd Year,P,
2026-08-16,24UIT132,MEGAVARSHINI M,3rd Year,P,
2026-08-27,24UIT132,MEGAVARSHINI M,3rd Year,P,
2026-08-08,24UCY126,MEGAVARSHINI P,3rd Year,A,
2026-08-16,24UCY126,MEGAVARSHINI P,3rd Year,A,
2026-08-27,24UCY126,MEGAVARSHINI P,3rd Year,P,
2026-08-08,24UIT133,MIDHUN S,3rd Year,P,
2026-08-16,24UIT133,MIDHUN S,3rd Year,P,
2026-08-27,24UIT133,MIDHUN S,3rd Year,P,
2026-08-08,24UCS163,MIRUMATHAN J,3rd Year,A,
2026-08-16,24UCS163,MIRUMATHAN J,3rd Year,P,
2026-08-27,24UCS163,MIRUMATHAN J,3rd Year,P,
2026-08-08,24UAD162,MITHUN BALAJI KUMARESAN,3rd Year,A,
2026-08-16,24UAD162,MITHUN BALAJI KUMARESAN,3rd Year,P,
2026-08-27,24UAD162,MITHUN BALAJI KUMARESAN,3rd Year,P,
2026-08-08,24UME128,MOHAMED IMTHIYAS S,3rd Year,A,
2026-08-16,24UME128,MOHAMED IMTHIYAS S,3rd Year,A,
2026-08-27,24UME128,MOHAMED IMTHIYAS S,3rd Year,A,
2026-08-08,24UCS201,MOHAMED SALIS M,3rd Year,A,
2026-08-16,24UCS201,MOHAMED SALIS M,3rd Year,P,
2026-08-27,24UCS201,MOHAMED SALIS M,3rd Year,P,
2026-08-08,24UCS202,MOHAMED SHIEK ABDULLA I,3rd Year,P,
2026-08-16,24UCS202,MOHAMED SHIEK ABDULLA I,3rd Year,P,
2026-08-27,24UCS202,MOHAMED SHIEK ABDULLA I,3rd Year,A,
2026-08-08,24UAM133,Mohammed Minhaj .A,3rd Year,A,
2026-08-16,24UAM133,Mohammed Minhaj .A,3rd Year,P,
2026-08-27,24UAM133,Mohammed Minhaj .A,3rd Year,P,
2026-08-08,24UME129,MOHAMMED RIYASH S,3rd Year,A,
2026-08-16,24UME129,MOHAMMED RIYASH S,3rd Year,A,
2026-08-27,24UME129,MOHAMMED RIYASH S,3rd Year,P,
2026-08-08,24UCB130,MOWNAVARSHINI S,3rd Year,A,
2026-08-16,24UCB130,MOWNAVARSHINI S,3rd Year,P,
2026-08-27,24UCB130,MOWNAVARSHINI S,3rd Year,P,
2026-08-08,24UCB132,MUTHU PRIYA B,3rd Year,P,
2026-08-16,24UCB132,MUTHU PRIYA B,3rd Year,P,
2026-08-27,24UCB132,MUTHU PRIYA B,3rd Year,P,
2026-08-08,24UIT135,MYTHILI V,3rd Year,A,
2026-08-16,24UIT135,MYTHILI V,3rd Year,P,
2026-08-27,24UIT135,MYTHILI V,3rd Year,P,
2026-08-08,24UCB133,NAKSHATHRA S,3rd Year,P,
2026-08-16,24UCB133,NAKSHATHRA S,3rd Year,P,
2026-08-27,24UCB133,NAKSHATHRA S,3rd Year,P,
2026-08-08,24UCS203,NANDHANA R S,3rd Year,P,
2026-08-16,24UCS203,NANDHANA R S,3rd Year,P,
2026-08-27,24UCS203,NANDHANA R S,3rd Year,P,
2026-08-08,24UAM134,NANDHINI S,3rd Year,P,
2026-08-16,24UAM134,NANDHINI S,3rd Year,A,
2026-08-27,24UAM134,NANDHINI S,3rd Year,P,
2026-08-08,24UCS204,NARMADHA P,3rd Year,A,
2026-08-16,24UCS204,NARMADHA P,3rd Year,P,
2026-08-27,24UCS204,NARMADHA P,3rd Year,P,
2026-08-08,24UIT137,NATESAN A,3rd Year,A,
2026-08-16,24UIT137,NATESAN A,3rd Year,A,
2026-08-27,24UIT137,NATESAN A,3rd Year,P,
2026-08-08,24UCS205,NATHIYA R,3rd Year,A,
2026-08-16,24UCS205,NATHIYA R,3rd Year,P,
2026-08-27,24UCS205,NATHIYA R,3rd Year,P,
2026-08-08,24UCY130,NAVEEN K C,3rd Year,A,
2026-08-16,24UCY130,NAVEEN K C,3rd Year,A,
2026-08-27,24UCY130,NAVEEN K C,3rd Year,P,
2026-08-08,24UCS209,NISHANTH S,3rd Year,A,
2026-08-16,24UCS209,NISHANTH S,3rd Year,P,
2026-08-27,24UCS209,NISHANTH S,3rd Year,P,
2026-08-08,24UIT138,NISHANTH S A,3rd Year,P,
2026-08-16,24UIT138,NISHANTH S A,3rd Year,P,
2026-08-27,24UIT138,NISHANTH S A,3rd Year,P,
2026-08-08,24UCB135,NISHANTHI S,3rd Year,P,
2026-08-16,24UCB135,NISHANTHI S,3rd Year,P,
2026-08-27,24UCB135,NISHANTHI S,3rd Year,P,
2026-08-08,24UME138,NITHEESKUMAR M,3rd Year,A,
2026-08-16,24UME138,NITHEESKUMAR M,3rd Year,A,
2026-08-27,24UME138,NITHEESKUMAR M,3rd Year,A,
2026-08-08,24UAM135,NITHISH A,3rd Year,A,
2026-08-16,24UAM135,NITHISH A,3rd Year,A,
2026-08-27,24UAM135,NITHISH A,3rd Year,A,
2026-08-08,24UCS212,PAVISH P,3rd Year,A,
2026-08-16,24UCS212,PAVISH P,3rd Year,P,
2026-08-27,24UCS212,PAVISH P,3rd Year,P,
2026-08-08,24UCY134,PAVITHRA K,3rd Year,A,
2026-08-16,24UCY134,PAVITHRA K,3rd Year,P,
2026-08-27,24UCY134,PAVITHRA K,3rd Year,A,
2026-08-08,24UAD212,PEARLY CHRISTINAA ARMSTRONG,3rd Year,A,
2026-08-16,24UAD212,PEARLY CHRISTINAA ARMSTRONG,3rd Year,P,
2026-08-27,24UAD212,PEARLY CHRISTINAA ARMSTRONG,3rd Year,P,
2026-08-08,24UCY136,POORANI K,3rd Year,A,
2026-08-16,24UCY136,POORANI K,3rd Year,P,
2026-08-27,24UCY136,POORANI K,3rd Year,P,
2026-08-08,24UIT139,PRAGATHI S,3rd Year,P,
2026-08-16,24UIT139,PRAGATHI S,3rd Year,P,
2026-08-27,24UIT139,PRAGATHI S,3rd Year,P,
2026-08-08,24UCB137,PRAGATI A,3rd Year,A,
2026-08-16,24UCB137,PRAGATI A,3rd Year,A,
2026-08-27,24UCB137,PRAGATI A,3rd Year,P,
2026-08-08,24UAD217,PRAVEENASRI R,3rd Year,A,
2026-08-16,24UAD217,PRAVEENASRI R,3rd Year,A,
2026-08-27,24UAD217,PRAVEENASRI R,3rd Year,A,
2026-08-08,24UAD218,PREETHI SRI N,3rd Year,P,
2026-08-16,24UAD218,PREETHI SRI N,3rd Year,P,
2026-08-27,24UAD218,PREETHI SRI N,3rd Year,P,
2026-08-08,24UAD219,PRIYADHARSHINI P,3rd Year,P,
2026-08-16,24UAD219,PRIYADHARSHINI P,3rd Year,P,
2026-08-27,24UAD219,PRIYADHARSHINI P,3rd Year,P,
2026-08-08,24UCY140,PRIYADHARSHINI R,3rd Year,A,
2026-08-16,24UCY140,PRIYADHARSHINI R,3rd Year,P,
2026-08-27,24UCY140,PRIYADHARSHINI R,3rd Year,P,
2026-08-08,24UCS218,RAGHAVENDRA R,3rd Year,A,
2026-08-16,24UCS218,RAGHAVENDRA R,3rd Year,P,
2026-08-27,24UCS218,RAGHAVENDRA R,3rd Year,P,
2026-08-08,24UCS219,RAGUL S,3rd Year,P,
2026-08-16,24UCS219,RAGUL S,3rd Year,P,
2026-08-27,24UCS219,RAGUL S,3rd Year,P,
2026-08-08,24UCS220,RAGUNATH R,3rd Year,A,
2026-08-16,24UCS220,RAGUNATH R,3rd Year,P,
2026-08-27,24UCS220,RAGUNATH R,3rd Year,A,
2026-08-08,24UAM140,RATHISH T,3rd Year,A,
2026-08-16,24UAM140,RATHISH T,3rd Year,P,
2026-08-27,24UAM140,RATHISH T,3rd Year,P,
2026-08-08,24UCB140,RESHMA B,3rd Year,A,
2026-08-16,24UCB140,RESHMA B,3rd Year,P,
2026-08-27,24UCB140,RESHMA B,3rd Year,P,
2026-08-08,24UIT142,RITHANYA R,3rd Year,P,
2026-08-16,24UIT142,RITHANYA R,3rd Year,A,
2026-08-27,24UIT142,RITHANYA R,3rd Year,P,
2026-08-08,24UIT143,RITHIKHA S,3rd Year,P,
2026-08-16,24UIT143,RITHIKHA S,3rd Year,P,
2026-08-27,24UIT143,RITHIKHA S,3rd Year,P,
2026-08-08,24UCY143,ROHITH S,3rd Year,A,
2026-08-16,24UCY143,ROHITH S,3rd Year,A,
2026-08-27,24UCY143,ROHITH S,3rd Year,P,
2026-08-08,24UCY144,ROSHINI P,3rd Year,A,
2026-08-16,24UCY144,ROSHINI P,3rd Year,A,
2026-08-27,24UCY144,ROSHINI P,3rd Year,P,
2026-08-08,24UAD222,RUDDHARA DEVI S,3rd Year,A,
2026-08-16,24UAD222,RUDDHARA DEVI S,3rd Year,P,
2026-08-27,24UAD222,RUDDHARA DEVI S,3rd Year,P,
2026-08-08,24UAD226,SAI JANANI S K,3rd Year,P,
2026-08-16,24UAD226,SAI JANANI S K,3rd Year,P,
2026-08-27,24UAD226,SAI JANANI S K,3rd Year,P,
2026-08-08,24UAD227,SAIRAM R M,3rd Year,A,
2026-08-16,24UAD227,SAIRAM R M,3rd Year,A,
2026-08-27,24UAD227,SAIRAM R M,3rd Year,A,
2026-08-08,24UCS226,SAKTHI S,3rd Year,P,
2026-08-16,24UCS226,SAKTHI S,3rd Year,P,
2026-08-27,24UCS226,SAKTHI S,3rd Year,P,
2026-08-08,24UAD228,SAMAYA KEERTHIKA V,3rd Year,A,
2026-08-16,24UAD228,SAMAYA KEERTHIKA V,3rd Year,P,
2026-08-27,24UAD228,SAMAYA KEERTHIKA V,3rd Year,P,
2026-08-08,24UCY146,SAMSHITH G B,3rd Year,A,
2026-08-16,24UCY146,SAMSHITH G B,3rd Year,P,
2026-08-27,24UCY146,SAMSHITH G B,3rd Year,P,
2026-08-08,24UAD230,SAMUTHIRA V L,3rd Year,A,
2026-08-16,24UAD230,SAMUTHIRA V L,3rd Year,P,
2026-08-27,24UAD230,SAMUTHIRA V L,3rd Year,P,
2026-08-08,24UCS230,SANDHIYA V,3rd Year,A,
2026-08-16,24UCS230,SANDHIYA V,3rd Year,P,
2026-08-27,24UCS230,SANDHIYA V,3rd Year,P,
2026-08-08,24UCS231,SANJAI S,3rd Year,A,
2026-08-16,24UCS231,SANJAI S,3rd Year,P,
2026-08-27,24UCS231,SANJAI S,3rd Year,P,
2026-08-08,24UCY147,SANJANA P,3rd Year,A,
2026-08-16,24UCY147,SANJANA P,3rd Year,A,
2026-08-27,24UCY147,SANJANA P,3rd Year,P,
2026-08-08,24UCB145,SANJANAA S G,3rd Year,P,
2026-08-16,24UCB145,SANJANAA S G,3rd Year,P,
2026-08-27,24UCB145,SANJANAA S G,3rd Year,P,
2026-08-08,24UCS232,SANTHANU S,3rd Year,A,
2026-08-16,24UCS232,SANTHANU S,3rd Year,P,
2026-08-27,24UCS232,SANTHANU S,3rd Year,A,
2026-08-08,24UAM147,SANTHIYA M,3rd Year,A,
2026-08-16,24UAM147,SANTHIYA M,3rd Year,P,
2026-08-27,24UAM147,SANTHIYA M,3rd Year,P,
2026-08-08,24UCS233,SANTHOSH P,3rd Year,A,
2026-08-16,24UCS233,SANTHOSH P,3rd Year,P,
2026-08-27,24UCS233,SANTHOSH P,3rd Year,P,
2026-08-08,24UCS234,SANTHOSH PRIYAN S,3rd Year,A,
2026-08-16,24UCS234,SANTHOSH PRIYAN S,3rd Year,A,
2026-08-27,24UCS234,SANTHOSH PRIYAN S,3rd Year,P,
2026-08-08,24UCB149,SARVAJIT M,3rd Year,A,
2026-08-16,24UCB149,SARVAJIT M,3rd Year,A,
2026-08-27,24UCB149,SARVAJIT M,3rd Year,P,
2026-08-08,24UCS236,SHAILESH V,3rd Year,A,
2026-08-16,24UCS236,SHAILESH V,3rd Year,A,
2026-08-27,24UCS236,SHAILESH V,3rd Year,A,
2026-08-08,24UAD238,SHARAN B,3rd Year,A,
2026-08-16,24UAD238,SHARAN B,3rd Year,P,
2026-08-27,24UAD238,SHARAN B,3rd Year,P,
2026-08-08,24UCY149,SHREE ASHWIN A G,3rd Year,P,
2026-08-16,24UCY149,SHREE ASHWIN A G,3rd Year,A,
2026-08-27,24UCY149,SHREE ASHWIN A G,3rd Year,P,
2026-08-08,24UCY150,SHRI VATHSA M,3rd Year,P,
2026-08-16,24UCY150,SHRI VATHSA M,3rd Year,P,
2026-08-27,24UCY150,SHRI VATHSA M,3rd Year,P,
2026-08-08,24UCS241,SHRIHARI D,3rd Year,A,
2026-08-16,24UCS241,SHRIHARI D,3rd Year,A,
2026-08-27,24UCS241,SHRIHARI D,3rd Year,P,
2026-08-08,24UIT148,SHRIMATHI N,3rd Year,A,
2026-08-16,24UIT148,SHRIMATHI N,3rd Year,P,
2026-08-27,24UIT148,SHRIMATHI N,3rd Year,P,
2026-08-08,24UCS242,SHRUTHI S,3rd Year,A,
2026-08-16,24UCS242,SHRUTHI S,3rd Year,P,
2026-08-27,24UCS242,SHRUTHI S,3rd Year,P,
2026-08-08,24UAM151,SHWETHA S,3rd Year,P,
2026-08-16,24UAM151,SHWETHA S,3rd Year,A,
2026-08-27,24UAM151,SHWETHA S,3rd Year,P,
2026-08-08,24UCB153,SHWETHA S,3rd Year,P,
2026-08-16,24UCB153,SHWETHA S,3rd Year,P,
2026-08-27,24UCB153,SHWETHA S,3rd Year,P,
2026-08-08,24UCY151,SIVASHANKAR R,3rd Year,A,
2026-08-16,24UCY151,SIVASHANKAR R,3rd Year,P,
2026-08-27,24UCY151,SIVASHANKAR R,3rd Year,P,
2026-08-08,24UME151,SREE DHARSHAN M P,3rd Year,A,
2026-08-16,24UME151,SREE DHARSHAN M P,3rd Year,P,
2026-08-27,24UME151,SREE DHARSHAN M P,3rd Year,P,
2026-08-08,24UAD242,SRI BARATH G,3rd Year,A,
2026-08-16,24UAD242,SRI BARATH G,3rd Year,A,
2026-08-27,24UAD242,SRI BARATH G,3rd Year,A,
2026-08-08,24UAD243,SRI VARSHA T,3rd Year,A,
2026-08-16,24UAD243,SRI VARSHA T,3rd Year,P,
2026-08-27,24UAD243,SRI VARSHA T,3rd Year,P,
2026-08-08,24UCS247,SRIRAM S,3rd Year,P,
2026-08-16,24UCS247,SRIRAM S,3rd Year,P,
2026-08-27,24UCS247,SRIRAM S,3rd Year,A,
2026-08-08,24UAM159,SRUTHI R,3rd Year,P,
2026-08-16,24UAM159,SRUTHI R,3rd Year,P,
2026-08-27,24UAM159,SRUTHI R,3rd Year,P,
2026-08-08,24UCY154,SUBAPRIYAN S,3rd Year,P,
2026-08-16,24UCY154,SUBAPRIYAN S,3rd Year,P,
2026-08-27,24UCY154,SUBAPRIYAN S,3rd Year,A,
2026-08-08,24UCS249,SUBASH R,3rd Year,A,
2026-08-16,24UCS249,SUBASH R,3rd Year,P,
2026-08-27,24UCS249,SUBASH R,3rd Year,P,
2026-08-08,24UIT151,SUBETHA T,3rd Year,A,
2026-08-16,24UIT151,SUBETHA T,3rd Year,P,
2026-08-27,24UIT151,SUBETHA T,3rd Year,P,
2026-08-08,24UAD246,SUBHASINI M,3rd Year,A,
2026-08-16,24UAD246,SUBHASINI M,3rd Year,P,
2026-08-27,24UAD246,SUBHASINI M,3rd Year,A,
2026-08-08,24UAD247,SUBIKSHA R,3rd Year,A,
2026-08-16,24UAD247,SUBIKSHA R,3rd Year,P,
2026-08-27,24UAD247,SUBIKSHA R,3rd Year,P,
2026-08-08,24UCS610,SUDHARSAN N K,3rd Year,A,
2026-08-16,24UCS610,SUDHARSAN N K,3rd Year,P,
2026-08-27,24UCS610,SUDHARSAN N K,3rd Year,A,
2026-08-08,24UIT152,SUGABHARATHI P,3rd Year,P,
2026-08-16,24UIT152,SUGABHARATHI P,3rd Year,P,
2026-08-27,24UIT152,SUGABHARATHI P,3rd Year,P,
2026-08-08,24UCB158,SUNIL CASTRO J,3rd Year,A,
2026-08-16,24UCB158,SUNIL CASTRO J,3rd Year,A,
2026-08-27,24UCB158,SUNIL CASTRO J,3rd Year,A,
2026-08-08,24UIT153,SURUTHI K,3rd Year,A,
2026-08-16,24UIT153,SURUTHI K,3rd Year,A,
2026-08-27,24UIT153,SURUTHI K,3rd Year,P,
2026-08-08,24UIT155,SWASTHIKA S,3rd Year,A,
2026-08-16,24UIT155,SWASTHIKA S,3rd Year,P,
2026-08-27,24UIT155,SWASTHIKA S,3rd Year,P,
2026-08-08,24UIT156,SWATHI V,3rd Year,A,
2026-08-16,24UIT156,SWATHI V,3rd Year,P,
2026-08-27,24UIT156,SWATHI V,3rd Year,P,
2026-08-08,24UCS252,SWATHMIKA S S,3rd Year,A,
2026-08-16,24UCS252,SWATHMIKA S S,3rd Year,P,
2026-08-27,24UCS252,SWATHMIKA S S,3rd Year,P,
2026-08-08,24UIT157,TAMILINIYAL G,3rd Year,A,
2026-08-16,24UIT157,TAMILINIYAL G,3rd Year,P,
2026-08-27,24UIT157,TAMILINIYAL G,3rd Year,P,
2026-08-08,24UIT158,TAMILSELVAN R,3rd Year,A,
2026-08-16,24UIT158,TAMILSELVAN R,3rd Year,P,
2026-08-27,24UIT158,TAMILSELVAN R,3rd Year,P,
2026-08-08,24UAD252,TAMIZHILINIYAN M,3rd Year,A,
2026-08-16,24UAD252,TAMIZHILINIYAN M,3rd Year,P,
2026-08-27,24UAD252,TAMIZHILINIYAN M,3rd Year,A,
2026-08-08,24UIT159,TEJASWAR K,3rd Year,A,
2026-08-16,24UIT159,TEJASWAR K,3rd Year,P,
2026-08-27,24UIT159,TEJASWAR K,3rd Year,P,
2026-08-08,24UCS255,THANISHKASRI Y,3rd Year,P,
2026-08-16,24UCS255,THANISHKASRI Y,3rd Year,A,
2026-08-27,24UCS255,THANISHKASRI Y,3rd Year,P,
2026-08-08,24UAD255,THARMARAJ M,3rd Year,A,
2026-08-16,24UAD255,THARMARAJ M,3rd Year,P,
2026-08-27,24UAD255,THARMARAJ M,3rd Year,P,
2026-08-08,24UAD256,THEDHEISH B R,3rd Year,A,
2026-08-16,24UAD256,THEDHEISH B R,3rd Year,P,
2026-08-27,24UAD256,THEDHEISH B R,3rd Year,P,
2026-08-08,24UIT160,THILAKA M,3rd Year,A,
2026-08-16,24UIT160,THILAKA M,3rd Year,P,
2026-08-27,24UIT160,THILAKA M,3rd Year,P,
2026-08-08,24UAD257,UMAMAGESHWARI K,3rd Year,A,
2026-08-16,24UAD257,UMAMAGESHWARI K,3rd Year,A,
2026-08-27,24UAD257,UMAMAGESHWARI K,3rd Year,A,
2026-08-08,24UIT161,VAISHNAV A,3rd Year,A,
2026-08-16,24UIT161,VAISHNAV A,3rd Year,P,
2026-08-27,24UIT161,VAISHNAV A,3rd Year,P,
2026-08-08,24UAM160,VAISHNAVI S,3rd Year,P,
2026-08-16,24UAM160,VAISHNAVI S,3rd Year,P,
2026-08-27,24UAM160,VAISHNAVI S,3rd Year,P,
2026-08-08,24UCB161,VARSHINI M,3rd Year,A,
2026-08-16,24UCB161,VARSHINI M,3rd Year,A,
2026-08-27,24UCB161,VARSHINI M,3rd Year,P,
2026-08-08,24UAD259,VIBIN M,3rd Year,A,
2026-08-16,24UAD259,VIBIN M,3rd Year,A,
2026-08-27,24UAD259,VIBIN M,3rd Year,A,
2026-08-08,24UCY160,VIGNESHWARAN M,3rd Year,P,
2026-08-16,24UCY160,VIGNESHWARAN M,3rd Year,A,
2026-08-27,24UCY160,VIGNESHWARAN M,3rd Year,A,
2026-08-08,24UCB162,VINOSHIYA R,3rd Year,A,
2026-08-16,24UCB162,VINOSHIYA R,3rd Year,A,
2026-08-27,24UCB162,VINOSHIYA R,3rd Year,P,
2026-08-08,24UCS262,VISHNU PRIYA R,3rd Year,P,
2026-08-16,24UCS262,VISHNU PRIYA R,3rd Year,P,
2026-08-27,24UCS262,VISHNU PRIYA R,3rd Year,P,
2026-08-08,24UIT605,VYASH M,3rd Year,A,
2026-08-16,24UIT605,VYASH M,3rd Year,A,
2026-08-27,24UIT605,VYASH M,3rd Year,P,
2026-08-08,24UIT162,YASHEEKA E T,3rd Year,A,
2026-08-16,24UIT162,YASHEEKA E T,3rd Year,A,
2026-08-27,24UIT162,YASHEEKA E T,3rd Year,P,
2026-08-08,24UIT163,YOGHESWAR T,3rd Year,A,
2026-08-16,24UIT163,YOGHESWAR T,3rd Year,A,
2026-08-27,24UIT163,YOGHESWAR T,3rd Year,A,
2026-08-08,24UAD101,AADIL A,3rd Year,A,
2026-08-27,24UAD101,AADIL A,3rd Year,P,
2026-08-28,24UAD101,AADIL A,3rd Year,P,
2026-08-08,24UAD108,ANAND P,3rd Year,A,
2026-08-27,24UAD108,ANAND P,3rd Year,A,
2026-08-28,24UAD108,ANAND P,3rd Year,A,
2026-08-08,24UAD109,ANGELIN KIRUBAWATHI T,3rd Year,A,
2026-08-27,24UAD109,ANGELIN KIRUBAWATHI T,3rd Year,P,
2026-08-28,24UAD109,ANGELIN KIRUBAWATHI T,3rd Year,P,
2026-08-08,24UAD115,ASVIKA A V S,3rd Year,P,
2026-08-27,24UAD115,ASVIKA A V S,3rd Year,P,
2026-08-28,24UAD115,ASVIKA A V S,3rd Year,P,
2026-08-08,24UAD130,GIRINATH K,3rd Year,A,
2026-08-27,24UAD130,GIRINATH K,3rd Year,P,
2026-08-28,24UAD130,GIRINATH K,3rd Year,A,
2026-08-08,24UAD141,JAISURYAN S,3rd Year,A,
2026-08-27,24UAD141,JAISURYAN S,3rd Year,P,
2026-08-28,24UAD141,JAISURYAN S,3rd Year,A,
2026-08-08,24UAD148,KATHIRVEL N,3rd Year,A,
2026-08-27,24UAD148,KATHIRVEL N,3rd Year,A,
2026-08-28,24UAD148,KATHIRVEL N,3rd Year,A,
2026-08-08,24UAD153,MADHUMITHA A,3rd Year,A,
2026-08-27,24UAD153,MADHUMITHA A,3rd Year,P,
2026-08-28,24UAD153,MADHUMITHA A,3rd Year,P,
2026-08-08,24UAD160,MEGAVARSHINI G,3rd Year,P,
2026-08-27,24UAD160,MEGAVARSHINI G,3rd Year,P,
2026-08-28,24UAD160,MEGAVARSHINI G,3rd Year,A,
2026-08-08,24UAD161,MIRUTHULA SHREE S,3rd Year,A,
2026-08-27,24UAD161,MIRUTHULA SHREE S,3rd Year,P,
2026-08-28,24UAD161,MIRUTHULA SHREE S,3rd Year,P,
2026-08-08,24UAD232,SANJAY S,3rd Year,A,
2026-08-27,24UAD232,SANJAY S,3rd Year,P,
2026-08-28,24UAD232,SANJAY S,3rd Year,P,
2026-08-08,24UAD251,TAMILARASAN S,3rd Year,A,
2026-08-27,24UAD251,TAMILARASAN S,3rd Year,P,
2026-08-28,24UAD251,TAMILARASAN S,3rd Year,P,
2026-08-08,24UAD601,BARATH T,3rd Year,P,
2026-08-27,24UAD601,BARATH T,3rd Year,P,
2026-08-28,24UAD601,BARATH T,3rd Year,P,
2026-08-08,24UAD603,KAVIN S,3rd Year,P,
2026-08-27,24UAD603,KAVIN S,3rd Year,A,
2026-08-28,24UAD603,KAVIN S,3rd Year,P,
2026-08-08,24UAD604,KRISHNAN V,3rd Year,P,
2026-08-27,24UAD604,KRISHNAN V,3rd Year,P,
2026-08-28,24UAD604,KRISHNAN V,3rd Year,P,
2026-08-08,24UAD605,MOULIDHARAN D S,3rd Year,A,
2026-08-27,24UAD605,MOULIDHARAN D S,3rd Year,P,
2026-08-28,24UAD605,MOULIDHARAN D S,3rd Year,P,
2026-08-08,24UAD606,NANDHA KUMAR M,3rd Year,P,
2026-08-27,24UAD606,NANDHA KUMAR M,3rd Year,P,
2026-08-28,24UAD606,NANDHA KUMAR M,3rd Year,P,
2026-08-08,24UAD608,SIVAPRASATH P,3rd Year,P,
2026-08-27,24UAD608,SIVAPRASATH P,3rd Year,P,
2026-08-28,24UAD608,SIVAPRASATH P,3rd Year,P,
2026-08-08,24UAD609,SREEJITH S,3rd Year,A,
2026-08-27,24UAD609,SREEJITH S,3rd Year,A,
2026-08-28,24UAD609,SREEJITH S,3rd Year,P,
2026-08-08,24UAD610,VENKATESH S,3rd Year,P,
2026-08-27,24UAD610,VENKATESH S,3rd Year,P,
2026-08-28,24UAD610,VENKATESH S,3rd Year,P,
2026-08-08,24UCB102,ABHIRAM H,3rd Year,A,
2026-08-27,24UCB102,ABHIRAM H,3rd Year,P,
2026-08-28,24UCB102,ABHIRAM H,3rd Year,A,
2026-08-08,24UCB142,RITTY ANN VARGHESE,3rd Year,A,
2026-08-27,24UCB142,RITTY ANN VARGHESE,3rd Year,P,
2026-08-28,24UCB142,RITTY ANN VARGHESE,3rd Year,P,
2026-08-08,24UCS142,JEFFREY SHALOM J,3rd Year,P,
2026-08-27,24UCS142,JEFFREY SHALOM J,3rd Year,P,
2026-08-28,24UCS142,JEFFREY SHALOM J,3rd Year,A,
2026-08-08,24UCS206,NAVADEEP R,3rd Year,A,
2026-08-27,24UCS206,NAVADEEP R,3rd Year,P,
2026-08-28,24UCS206,NAVADEEP R,3rd Year,P,
2026-08-08,24UCS210,NITHIKA S,3rd Year,A,
2026-08-27,24UCS210,NITHIKA S,3rd Year,P,
2026-08-28,24UCS210,NITHIKA S,3rd Year,P,
2026-08-08,24UCS213,PRAVIN RAJA M,3rd Year,A,
2026-08-27,24UCS213,PRAVIN RAJA M,3rd Year,P,
2026-08-28,24UCS213,PRAVIN RAJA M,3rd Year,P,
2026-08-08,24UCS228,Samasthuti,3rd Year,A,
2026-08-27,24UCS228,Samasthuti,3rd Year,P,
2026-08-28,24UCS228,Samasthuti,3rd Year,P,
2026-08-08,24UCS245,SRIDHAR M,3rd Year,A,
2026-08-27,24UCS245,SRIDHAR M,3rd Year,P,
2026-08-28,24UCS245,SRIDHAR M,3rd Year,P,
2026-08-08,24UCS251,SUDHARSAN S,3rd Year,A,
2026-08-27,24UCS251,SUDHARSAN S,3rd Year,A,
2026-08-28,24UCS251,SUDHARSAN S,3rd Year,P,
2026-08-08,24UCS253,SWETHA P,3rd Year,P,
2026-08-27,24UCS253,SWETHA P,3rd Year,P,
2026-08-28,24UCS253,SWETHA P,3rd Year,P,
2026-08-08,24UCY107,ASWATH G,3rd Year,P,
2026-08-27,24UCY107,ASWATH G,3rd Year,P,
2026-08-28,24UCY107,ASWATH G,3rd Year,P,
2026-08-08,24UCY116,JEYAKRISHNA G,3rd Year,A,
2026-08-27,24UCY116,JEYAKRISHNA G,3rd Year,A,
2026-08-28,24UCY116,JEYAKRISHNA G,3rd Year,A,
2026-08-08,24UCY122,LAKSHAN KUMARESH V D,3rd Year,P,
2026-08-27,24UCY122,LAKSHAN KUMARESH V D,3rd Year,P,
2026-08-28,24UCY122,LAKSHAN KUMARESH V D,3rd Year,P,
2026-08-08,24UCY123,LALITH KUMAR V P,3rd Year,P,
2026-08-27,24UCY123,LALITH KUMAR V P,3rd Year,P,
2026-08-28,24UCY123,LALITH KUMAR V P,3rd Year,P,
2026-08-08,24UCY124,LOGA MUMMOORTHI S,3rd Year,P,
2026-08-27,24UCY124,LOGA MUMMOORTHI S,3rd Year,A,
2026-08-28,24UCY124,LOGA MUMMOORTHI S,3rd Year,P,
2026-08-08,24UCY135,PIRIYADHARSHINI L K,3rd Year,P,
2026-08-27,24UCY135,PIRIYADHARSHINI L K,3rd Year,P,
2026-08-28,24UCY135,PIRIYADHARSHINI L K,3rd Year,P,
2026-08-08,24UCY138,PRASAATH S,3rd Year,P,
2026-08-27,24UCY138,PRASAATH S,3rd Year,P,
2026-08-28,24UCY138,PRASAATH S,3rd Year,P,
2026-08-08,24UCY142,RITHISH S,3rd Year,P,
2026-08-27,24UCY142,RITHISH S,3rd Year,P,
2026-08-28,24UCY142,RITHISH S,3rd Year,P,
2026-08-08,24UCY152,SOWNDHAR D,3rd Year,A,
2026-08-27,24UCY152,SOWNDHAR D,3rd Year,A,
2026-08-28,24UCY152,SOWNDHAR D,3rd Year,P,
2026-08-08,24UCY163,ZUVAIRIYA SHIFA S,3rd Year,A,
2026-08-27,24UCY163,ZUVAIRIYA SHIFA S,3rd Year,P,
2026-08-28,24UCY163,ZUVAIRIYA SHIFA S,3rd Year,P,
2026-08-08,24UCY603,PRANETH S,3rd Year,P,
2026-08-27,24UCY603,PRANETH S,3rd Year,P,
2026-08-28,24UCY603,PRANETH S,3rd Year,P,
2026-08-08,24UCY605,YUVANESH S,3rd Year,P,
2026-08-27,24UCY605,YUVANESH S,3rd Year,P,
2026-08-28,24UCY605,YUVANESH S,3rd Year,P,
2026-08-08,24UEC124,DEEPAK M,3rd Year,P,
2026-08-27,24UEC124,DEEPAK M,3rd Year,A,
2026-08-28,24UEC124,DEEPAK M,3rd Year,P,
2026-08-08,24UEC138,JANAMEJAY M,3rd Year,A,
2026-08-27,24UEC138,JANAMEJAY M,3rd Year,P,
2026-08-28,24UEC138,JANAMEJAY M,3rd Year,A,
2026-08-08,24UEC143,KARTHICK RAJA R,3rd Year,A,
2026-08-27,24UEC143,KARTHICK RAJA R,3rd Year,P,
2026-08-28,24UEC143,KARTHICK RAJA R,3rd Year,P,
2026-08-08,24UEC603,KANISH V,3rd Year,A,
2026-08-27,24UEC603,KANISH V,3rd Year,P,
2026-08-28,24UEC603,KANISH V,3rd Year,P,
2026-08-08,24UIT102,ADARSH RAM K,3rd Year,A,
2026-08-27,24UIT102,ADARSH RAM K,3rd Year,A,
2026-08-28,24UIT102,ADARSH RAM K,3rd Year,P,
2026-08-08,24UIT105,ASHIGA EVANJELIN R,3rd Year,P,
2026-08-27,24UIT105,ASHIGA EVANJELIN R,3rd Year,P,
2026-08-28,24UIT105,ASHIGA EVANJELIN R,3rd Year,A,
2026-08-08,24UIT115,DHIYANAMOORTHY M,3rd Year,P,
2026-08-27,24UIT115,DHIYANAMOORTHY M,3rd Year,P,
2026-08-28,24UIT115,DHIYANAMOORTHY M,3rd Year,P,
2026-08-08,24UIT118,HANISH D,3rd Year,P,
2026-08-27,24UIT118,HANISH D,3rd Year,P,
2026-08-28,24UIT118,HANISH D,3rd Year,A,
2026-08-08,24UIT121,HEAMANTHRAJ S,3rd Year,A,
2026-08-27,24UIT121,HEAMANTHRAJ S,3rd Year,A,
2026-08-28,24UIT121,HEAMANTHRAJ S,3rd Year,A,
2026-08-08,24UIT149,SRI SELVA MIRUTHULA V J,3rd Year,A,
2026-08-27,24UIT149,SRI SELVA MIRUTHULA V J,3rd Year,A,
2026-08-28,24UIT149,SRI SELVA MIRUTHULA V J,3rd Year,A,
2026-08-08,24UME111,GOPI K,3rd Year,A,
2026-08-27,24UME111,GOPI K,3rd Year,P,
2026-08-28,24UME111,GOPI K,3rd Year,P,
2026-08-08,24UME154,SWETHARAN M,3rd Year,P,
2026-08-27,24UME154,SWETHARAN M,3rd Year,P,
2026-08-28,24UME154,SWETHARAN M,3rd Year,P,
2026-08-27,24UEC153,MADHAN PRASAD R,3rd Year,P,
2026-08-28,24UEC153,MADHAN PRASAD R,3rd Year,P,
2026-08-29,24UEC153,MADHAN PRASAD R,3rd Year,A,
2026-08-27,24UME101,ADHITHYA M,3rd Year,P,
2026-08-28,24UME101,ADHITHYA M,3rd Year,P,
2026-08-29,24UME101,ADHITHYA M,3rd Year,A,
2026-08-27,24UME103,ANJAN M,3rd Year,A,
2026-08-28,24UME103,ANJAN M,3rd Year,A,
2026-08-29,24UME103,ANJAN M,3rd Year,A,
2026-08-27,24UME104,ARAVINTHKUMAR P,3rd Year,P,
2026-08-28,24UME104,ARAVINTHKUMAR P,3rd Year,P,
2026-08-29,24UME104,ARAVINTHKUMAR P,3rd Year,P,
2026-08-27,24UME105,BALA NISHANTH M,3rd Year,A,
2026-08-28,24UME105,BALA NISHANTH M,3rd Year,A,
2026-08-29,24UME105,BALA NISHANTH M,3rd Year,A,
2026-08-27,24UME106,BALAVIGNESH A,3rd Year,A,
2026-08-28,24UME106,BALAVIGNESH A,3rd Year,P,
2026-08-29,24UME106,BALAVIGNESH A,3rd Year,P,
2026-08-27,24UME107,BRIJESH KRISHNA R,3rd Year,A,
2026-08-28,24UME107,BRIJESH KRISHNA R,3rd Year,A,
2026-08-29,24UME107,BRIJESH KRISHNA R,3rd Year,A,
2026-08-27,24UME108,S. Dhinesh,3rd Year,A,
2026-08-28,24UME108,S. Dhinesh,3rd Year,P,
2026-08-29,24UME108,S. Dhinesh,3rd Year,P,
2026-08-27,24UME109,GOKULNATH S,3rd Year,A,
2026-08-28,24UME109,GOKULNATH S,3rd Year,A,
2026-08-29,24UME109,GOKULNATH S,3rd Year,A,
2026-08-27,24UME110,GOKULPRASAD M,3rd Year,A,
2026-08-28,24UME110,GOKULPRASAD M,3rd Year,P,
2026-08-29,24UME110,GOKULPRASAD M,3rd Year,A,
2026-08-27,24UME112,HARI VIGNESH S,3rd Year,A,
2026-08-28,24UME112,HARI VIGNESH S,3rd Year,A,
2026-08-29,24UME112,HARI VIGNESH S,3rd Year,P,
2026-08-27,24UME114,JAIKANNAN S R,3rd Year,A,
2026-08-28,24UME114,JAIKANNAN S R,3rd Year,A,
2026-08-29,24UME114,JAIKANNAN S R,3rd Year,P,
2026-08-27,24UME116,JAYAVARMAN M,3rd Year,A,
2026-08-28,24UME116,JAYAVARMAN M,3rd Year,A,
2026-08-29,24UME116,JAYAVARMAN M,3rd Year,P,
2026-08-27,24UME119,KARTHIKEYAN T,3rd Year,A,
2026-08-28,24UME119,KARTHIKEYAN T,3rd Year,A,
2026-08-29,24UME119,KARTHIKEYAN T,3rd Year,P,
2026-08-27,24UME120,KAVIN KUMAR R,3rd Year,A,
2026-08-28,24UME120,KAVIN KUMAR R,3rd Year,A,
2026-08-29,24UME120,KAVIN KUMAR R,3rd Year,A,
2026-08-27,24UME122,KOUSHIK SARAN S,3rd Year,A,
2026-08-28,24UME122,KOUSHIK SARAN S,3rd Year,A,
2026-08-29,24UME122,KOUSHIK SARAN S,3rd Year,P,
2026-08-27,24UME123,LARA BENEDICT S,3rd Year,A,
2026-08-28,24UME123,LARA BENEDICT S,3rd Year,A,
2026-08-29,24UME123,LARA BENEDICT S,3rd Year,P,
2026-08-27,24UME124,MADESH S,3rd Year,A,
2026-08-28,24UME124,MADESH S,3rd Year,A,
2026-08-29,24UME124,MADESH S,3rd Year,A,
2026-08-27,24UME126,MANIKANDAN T,3rd Year,P,
2026-08-28,24UME126,MANIKANDAN T,3rd Year,P,
2026-08-29,24UME126,MANIKANDAN T,3rd Year,P,
2026-08-27,24UME131,MONISH RAHUL S,3rd Year,A,
2026-08-28,24UME131,MONISH RAHUL S,3rd Year,A,
2026-08-29,24UME131,MONISH RAHUL S,3rd Year,A,
2026-08-27,24UME132,MUKIL VELAN J,3rd Year,A,
2026-08-28,24UME132,MUKIL VELAN J,3rd Year,P,
2026-08-29,24UME132,MUKIL VELAN J,3rd Year,P,
2026-08-27,24UME134,NANDHITHA R,3rd Year,A,
2026-08-28,24UME134,NANDHITHA R,3rd Year,A,
2026-08-29,24UME134,NANDHITHA R,3rd Year,A,
2026-08-27,24UME136,NIRANJAN P S,3rd Year,A,
2026-08-28,24UME136,NIRANJAN P S,3rd Year,P,
2026-08-29,24UME136,NIRANJAN P S,3rd Year,A,
2026-08-27,24UME137,NISHANTH U,3rd Year,P,
2026-08-28,24UME137,NISHANTH U,3rd Year,P,
2026-08-29,24UME137,NISHANTH U,3rd Year,P,
2026-08-27,24UME139,NITISH KUMAR R,3rd Year,A,
2026-08-28,24UME139,NITISH KUMAR R,3rd Year,P,
2026-08-29,24UME139,NITISH KUMAR R,3rd Year,P,
2026-08-27,24UME140,PERIYASAMY M,3rd Year,A,
2026-08-28,24UME140,PERIYASAMY M,3rd Year,P,
2026-08-29,24UME140,PERIYASAMY M,3rd Year,P,
2026-08-27,24UME142,ROHITH M,3rd Year,A,
2026-08-28,24UME142,ROHITH M,3rd Year,A,
2026-08-29,24UME142,ROHITH M,3rd Year,P,
2026-08-27,24UME145,SANJAY RAM J,3rd Year,A,
2026-08-28,24UME145,SANJAY RAM J,3rd Year,A,
2026-08-29,24UME145,SANJAY RAM J,3rd Year,A,
2026-08-27,24UME147,SENTHILKUMARAN S,3rd Year,A,
2026-08-28,24UME147,SENTHILKUMARAN S,3rd Year,A,
2026-08-29,24UME147,SENTHILKUMARAN S,3rd Year,A,
2026-08-27,24UME148,SHREE MUGAN A,3rd Year,A,
2026-08-28,24UME148,SHREE MUGAN A,3rd Year,A,
2026-08-29,24UME148,SHREE MUGAN A,3rd Year,A,
2026-08-27,24UME149,SHRIDEEPAN K,3rd Year,A,
2026-08-28,24UME149,SHRIDEEPAN K,3rd Year,A,
2026-08-29,24UME149,SHRIDEEPAN K,3rd Year,A,
2026-08-27,24UME150,SIVA SANKAR S,3rd Year,A,
2026-08-28,24UME150,SIVA SANKAR S,3rd Year,A,
2026-08-29,24UME150,SIVA SANKAR S,3rd Year,A,
2026-08-27,24UME152,SUJIT KUMAR P,3rd Year,P,
2026-08-28,24UME152,SUJIT KUMAR P,3rd Year,P,
2026-08-29,24UME152,SUJIT KUMAR P,3rd Year,P,
2026-08-27,24UME153,SURIYA A,3rd Year,A,
2026-08-28,24UME153,SURIYA A,3rd Year,A,
2026-08-29,24UME153,SURIYA A,3rd Year,P,
2026-08-27,24UME155,THIRUVENKADAM R,3rd Year,A,
2026-08-28,24UME155,THIRUVENKADAM R,3rd Year,A,
2026-08-29,24UME155,THIRUVENKADAM R,3rd Year,A,
2026-08-27,24UME156,VIJAYA DHANUSH V,3rd Year,A,
2026-08-28,24UME156,VIJAYA DHANUSH V,3rd Year,A,
2026-08-29,24UME156,VIJAYA DHANUSH V,3rd Year,P,
2026-08-27,24UME157,VIKAASH S K,3rd Year,A,
2026-08-28,24UME157,VIKAASH S K,3rd Year,P,
2026-08-29,24UME157,VIKAASH S K,3rd Year,P,
2026-08-27,24UME158,VIKAS V,3rd Year,P,
2026-08-28,24UME158,VIKAS V,3rd Year,P,
2026-08-29,24UME158,VIKAS V,3rd Year,P,
2026-08-27,24UME159,VINOTHKUMAR S,3rd Year,P,
2026-08-28,24UME159,VINOTHKUMAR S,3rd Year,P,
2026-08-29,24UME159,VINOTHKUMAR S,3rd Year,P,
2026-08-27,24UME160,VISHNESHWARAN V,3rd Year,P,
2026-08-28,24UME160,VISHNESHWARAN V,3rd Year,A,
2026-08-29,24UME160,VISHNESHWARAN V,3rd Year,A,
2026-08-27,24UME602,DHAVENDRA M P,3rd Year,A,
2026-08-28,24UME602,DHAVENDRA M P,3rd Year,A,
2026-08-29,24UME602,DHAVENDRA M P,3rd Year,A,
2026-08-27,24UME603,ISAC DANIEL A,3rd Year,A,
2026-08-28,24UME603,ISAC DANIEL A,3rd Year,A,
2026-08-29,24UME603,ISAC DANIEL A,3rd Year,A,
2026-08-27,24UME604,JAYASURYA NARAYAN,3rd Year,A,
2026-08-28,24UME604,JAYASURYA NARAYAN,3rd Year,P,
2026-08-29,24UME604,JAYASURYA NARAYAN,3rd Year,P,
2026-08-27,24UME605,KAVIBALAN K,3rd Year,A,
2026-08-28,24UME605,KAVIBALAN K,3rd Year,A,
2026-08-29,24UME605,KAVIBALAN K,3rd Year,A,
2026-08-27,24UME607,KUBERAKEERTHI T,3rd Year,A,
2026-08-28,24UME607,KUBERAKEERTHI T,3rd Year,A,
2026-08-29,24UME607,KUBERAKEERTHI T,3rd Year,A,
2026-08-27,24UME608,SRI HARIHARASUDHAN G K,3rd Year,A,
2026-08-28,24UME608,SRI HARIHARASUDHAN G K,3rd Year,A,
2026-08-29,24UME608,SRI HARIHARASUDHAN G K,3rd Year,A,
2026-08-27,24UAD152,LOGESHWARI N,3rd Year,P,
2026-08-27,24UCS601,DEEPAVARTHINI S,3rd Year,P,
2026-08-27,24UCY117,JOEL P,3rd Year,P,
2026-08-27,24UCY132,NEGA M,3rd Year,P,
2026-08-27,24UEC101,AADIL MOHAMMED RAFI,3rd Year,P,
2026-08-27,24UEC103,ABDULLA J,3rd Year,P,
2026-08-27,24UEC104,ADITHIYAN K,3rd Year,P,
2026-08-27,24UEC105,AKCHAYA R,3rd Year,A,
2026-08-27,24UEC108,ANANTH S,3rd Year,P,
2026-08-27,24UEC109,ANDAL V,3rd Year,A,
2026-08-27,24UEC115,ARUN R,3rd Year,A,
2026-08-27,24UEC116,ARUNKUMAR P,3rd Year,A,
2026-08-27,24UEC117,ASHWIN K,3rd Year,P,
2026-08-27,24UEC118,BALAMURUGAN R,3rd Year,A,
2026-08-27,24UEC119,BHAAVANA K,3rd Year,P,
2026-08-27,24UEC121,BHAVASRI MAHALAKSHMI C,3rd Year,A,
2026-08-27,24UEC122,CHRISTOBER A,3rd Year,P,
2026-08-27,24UEC123,DAYALAN S,3rd Year,A,
2026-08-27,24UEC127,DHARINEESH P S,3rd Year,P,
2026-08-27,24UEC130,HARINE M,3rd Year,A,
2026-08-27,24UEC131,HARINI N,3rd Year,A,
2026-08-27,24UEC132,HARINIKA D R,3rd Year,P,
2026-08-27,24UEC133,HARISH S,3rd Year,P,
2026-08-27,24UEC134,HARSHITHA P,3rd Year,P,
2026-08-27,24UEC136,HARSHITHAA S V,3rd Year,P,
2026-08-27,24UEC137,HEERTHANA A S,3rd Year,A,
2026-08-27,24UEC140,KAMESH KUMAR M,3rd Year,P,
2026-08-27,24UEC144,KARTHIKEYAN C,3rd Year,P,
2026-08-27,24UEC147,KIRUTHIKA S,3rd Year,P,
2026-08-27,24UEC148,KISHORE B,3rd Year,P,
2026-08-27,24UEC149,KOUSHIK S V,3rd Year,A,
2026-08-27,24UEC150,KUMARAVEL T,3rd Year,P,
2026-08-27,24UEC154,MADHUBALA M,3rd Year,A,
2026-08-27,24UEC155,MAGESH R,3rd Year,P,
2026-08-27,24UEC156,MAHESWARI D,3rd Year,P,
2026-08-27,24UEC157,MANISHA BHARATHI V,3rd Year,P,
2026-08-27,24UEC158,MARZUK AHAMED S,3rd Year,P,
2026-08-27,24UEC159,MITHUN G,3rd Year,A,
2026-08-27,24UEC160,MOBIN K,3rd Year,P,
2026-08-27,24UEC161,MOHAMMED ARIF M,3rd Year,P,
2026-08-27,24UEC201,MUKIL KANNAN M,3rd Year,P,
2026-08-27,24UEC202,MUZAIBUDHDEEN I,3rd Year,P,
2026-08-27,24UEC203,MUZHUMATHI V,3rd Year,P,
2026-08-27,24UEC204,NADHIYA P,3rd Year,P,
2026-08-27,24UEC208,NAVIN KUMAR S,3rd Year,P,
2026-08-27,24UEC209,NISHANTH M,3rd Year,A,
2026-08-27,24UEC210,NITHIN K J,3rd Year,P,
2026-08-27,24UEC213,PADMAPRIYA A,3rd Year,P,
2026-08-27,24UEC214,PAVITHRA S,3rd Year,P,
2026-08-27,24UEC215,POORNITHA V,3rd Year,P,
2026-08-27,24UEC216,PRAVEEN SANKAR K,3rd Year,P,
2026-08-27,24UEC219,RAGUL S,3rd Year,A,
2026-08-27,24UEC223,RUBALAKSHMI S,3rd Year,P,
2026-08-27,24UEC224,SAHANA G,3rd Year,P,
2026-08-27,24UEC225,SAKTHI JAGADESHWARI K,3rd Year,P,
2026-08-27,24UEC226,SAKTHIVEL V,3rd Year,P,
2026-08-27,24UEC227,SAMIKSHA V,3rd Year,P,
2026-08-27,24UEC228,SANJAI KRISHNAN S,3rd Year,P,
2026-08-27,24UEC229,SANJAIBHARATHI P,3rd Year,P,
2026-08-27,24UEC234,SARAVANAN P,3rd Year,P,
2026-08-27,24UEC236,SAVITHIRI S,3rd Year,P,
2026-08-27,24UEC237,SHARINI S,3rd Year,P,
2026-08-27,24UEC238,SHRI DHANYA S B,3rd Year,P,
2026-08-27,24UEC239,SHRI KRISHNAMOORTHY S,3rd Year,P,
2026-08-27,24UEC240,SIBITHRA V,3rd Year,P,
2026-08-27,24UEC241,SONIKA SRI M,3rd Year,P,
2026-08-27,24UEC242,SOWDESWARI S,3rd Year,P,
2026-08-27,24UEC243,SREENIDHI A,3rd Year,P,
2026-08-27,24UEC244,SRI HARINI J,3rd Year,P,
2026-08-27,24UEC245,SRIDHAR P,3rd Year,A,
2026-08-27,24UEC246,SRIHARI S,3rd Year,P,
2026-08-27,24UEC249,SRIVIDHYA M,3rd Year,P,
2026-08-27,24UEC250,SRUTHI R,3rd Year,P,
2026-08-27,24UEC252,THAKSMITHA L S,3rd Year,P,
2026-08-27,24UEC253,Thaniyamirsa A,3rd Year,A,
2026-08-27,24UEC254,THANUSH A S,3rd Year,P,
2026-08-27,24UEC257,VEERANDER N,3rd Year,P,
2026-08-27,24UEC258,VIGNESH R,3rd Year,P,
2026-08-27,24UEC261,VISVA MITHA M,3rd Year,P,
2026-08-27,24UEC262,VIVIKSHA K,3rd Year,A,
2026-08-27,24UEC601,ARJUN S A,3rd Year,P,
2026-08-27,24UEC602,ASHWIN M,3rd Year,P,
2026-08-27,24UEC604,KARTHIKEYAN P,3rd Year,P,
2026-08-27,24UEC606,RAVICHANDRAN M,3rd Year,P,
2026-08-27,24UEC607,UMAR BAIG R,3rd Year,P,
2026-08-27,24UEC608,VIGNESH K,3rd Year,P,
2026-08-27,24UEC609,VIKASH S,3rd Year,P,
2026-08-27,24UEC610,YASHVANTH B,3rd Year,P,
2026-08-27,24UME113,HARIMADHAV S,3rd Year,A,
2026-08-27,24UME130,MONICA R,3rd Year,A,
2026-08-27,24UME133,MUPPULI M,3rd Year,P,
2026-08-27,24UME135,NANTHAGOPALAN S,3rd Year,A,
2026-08-27,24UME146,SANKARANARAYANAN E,3rd Year,A,
2026-08-27,24UME601,BHAVANESH S,3rd Year,A,
2026-08-27,24UME606,KIRUBHA SHANKAR K,3rd Year,P,
2026-08-03,No . of ABSENT,Unknown,3rd Year,H,30
2026-08-04,No . of ABSENT,Unknown,3rd Year,H,95
2026-08-05,No . of ABSENT,Unknown,3rd Year,H,6
2026-08-06,No . of ABSENT,Unknown,3rd Year,H,4
2026-08-07,No . of ABSENT,Unknown,3rd Year,H,8
2026-08-08,No . of ABSENT,Unknown,3rd Year,H,0
2026-08-09,No . of ABSENT,Unknown,3rd Year,H,0
2026-08-10,No . of ABSENT,Unknown,3rd Year,H,6
2026-08-11,No . of ABSENT,Unknown,3rd Year,H,11
2026-08-12,No . of ABSENT,Unknown,3rd Year,H,7
2026-08-13,No . of ABSENT,Unknown,3rd Year,H,9
2026-08-14,No . of ABSENT,Unknown,3rd Year,H,31
2026-08-15,No . of ABSENT,Unknown,3rd Year,H,0
2026-08-16,No . of ABSENT,Unknown,3rd Year,H,0
2026-08-17,No . of ABSENT,Unknown,3rd Year,H,23
2026-08-18,No . of ABSENT,Unknown,3rd Year,H,21
2026-08-19,No . of ABSENT,Unknown,3rd Year,H,22
2026-08-20,No . of ABSENT,Unknown,3rd Year,H,0
2026-08-21,No . of ABSENT,Unknown,3rd Year,H,19
2026-08-22,No . of ABSENT,Unknown,3rd Year,H,0
2026-08-23,No . of ABSENT,Unknown,3rd Year,H,0
2026-08-24,No . of ABSENT,Unknown,3rd Year,H,33
2026-08-25,No . of ABSENT,Unknown,3rd Year,H,43
2026-08-26,No . of ABSENT,Unknown,3rd Year,H,0
2026-08-27,No . of ABSENT,Unknown,3rd Year,H,23
2026-08-28,No . of ABSENT,Unknown,3rd Year,H,0
2026-08-29,No . of ABSENT,Unknown,3rd Year,H,0
2026-08-30,No . of ABSENT,Unknown,3rd Year,H,0
2026-08-31,No . of ABSENT,Unknown,3rd Year,H,0
2026-09-01,No . of ABSENT,Unknown,3rd Year,H,0
2026-09-02,No . of ABSENT,Unknown,3rd Year,H,0
2026-09-03,No . of ABSENT,Unknown,3rd Year,H,0
2026-09-04,No . of ABSENT,Unknown,3rd Year,H,0
2026-09-05,No . of ABSENT,Unknown,3rd Year,H,0
2026-09-06,No . of ABSENT,Unknown,3rd Year,H,0
2026-09-07,No . of ABSENT,Unknown,3rd Year,H,45
2026-09-08,No . of ABSENT,Unknown,3rd Year,H,23
2026-09-09,No . of ABSENT,Unknown,3rd Year,H,26
2026-09-10,No . of ABSENT,Unknown,3rd Year,H,18
2026-09-11,No . of ABSENT,Unknown,3rd Year,H,24
2026-09-12,No . of ABSENT,Unknown,3rd Year,H,0
2026-09-13,No . of ABSENT,Unknown,3rd Year,H,0
2026-09-14,No . of ABSENT,Unknown,3rd Year,H,0
2026-09-15,No . of ABSENT,Unknown,3rd Year,H,43
2026-09-16,No . of ABSENT,Unknown,3rd Year,H,24
2026-09-17,No . of ABSENT,Unknown,3rd Year,H,25
2026-09-18,No . of ABSENT,Unknown,3rd Year,H,23
2026-09-19,No . of ABSENT,Unknown,3rd Year,H,0
2026-09-20,No . of ABSENT,Unknown,3rd Year,H,0
2026-09-21,No . of ABSENT,Unknown,3rd Year,H,27
2026-09-22,No . of ABSENT,Unknown,3rd Year,H,24
2026-09-23,No . of ABSENT,Unknown,3rd Year,H,21
2026-09-24,No . of ABSENT,Unknown,3rd Year,H,25
2026-09-25,No . of ABSENT,Unknown,3rd Year,H,25
2026-09-26,No . of ABSENT,Unknown,3rd Year,H,0
2026-09-27,No . of ABSENT,Unknown,3rd Year,H,0
2026-09-28,No . of ABSENT,Unknown,3rd Year,H,22
2026-09-29,No . of ABSENT,Unknown,3rd Year,H,20
2026-09-30,No . of ABSENT,Unknown,3rd Year,H,20
2026-10-01,No . of ABSENT,Unknown,3rd Year,H,28
2026-10-02,No . of ABSENT,Unknown,3rd Year,H,0
2026-10-03,No . of ABSENT,Unknown,3rd Year,H,0
2026-10-04,No . of ABSENT,Unknown,3rd Year,H,0
2026-10-05,No . of ABSENT,Unknown,3rd Year,H,36
2026-10-06,No . of ABSENT,Unknown,3rd Year,H,0
2026-10-07,No . of ABSENT,Unknown,3rd Year,H,0
2026-10-08,No . of ABSENT,Unknown,3rd Year,H,0
2026-10-09,No . of ABSENT,Unknown,3rd Year,H,0
2026-10-10,No . of ABSENT,Unknown,3rd Year,H,0
2026-10-11,No . of ABSENT,Unknown,3rd Year,H,0
2026-10-12,No . of ABSENT,Unknown,3rd Year,H,0
2026-10-13,No . of ABSENT,Unknown,3rd Year,H,0
2026-10-14,No . of ABSENT,Unknown,3rd Year,H,0
2026-10-15,No . of ABSENT,Unknown,3rd Year,H,0
2026-10-16,No . of ABSENT,Unknown,3rd Year,H,0
2026-10-17,No . of ABSENT,Unknown,3rd Year,H,0
2026-10-18,No . of ABSENT,Unknown,3rd Year,H,0
2026-10-19,No . of ABSENT,Unknown,3rd Year,H,0
2026-10-20,No . of ABSENT,Unknown,3rd Year,H,0
2026-10-21,No . of ABSENT,Unknown,3rd Year,H,0
2026-10-22,No . of ABSENT,Unknown,3rd Year,H,0
2026-10-23,No . of ABSENT,Unknown,3rd Year,H,0
2026-10-24,No . of ABSENT,Unknown,3rd Year,H,0
2026-10-25,No . of ABSENT,Unknown,3rd Year,H,0
2026-10-26,No . of ABSENT,Unknown,3rd Year,H,0
2026-10-27,No . of ABSENT,Unknown,3rd Year,H,0
2026-10-28,No . of ABSENT,Unknown,3rd Year,H,0
2026-10-29,No . of ABSENT,Unknown,3rd Year,H,0
2026-10-30,No . of ABSENT,Unknown,3rd Year,H,0
2026-10-31,No . of ABSENT,Unknown,3rd Year,H,0
2026-11-01,No . of ABSENT,Unknown,3rd Year,H,0
2026-11-02,No . of ABSENT,Unknown,3rd Year,H,0
2026-11-03,No . of ABSENT,Unknown,3rd Year,H,0
2026-11-04,No . of ABSENT,Unknown,3rd Year,H,0
2026-11-05,No . of ABSENT,Unknown,3rd Year,H,0
2026-11-06,No . of ABSENT,Unknown,3rd Year,H,0
2026-11-07,No . of ABSENT,Unknown,3rd Year,H,0
2026-11-08,No . of ABSENT,Unknown,3rd Year,H,0
2026-11-09,No . of ABSENT,Unknown,3rd Year,H,0
2026-11-10,No . of ABSENT,Unknown,3rd Year,H,0
2026-11-11,No . of ABSENT,Unknown,3rd Year,H,0
2026-11-12,No . of ABSENT,Unknown,3rd Year,H,0
2026-11-13,No . of ABSENT,Unknown,3rd Year,H,0
2026-11-14,No . of ABSENT,Unknown,3rd Year,H,0
2026-11-15,No . of ABSENT,Unknown,3rd Year,H,0
2026-11-16,No . of ABSENT,Unknown,3rd Year,H,0
2026-11-17,No . of ABSENT,Unknown,3rd Year,H,0
2026-11-18,No . of ABSENT,Unknown,3rd Year,H,0
2026-11-19,No . of ABSENT,Unknown,3rd Year,H,0
2026-11-20,No . of ABSENT,Unknown,3rd Year,H,0
2026-11-21,No . of ABSENT,Unknown,3rd Year,H,0
2026-11-22,No . of ABSENT,Unknown,3rd Year,H,0
2026-11-23,No . of ABSENT,Unknown,3rd Year,H,0
2026-11-24,No . of ABSENT,Unknown,3rd Year,H,0
2026-11-25,No . of ABSENT,Unknown,3rd Year,H,0
2026-11-26,No . of ABSENT,Unknown,3rd Year,H,0
2026-11-27,No . of ABSENT,Unknown,3rd Year,H,0
2026-11-28,No . of ABSENT,Unknown,3rd Year,H,0
2026-11-29,No . of ABSENT,Unknown,3rd Year,H,0
2026-11-30,No . of ABSENT,Unknown,3rd Year,H,0
2026-12-01,No . of ABSENT,Unknown,3rd Year,H,0
2026-12-02,No . of ABSENT,Unknown,3rd Year,H,0
2026-12-03,No . of ABSENT,Unknown,3rd Year,H,0
2026-12-04,No . of ABSENT,Unknown,3rd Year,H,0
2026-08-27,24UAD229,SAMRUTHI G P,3rd Year,P,
2026-08-27,24UAD248,SUBISH SUGEENDARSINGH S A,3rd Year,P,
2026-08-27,24UCB105,AKILA R,3rd Year,P,
2026-08-27,24UCB108,BAVANISHA V,3rd Year,P,
2026-08-27,24UCB109,BOOMIKA S N,3rd Year,P,
2026-08-27,24UCB116,HASIKA B,3rd Year,P,
2026-08-27,24UCB127,MOHAMED FAIZAL A,3rd Year,P,
2026-08-27,24UCB129,MONISHA K,3rd Year,A,
2026-08-27,24UCB131,MUTHAMIL ARASI M,3rd Year,P,
2026-08-27,24UCB154,SIVA RAMA LAKSHMI C,3rd Year,P,
2026-08-27,24UCB155,SUDARSHAN S,3rd Year,P,
2026-08-27,24UCB603,NETHRA K,3rd Year,P,
2026-08-27,24UCS107,ANBU V,3rd Year,P,
2026-08-27,24UCS111,ARJUN S,3rd Year,P,
2026-08-27,24UCS113,ASHRUDI V,3rd Year,A,
2026-08-27,24UCS117,BALASUBRAMANIYAN S,3rd Year,A,
2026-08-27,24UCS129,DURGESH S K,3rd Year,P,
2026-08-27,24UCS143,JEREMIAH JEFRY G,3rd Year,A,
2026-08-27,24UCS144,JERIL A,3rd Year,P,
2026-08-27,24UCS152,KARTHIKEYAN S N,3rd Year,P,
2026-08-27,24UCS153,KAVIN V,3rd Year,P,
2026-08-27,24UCS154,KISHORE S,3rd Year,P,
2026-08-27,24UCS158,MANISHA S,3rd Year,P,
2026-08-27,24UCS216,PRIYANGA S S,3rd Year,P,
2026-08-27,24UCS239,SHEWANTHI JENIFER CHRISTIANA,3rd Year,P,
2026-08-27,24UCS240,SHOBIK M R,3rd Year,P,
2026-08-27,24UCS257,THIKSANA P,3rd Year,P,
2026-08-27,24UCS261,VISALAKSHI R,3rd Year,P,
2026-08-27,24UCS604,KAVIN R,3rd Year,P,
2026-08-27,24UCS608,SANTHOSH R,3rd Year,P,
2026-08-27,24UCS609,SRISHANTH S,3rd Year,P,
2026-08-27,24UCY148,SANTHIYA A,3rd Year,P,
2026-08-27,24UCY153,SREEHARI M,3rd Year,A,
2026-08-27,24UEC110,ANGEL TAMILARASI P,3rd Year,A,
2026-08-27,24UEC114,ANUSUYA A,3rd Year,P,
2026-08-27,24UEC163,MONISHPRABHU A L,3rd Year,P,
2026-08-27,24UEC222,ROSHANA R,3rd Year,P,
2026-08-27,24UIT117,GURUVASAN J,3rd Year,P,
2026-08-27,24UIT141,RAZHMIKA J,3rd Year,A,
2026-08-27,24UIT154,SUTHANTHIRAN S,3rd Year,P,
2026-08-27,24UIT604,SRI SHRAN R,3rd Year,P,
2026-08-27,24UIT701,ARULKUMAR S,3rd Year,P,